"GEO_ID","NAME","P15_001N","P15_002N","P15_003N",
"Geography","Geographic Area Name"," !!Total:"," !!Total:!!Under 18 years"," !!Total:!!18 years and over",
"1500000US481130001001","Block Group 1; Census Tract 1; Dallas County; Texas","1382","280","1102",
"1500000US481130001002","Block Group 2; Census Tract 1; Dallas County; Texas","1757","470","1287",
"1500000US481130001003","Block Group 3; Census Tract 1; Dallas County; Texas","1334","421","913",
"1500000US481130002011","Block Group 1; Census Tract 2.01; Dallas County; Texas","937","182","755",
"1500000US481130002012","Block Group 2; Census Tract 2.01; Dallas County; Texas","1246","303","943",
"1500000US481130002013","Block Group 3; Census Tract 2.01; Dallas County; Texas","990","305","685",
"1500000US481130002021","Block Group 1; Census Tract 2.02; Dallas County; Texas","870","144","726",
"1500000US481130002022","Block Group 2; Census Tract 2.02; Dallas County; Texas","1389","324","1065",
"1500000US481130002023","Block Group 3; Census Tract 2.02; Dallas County; Texas","1535","250","1285",
"1500000US481130003001","Block Group 1; Census Tract 3; Dallas County; Texas","1513","261","1252",
"1500000US481130003002","Block Group 2; Census Tract 3; Dallas County; Texas","1391","287","1104",
"1500000US481130003003","Block Group 3; Census Tract 3; Dallas County; Texas","982","105","877",
"1500000US481130003004","Block Group 4; Census Tract 3; Dallas County; Texas","706","53","653",
"1500000US481130004011","Block Group 1; Census Tract 4.01; Dallas County; Texas","1289","334","955",
"1500000US481130004012","Block Group 2; Census Tract 4.01; Dallas County; Texas","1110","277","833",
"1500000US481130004013","Block Group 3; Census Tract 4.01; Dallas County; Texas","16","4","12",
"1500000US481130004014","Block Group 4; Census Tract 4.01; Dallas County; Texas","1936","125","1811",
"1500000US481130004051","Block Group 1; Census Tract 4.05; Dallas County; Texas","1147","137","1010",
"1500000US481130004052","Block Group 2; Census Tract 4.05; Dallas County; Texas","1084","230","854",
"1500000US481130004071","Block Group 1; Census Tract 4.07; Dallas County; Texas","1108","224","884",
"1500000US481130004072","Block Group 2; Census Tract 4.07; Dallas County; Texas","975","90","885",
"1500000US481130004081","Block Group 1; Census Tract 4.08; Dallas County; Texas","830","35","795",
"1500000US481130004082","Block Group 2; Census Tract 4.08; Dallas County; Texas","1358","78","1280",
"1500000US481130004091","Block Group 1; Census Tract 4.09; Dallas County; Texas","0","0","0",
"1500000US481130004092","Block Group 2; Census Tract 4.09; Dallas County; Texas","3919","262","3657",
"1500000US481130004101","Block Group 1; Census Tract 4.10; Dallas County; Texas","1233","290","943",
"1500000US481130004102","Block Group 2; Census Tract 4.10; Dallas County; Texas","1709","410","1299",
"1500000US481130004103","Block Group 3; Census Tract 4.10; Dallas County; Texas","1912","496","1416",
"1500000US481130005011","Block Group 1; Census Tract 5.01; Dallas County; Texas","1024","30","994",
"1500000US481130005012","Block Group 2; Census Tract 5.01; Dallas County; Texas","926","39","887",
"1500000US481130005021","Block Group 1; Census Tract 5.02; Dallas County; Texas","1407","22","1385",
"1500000US481130005022","Block Group 2; Census Tract 5.02; Dallas County; Texas","1069","35","1034",
"1500000US481130005031","Block Group 1; Census Tract 5.03; Dallas County; Texas","1141","37","1104",
"1500000US481130005032","Block Group 2; Census Tract 5.03; Dallas County; Texas","1611","71","1540",
"1500000US481130006051","Block Group 1; Census Tract 6.05; Dallas County; Texas","897","30","867",
"1500000US481130006052","Block Group 2; Census Tract 6.05; Dallas County; Texas","582","14","568",
"1500000US481130006053","Block Group 3; Census Tract 6.05; Dallas County; Texas","925","17","908",
"1500000US481130006061","Block Group 1; Census Tract 6.06; Dallas County; Texas","1379","86","1293",
"1500000US481130006062","Block Group 2; Census Tract 6.06; Dallas County; Texas","970","43","927",
"1500000US481130006063","Block Group 3; Census Tract 6.06; Dallas County; Texas","821","15","806",
"1500000US481130006071","Block Group 1; Census Tract 6.07; Dallas County; Texas","899","46","853",
"1500000US481130006072","Block Group 2; Census Tract 6.07; Dallas County; Texas","1245","56","1189",
"1500000US481130006081","Block Group 1; Census Tract 6.08; Dallas County; Texas","1088","67","1021",
"1500000US481130006082","Block Group 2; Census Tract 6.08; Dallas County; Texas","1032","60","972",
"1500000US481130006091","Block Group 1; Census Tract 6.09; Dallas County; Texas","1878","138","1740",
"1500000US481130006101","Block Group 1; Census Tract 6.10; Dallas County; Texas","611","96","515",
"1500000US481130006102","Block Group 2; Census Tract 6.10; Dallas County; Texas","1315","256","1059",
"1500000US481130006111","Block Group 1; Census Tract 6.11; Dallas County; Texas","1092","145","947",
"1500000US481130006112","Block Group 2; Census Tract 6.11; Dallas County; Texas","1336","85","1251",
"1500000US481130007031","Block Group 1; Census Tract 7.03; Dallas County; Texas","1410","70","1340",
"1500000US481130007032","Block Group 2; Census Tract 7.03; Dallas County; Texas","1707","65","1642",
"1500000US481130007041","Block Group 1; Census Tract 7.04; Dallas County; Texas","1165","55","1110",
"1500000US481130007042","Block Group 2; Census Tract 7.04; Dallas County; Texas","1806","33","1773",
"1500000US481130007051","Block Group 1; Census Tract 7.05; Dallas County; Texas","774","25","749",
"1500000US481130007052","Block Group 2; Census Tract 7.05; Dallas County; Texas","1074","28","1046",
"1500000US481130007061","Block Group 1; Census Tract 7.06; Dallas County; Texas","1141","40","1101",
"1500000US481130007062","Block Group 2; Census Tract 7.06; Dallas County; Texas","1057","44","1013",
"1500000US481130008011","Block Group 1; Census Tract 8.01; Dallas County; Texas","1081","238","843",
"1500000US481130008012","Block Group 2; Census Tract 8.01; Dallas County; Texas","1516","220","1296",
"1500000US481130008013","Block Group 3; Census Tract 8.01; Dallas County; Texas","994","264","730",
"1500000US481130008021","Block Group 1; Census Tract 8.02; Dallas County; Texas","1757","121","1636",
"1500000US481130008022","Block Group 2; Census Tract 8.02; Dallas County; Texas","1537","283","1254",
"1500000US481130009011","Block Group 1; Census Tract 9.01; Dallas County; Texas","1135","27","1108",
"1500000US481130009012","Block Group 2; Census Tract 9.01; Dallas County; Texas","1456","122","1334",
"1500000US481130009021","Block Group 1; Census Tract 9.02; Dallas County; Texas","918","101","817",
"1500000US481130009022","Block Group 2; Census Tract 9.02; Dallas County; Texas","944","60","884",
"1500000US481130009023","Block Group 3; Census Tract 9.02; Dallas County; Texas","950","56","894",
"1500000US481130010011","Block Group 1; Census Tract 10.01; Dallas County; Texas","1027","138","889",
"1500000US481130010012","Block Group 2; Census Tract 10.01; Dallas County; Texas","883","125","758",
"1500000US481130010021","Block Group 1; Census Tract 10.02; Dallas County; Texas","875","129","746",
"1500000US481130010022","Block Group 2; Census Tract 10.02; Dallas County; Texas","1241","153","1088",
"1500000US481130011011","Block Group 1; Census Tract 11.01; Dallas County; Texas","839","67","772",
"1500000US481130011012","Block Group 2; Census Tract 11.01; Dallas County; Texas","1097","176","921",
"1500000US481130011013","Block Group 3; Census Tract 11.01; Dallas County; Texas","1113","97","1016",
"1500000US481130011014","Block Group 4; Census Tract 11.01; Dallas County; Texas","722","99","623",
"1500000US481130011021","Block Group 1; Census Tract 11.02; Dallas County; Texas","941","125","816",
"1500000US481130011022","Block Group 2; Census Tract 11.02; Dallas County; Texas","1464","360","1104",
"1500000US481130012021","Block Group 1; Census Tract 12.02; Dallas County; Texas","819","140","679",
"1500000US481130012022","Block Group 2; Census Tract 12.02; Dallas County; Texas","1279","120","1159",
"1500000US481130012023","Block Group 3; Census Tract 12.02; Dallas County; Texas","1518","399","1119",
"1500000US481130012031","Block Group 1; Census Tract 12.03; Dallas County; Texas","1370","329","1041",
"1500000US481130012041","Block Group 1; Census Tract 12.04; Dallas County; Texas","2284","531","1753",
"1500000US481130013011","Block Group 1; Census Tract 13.01; Dallas County; Texas","776","57","719",
"1500000US481130013012","Block Group 2; Census Tract 13.01; Dallas County; Texas","1124","188","936",
"1500000US481130013013","Block Group 3; Census Tract 13.01; Dallas County; Texas","739","142","597",
"1500000US481130013021","Block Group 1; Census Tract 13.02; Dallas County; Texas","1490","272","1218",
"1500000US481130013022","Block Group 2; Census Tract 13.02; Dallas County; Texas","1075","216","859",
"1500000US481130014001","Block Group 1; Census Tract 14; Dallas County; Texas","1394","271","1123",
"1500000US481130014002","Block Group 2; Census Tract 14; Dallas County; Texas","768","198","570",
"1500000US481130014003","Block Group 3; Census Tract 14; Dallas County; Texas","1215","216","999",
"1500000US481130015021","Block Group 1; Census Tract 15.02; Dallas County; Texas","808","198","610",
"1500000US481130015022","Block Group 2; Census Tract 15.02; Dallas County; Texas","806","207","599",
"1500000US481130015023","Block Group 3; Census Tract 15.02; Dallas County; Texas","1126","154","972",
"1500000US481130015031","Block Group 1; Census Tract 15.03; Dallas County; Texas","538","47","491",
"1500000US481130015032","Block Group 2; Census Tract 15.03; Dallas County; Texas","599","73","526",
"1500000US481130015033","Block Group 3; Census Tract 15.03; Dallas County; Texas","733","69","664",
"1500000US481130015041","Block Group 1; Census Tract 15.04; Dallas County; Texas","1595","219","1376",
"1500000US481130015042","Block Group 2; Census Tract 15.04; Dallas County; Texas","798","87","711",
"1500000US481130016011","Block Group 1; Census Tract 16.01; Dallas County; Texas","3249","656","2593",
"1500000US481130016021","Block Group 1; Census Tract 16.02; Dallas County; Texas","911","62","849",
"1500000US481130016022","Block Group 2; Census Tract 16.02; Dallas County; Texas","1535","79","1456",
"1500000US481130017031","Block Group 1; Census Tract 17.03; Dallas County; Texas","1625","32","1593",
"1500000US481130017032","Block Group 2; Census Tract 17.03; Dallas County; Texas","1618","86","1532",
"1500000US481130017033","Block Group 3; Census Tract 17.03; Dallas County; Texas","1312","47","1265",
"1500000US481130017051","Block Group 1; Census Tract 17.05; Dallas County; Texas","3093","153","2940",
"1500000US481130018011","Block Group 1; Census Tract 18.01; Dallas County; Texas","1310","35","1275",
"1500000US481130018012","Block Group 2; Census Tract 18.01; Dallas County; Texas","1453","51","1402",
"1500000US481130018021","Block Group 1; Census Tract 18.02; Dallas County; Texas","2181","55","2126",
"1500000US481130018022","Block Group 2; Census Tract 18.02; Dallas County; Texas","1199","37","1162",
"1500000US481130019011","Block Group 1; Census Tract 19.01; Dallas County; Texas","1680","60","1620",
"1500000US481130019012","Block Group 2; Census Tract 19.01; Dallas County; Texas","896","12","884",
"1500000US481130019013","Block Group 3; Census Tract 19.01; Dallas County; Texas","1488","65","1423",
"1500000US481130019021","Block Group 1; Census Tract 19.02; Dallas County; Texas","1283","57","1226",
"1500000US481130019022","Block Group 2; Census Tract 19.02; Dallas County; Texas","4695","268","4427",
"1500000US481130020011","Block Group 1; Census Tract 20.01; Dallas County; Texas","929","190","739",
"1500000US481130020012","Block Group 2; Census Tract 20.01; Dallas County; Texas","1785","192","1593",
"1500000US481130020021","Block Group 1; Census Tract 20.02; Dallas County; Texas","1210","322","888",
"1500000US481130020022","Block Group 2; Census Tract 20.02; Dallas County; Texas","1254","320","934",
"1500000US481130021001","Block Group 1; Census Tract 21; Dallas County; Texas","2709","179","2530",
"1500000US481130022001","Block Group 1; Census Tract 22; Dallas County; Texas","722","44","678",
"1500000US481130022002","Block Group 2; Census Tract 22; Dallas County; Texas","597","25","572",
"1500000US481130022003","Block Group 3; Census Tract 22; Dallas County; Texas","1306","179","1127",
"1500000US481130024001","Block Group 1; Census Tract 24; Dallas County; Texas","886","177","709",
"1500000US481130024002","Block Group 2; Census Tract 24; Dallas County; Texas","1272","308","964",
"1500000US481130024003","Block Group 3; Census Tract 24; Dallas County; Texas","1319","347","972",
"1500000US481130025001","Block Group 1; Census Tract 25; Dallas County; Texas","1478","328","1150",
"1500000US481130025002","Block Group 2; Census Tract 25; Dallas County; Texas","1381","337","1044",
"1500000US481130025003","Block Group 3; Census Tract 25; Dallas County; Texas","1294","339","955",
"1500000US481130025004","Block Group 4; Census Tract 25; Dallas County; Texas","1526","398","1128",
"1500000US481130027031","Block Group 1; Census Tract 27.03; Dallas County; Texas","1367","347","1020",
"1500000US481130027032","Block Group 2; Census Tract 27.03; Dallas County; Texas","1779","413","1366",
"1500000US481130027033","Block Group 3; Census Tract 27.03; Dallas County; Texas","2310","776","1534",
"1500000US481130031021","Block Group 1; Census Tract 31.02; Dallas County; Texas","1233","77","1156",
"1500000US481130031031","Block Group 1; Census Tract 31.03; Dallas County; Texas","2482","188","2294",
"1500000US481130037001","Block Group 1; Census Tract 37; Dallas County; Texas","1597","351","1246",
"1500000US481130037002","Block Group 2; Census Tract 37; Dallas County; Texas","1948","425","1523",
"1500000US481130042011","Block Group 1; Census Tract 42.01; Dallas County; Texas","1594","323","1271",
"1500000US481130042012","Block Group 2; Census Tract 42.01; Dallas County; Texas","1820","236","1584",
"1500000US481130042013","Block Group 3; Census Tract 42.01; Dallas County; Texas","1084","194","890",
"1500000US481130042021","Block Group 1; Census Tract 42.02; Dallas County; Texas","1323","287","1036",
"1500000US481130042022","Block Group 2; Census Tract 42.02; Dallas County; Texas","994","169","825",
"1500000US481130043001","Block Group 1; Census Tract 43; Dallas County; Texas","5459","635","4824",
"1500000US481130044001","Block Group 1; Census Tract 44; Dallas County; Texas","1244","217","1027",
"1500000US481130044002","Block Group 2; Census Tract 44; Dallas County; Texas","1216","199","1017",
"1500000US481130044003","Block Group 3; Census Tract 44; Dallas County; Texas","812","183","629",
"1500000US481130045001","Block Group 1; Census Tract 45; Dallas County; Texas","1431","378","1053",
"1500000US481130045002","Block Group 2; Census Tract 45; Dallas County; Texas","1481","243","1238",
"1500000US481130045003","Block Group 3; Census Tract 45; Dallas County; Texas","2497","661","1836",
"1500000US481130046001","Block Group 1; Census Tract 46; Dallas County; Texas","1713","306","1407",
"1500000US481130047001","Block Group 1; Census Tract 47; Dallas County; Texas","1320","328","992",
"1500000US481130047002","Block Group 2; Census Tract 47; Dallas County; Texas","1177","254","923",
"1500000US481130048001","Block Group 1; Census Tract 48; Dallas County; Texas","1534","482","1052",
"1500000US481130048002","Block Group 2; Census Tract 48; Dallas County; Texas","927","279","648",
"1500000US481130050001","Block Group 1; Census Tract 50; Dallas County; Texas","1529","351","1178",
"1500000US481130050002","Block Group 2; Census Tract 50; Dallas County; Texas","1847","471","1376",
"1500000US481130051001","Block Group 1; Census Tract 51; Dallas County; Texas","1139","273","866",
"1500000US481130051002","Block Group 2; Census Tract 51; Dallas County; Texas","1412","376","1036",
"1500000US481130052001","Block Group 1; Census Tract 52; Dallas County; Texas","1576","381","1195",
"1500000US481130052002","Block Group 2; Census Tract 52; Dallas County; Texas","2475","654","1821",
"1500000US481130053001","Block Group 1; Census Tract 53; Dallas County; Texas","1599","420","1179",
"1500000US481130053002","Block Group 2; Census Tract 53; Dallas County; Texas","1330","288","1042",
"1500000US481130053003","Block Group 3; Census Tract 53; Dallas County; Texas","1424","350","1074",
"1500000US481130053004","Block Group 4; Census Tract 53; Dallas County; Texas","2226","564","1662",
"1500000US481130054001","Block Group 1; Census Tract 54; Dallas County; Texas","1317","387","930",
"1500000US481130054002","Block Group 2; Census Tract 54; Dallas County; Texas","2116","527","1589",
"1500000US481130054003","Block Group 3; Census Tract 54; Dallas County; Texas","1969","479","1490",
"1500000US481130055001","Block Group 1; Census Tract 55; Dallas County; Texas","1217","332","885",
"1500000US481130055002","Block Group 2; Census Tract 55; Dallas County; Texas","1558","471","1087",
"1500000US481130055003","Block Group 3; Census Tract 55; Dallas County; Texas","1356","303","1053",
"1500000US481130056001","Block Group 1; Census Tract 56; Dallas County; Texas","2041","604","1437",
"1500000US481130056002","Block Group 2; Census Tract 56; Dallas County; Texas","2402","789","1613",
"1500000US481130056003","Block Group 3; Census Tract 56; Dallas County; Texas","2577","793","1784",
"1500000US481130057001","Block Group 1; Census Tract 57; Dallas County; Texas","1809","486","1323",
"1500000US481130057002","Block Group 2; Census Tract 57; Dallas County; Texas","1688","541","1147",
"1500000US481130057003","Block Group 3; Census Tract 57; Dallas County; Texas","2013","630","1383",
"1500000US481130059011","Block Group 1; Census Tract 59.01; Dallas County; Texas","1277","351","926",
"1500000US481130059012","Block Group 2; Census Tract 59.01; Dallas County; Texas","2703","688","2015",
"1500000US481130059013","Block Group 3; Census Tract 59.01; Dallas County; Texas","1709","447","1262",
"1500000US481130059021","Block Group 1; Census Tract 59.02; Dallas County; Texas","1408","400","1008",
"1500000US481130059022","Block Group 2; Census Tract 59.02; Dallas County; Texas","1248","335","913",
"1500000US481130059023","Block Group 3; Census Tract 59.02; Dallas County; Texas","1381","335","1046",
"1500000US481130060011","Block Group 1; Census Tract 60.01; Dallas County; Texas","897","280","617",
"1500000US481130060012","Block Group 2; Census Tract 60.01; Dallas County; Texas","2893","850","2043",
"1500000US481130060021","Block Group 1; Census Tract 60.02; Dallas County; Texas","1251","312","939",
"1500000US481130060022","Block Group 2; Census Tract 60.02; Dallas County; Texas","2131","698","1433",
"1500000US481130060023","Block Group 3; Census Tract 60.02; Dallas County; Texas","1825","568","1257",
"1500000US481130061001","Block Group 1; Census Tract 61; Dallas County; Texas","2544","775","1769",
"1500000US481130061002","Block Group 2; Census Tract 61; Dallas County; Texas","1921","443","1478",
"1500000US481130062001","Block Group 1; Census Tract 62; Dallas County; Texas","2231","607","1624",
"1500000US481130062002","Block Group 2; Census Tract 62; Dallas County; Texas","1506","398","1108",
"1500000US481130062003","Block Group 3; Census Tract 62; Dallas County; Texas","2480","789","1691",
"1500000US481130063011","Block Group 1; Census Tract 63.01; Dallas County; Texas","2168","563","1605",
"1500000US481130063012","Block Group 2; Census Tract 63.01; Dallas County; Texas","1816","487","1329",
"1500000US481130063013","Block Group 3; Census Tract 63.01; Dallas County; Texas","1711","467","1244",
"1500000US481130063021","Block Group 1; Census Tract 63.02; Dallas County; Texas","1431","318","1113",
"1500000US481130063022","Block Group 2; Census Tract 63.02; Dallas County; Texas","2711","678","2033",
"1500000US481130064011","Block Group 1; Census Tract 64.01; Dallas County; Texas","2352","626","1726",
"1500000US481130064021","Block Group 1; Census Tract 64.02; Dallas County; Texas","2454","715","1739",
"1500000US481130064022","Block Group 2; Census Tract 64.02; Dallas County; Texas","2475","671","1804",
"1500000US481130065011","Block Group 1; Census Tract 65.01; Dallas County; Texas","1272","350","922",
"1500000US481130065012","Block Group 2; Census Tract 65.01; Dallas County; Texas","1785","490","1295",
"1500000US481130065013","Block Group 3; Census Tract 65.01; Dallas County; Texas","868","230","638",
"1500000US481130065014","Block Group 4; Census Tract 65.01; Dallas County; Texas","1475","422","1053",
"1500000US481130065021","Block Group 1; Census Tract 65.02; Dallas County; Texas","1754","453","1301",
"1500000US481130065022","Block Group 2; Census Tract 65.02; Dallas County; Texas","1831","492","1339",
"1500000US481130067011","Block Group 1; Census Tract 67.01; Dallas County; Texas","1948","618","1330",
"1500000US481130067012","Block Group 2; Census Tract 67.01; Dallas County; Texas","2228","675","1553",
"1500000US481130067021","Block Group 1; Census Tract 67.02; Dallas County; Texas","2605","630","1975",
"1500000US481130068001","Block Group 1; Census Tract 68; Dallas County; Texas","1985","592","1393",
"1500000US481130068002","Block Group 2; Census Tract 68; Dallas County; Texas","1757","412","1345",
"1500000US481130068003","Block Group 3; Census Tract 68; Dallas County; Texas","1182","117","1065",
"1500000US481130069001","Block Group 1; Census Tract 69; Dallas County; Texas","910","164","746",
"1500000US481130069002","Block Group 2; Census Tract 69; Dallas County; Texas","1282","359","923",
"1500000US481130069003","Block Group 3; Census Tract 69; Dallas County; Texas","1344","445","899",
"1500000US481130071011","Block Group 1; Census Tract 71.01; Dallas County; Texas","964","273","691",
"1500000US481130071012","Block Group 2; Census Tract 71.01; Dallas County; Texas","1200","164","1036",
"1500000US481130071021","Block Group 1; Census Tract 71.02; Dallas County; Texas","1180","154","1026",
"1500000US481130071022","Block Group 2; Census Tract 71.02; Dallas County; Texas","1042","221","821",
"1500000US481130071023","Block Group 3; Census Tract 71.02; Dallas County; Texas","584","53","531",
"1500000US481130071024","Block Group 4; Census Tract 71.02; Dallas County; Texas","1715","295","1420",
"1500000US481130071025","Block Group 5; Census Tract 71.02; Dallas County; Texas","734","97","637",
"1500000US481130072031","Block Group 1; Census Tract 72.03; Dallas County; Texas","869","280","589",
"1500000US481130072032","Block Group 2; Census Tract 72.03; Dallas County; Texas","2272","744","1528",
"1500000US481130072041","Block Group 1; Census Tract 72.04; Dallas County; Texas","2167","827","1340",
"1500000US481130072042","Block Group 2; Census Tract 72.04; Dallas County; Texas","2314","676","1638",
"1500000US481130072051","Block Group 1; Census Tract 72.05; Dallas County; Texas","1833","526","1307",
"1500000US481130072052","Block Group 2; Census Tract 72.05; Dallas County; Texas","2588","738","1850",
"1500000US481130072061","Block Group 1; Census Tract 72.06; Dallas County; Texas","1072","310","762",
"1500000US481130072062","Block Group 2; Census Tract 72.06; Dallas County; Texas","1253","368","885",
"1500000US481130073011","Block Group 1; Census Tract 73.01; Dallas County; Texas","1077","240","837",
"1500000US481130073012","Block Group 2; Census Tract 73.01; Dallas County; Texas","1027","232","795",
"1500000US481130073021","Block Group 1; Census Tract 73.02; Dallas County; Texas","798","166","632",
"1500000US481130073022","Block Group 2; Census Tract 73.02; Dallas County; Texas","1200","274","926",
"1500000US481130073023","Block Group 3; Census Tract 73.02; Dallas County; Texas","947","165","782",
"1500000US481130073024","Block Group 4; Census Tract 73.02; Dallas County; Texas","1004","112","892",
"1500000US481130076011","Block Group 1; Census Tract 76.01; Dallas County; Texas","906","252","654",
"1500000US481130076012","Block Group 2; Census Tract 76.01; Dallas County; Texas","988","224","764",
"1500000US481130076041","Block Group 1; Census Tract 76.04; Dallas County; Texas","1660","402","1258",
"1500000US481130076042","Block Group 2; Census Tract 76.04; Dallas County; Texas","1418","321","1097",
"1500000US481130076051","Block Group 1; Census Tract 76.05; Dallas County; Texas","1501","245","1256",
"1500000US481130077011","Block Group 1; Census Tract 77.01; Dallas County; Texas","626","18","608",
"1500000US481130077012","Block Group 2; Census Tract 77.01; Dallas County; Texas","1721","293","1428",
"1500000US481130077021","Block Group 1; Census Tract 77.02; Dallas County; Texas","430","27","403",
"1500000US481130077022","Block Group 2; Census Tract 77.02; Dallas County; Texas","1017","58","959",
"1500000US481130077023","Block Group 3; Census Tract 77.02; Dallas County; Texas","2099","513","1586",
"1500000US481130078011","Block Group 1; Census Tract 78.01; Dallas County; Texas","1577","56","1521",
"1500000US481130078012","Block Group 2; Census Tract 78.01; Dallas County; Texas","813","141","672",
"1500000US481130078051","Block Group 1; Census Tract 78.05; Dallas County; Texas","919","51","868",
"1500000US481130078052","Block Group 2; Census Tract 78.05; Dallas County; Texas","1010","174","836",
"1500000US481130078053","Block Group 3; Census Tract 78.05; Dallas County; Texas","1232","218","1014",
"1500000US481130078091","Block Group 1; Census Tract 78.09; Dallas County; Texas","970","252","718",
"1500000US481130078092","Block Group 2; Census Tract 78.09; Dallas County; Texas","1877","320","1557",
"1500000US481130078101","Block Group 1; Census Tract 78.10; Dallas County; Texas","2580","765","1815",
"1500000US481130078102","Block Group 2; Census Tract 78.10; Dallas County; Texas","1353","351","1002",
"1500000US481130078103","Block Group 3; Census Tract 78.10; Dallas County; Texas","1330","353","977",
"1500000US481130078121","Block Group 1; Census Tract 78.12; Dallas County; Texas","1938","560","1378",
"1500000US481130078122","Block Group 2; Census Tract 78.12; Dallas County; Texas","1274","293","981",
"1500000US481130078151","Block Group 1; Census Tract 78.15; Dallas County; Texas","1071","340","731",
"1500000US481130078152","Block Group 2; Census Tract 78.15; Dallas County; Texas","2073","776","1297",
"1500000US481130078153","Block Group 3; Census Tract 78.15; Dallas County; Texas","1936","465","1471",
"1500000US481130078191","Block Group 1; Census Tract 78.19; Dallas County; Texas","761","130","631",
"1500000US481130078192","Block Group 2; Census Tract 78.19; Dallas County; Texas","1512","303","1209",
"1500000US481130078211","Block Group 1; Census Tract 78.21; Dallas County; Texas","1483","412","1071",
"1500000US481130078212","Block Group 2; Census Tract 78.21; Dallas County; Texas","1312","400","912",
"1500000US481130078213","Block Group 3; Census Tract 78.21; Dallas County; Texas","1300","350","950",
"1500000US481130078221","Block Group 1; Census Tract 78.22; Dallas County; Texas","0","0","0",
"1500000US481130078222","Block Group 2; Census Tract 78.22; Dallas County; Texas","2052","171","1881",
"1500000US481130078231","Block Group 1; Census Tract 78.23; Dallas County; Texas","2683","326","2357",
"1500000US481130078241","Block Group 1; Census Tract 78.24; Dallas County; Texas","1962","547","1415",
"1500000US481130078251","Block Group 1; Census Tract 78.25; Dallas County; Texas","1738","358","1380",
"1500000US481130078252","Block Group 2; Census Tract 78.25; Dallas County; Texas","1027","275","752",
"1500000US481130078253","Block Group 3; Census Tract 78.25; Dallas County; Texas","662","184","478",
"1500000US481130078254","Block Group 4; Census Tract 78.25; Dallas County; Texas","1508","337","1171",
"1500000US481130078261","Block Group 1; Census Tract 78.26; Dallas County; Texas","1698","260","1438",
"1500000US481130078271","Block Group 1; Census Tract 78.27; Dallas County; Texas","1135","294","841",
"1500000US481130078272","Block Group 2; Census Tract 78.27; Dallas County; Texas","1649","378","1271",
"1500000US481130078281","Block Group 1; Census Tract 78.28; Dallas County; Texas","1156","263","893",
"1500000US481130078282","Block Group 2; Census Tract 78.28; Dallas County; Texas","998","170","828",
"1500000US481130078283","Block Group 3; Census Tract 78.28; Dallas County; Texas","1816","338","1478",
"1500000US481130078291","Block Group 1; Census Tract 78.29; Dallas County; Texas","1234","338","896",
"1500000US481130078292","Block Group 2; Census Tract 78.29; Dallas County; Texas","1361","276","1085",
"1500000US481130078301","Block Group 1; Census Tract 78.30; Dallas County; Texas","1149","303","846",
"1500000US481130078302","Block Group 2; Census Tract 78.30; Dallas County; Texas","1004","155","849",
"1500000US481130078311","Block Group 1; Census Tract 78.31; Dallas County; Texas","1443","343","1100",
"1500000US481130078312","Block Group 2; Census Tract 78.31; Dallas County; Texas","1503","465","1038",
"1500000US481130078321","Block Group 1; Census Tract 78.32; Dallas County; Texas","1152","361","791",
"1500000US481130078322","Block Group 2; Census Tract 78.32; Dallas County; Texas","1525","449","1076",
"1500000US481130078331","Block Group 1; Census Tract 78.33; Dallas County; Texas","1540","347","1193",
"1500000US481130078332","Block Group 2; Census Tract 78.33; Dallas County; Texas","999","346","653",
"1500000US481130078341","Block Group 1; Census Tract 78.34; Dallas County; Texas","1404","366","1038",
"1500000US481130078342","Block Group 2; Census Tract 78.34; Dallas County; Texas","1512","356","1156",
"1500000US481130078351","Block Group 1; Census Tract 78.35; Dallas County; Texas","1976","535","1441",
"1500000US481130078352","Block Group 2; Census Tract 78.35; Dallas County; Texas","905","117","788",
"1500000US481130079021","Block Group 1; Census Tract 79.02; Dallas County; Texas","1461","254","1207",
"1500000US481130079022","Block Group 2; Census Tract 79.02; Dallas County; Texas","1282","198","1084",
"1500000US481130079023","Block Group 3; Census Tract 79.02; Dallas County; Texas","1271","266","1005",
"1500000US481130079024","Block Group 4; Census Tract 79.02; Dallas County; Texas","602","86","516",
"1500000US481130079025","Block Group 5; Census Tract 79.02; Dallas County; Texas","761","117","644",
"1500000US481130079031","Block Group 1; Census Tract 79.03; Dallas County; Texas","1028","111","917",
"1500000US481130079032","Block Group 2; Census Tract 79.03; Dallas County; Texas","1147","188","959",
"1500000US481130079061","Block Group 1; Census Tract 79.06; Dallas County; Texas","1018","307","711",
"1500000US481130079062","Block Group 2; Census Tract 79.06; Dallas County; Texas","1498","280","1218",
"1500000US481130079091","Block Group 1; Census Tract 79.09; Dallas County; Texas","939","60","879",
"1500000US481130079092","Block Group 2; Census Tract 79.09; Dallas County; Texas","1240","107","1133",
"1500000US481130079101","Block Group 1; Census Tract 79.10; Dallas County; Texas","1129","81","1048",
"1500000US481130079102","Block Group 2; Census Tract 79.10; Dallas County; Texas","766","81","685",
"1500000US481130079103","Block Group 3; Census Tract 79.10; Dallas County; Texas","1058","86","972",
"1500000US481130079121","Block Group 1; Census Tract 79.12; Dallas County; Texas","1261","122","1139",
"1500000US481130079122","Block Group 2; Census Tract 79.12; Dallas County; Texas","851","137","714",
"1500000US481130079131","Block Group 1; Census Tract 79.13; Dallas County; Texas","1181","93","1088",
"1500000US481130079132","Block Group 2; Census Tract 79.13; Dallas County; Texas","2105","136","1969",
"1500000US481130079141","Block Group 1; Census Tract 79.14; Dallas County; Texas","1348","70","1278",
"1500000US481130079142","Block Group 2; Census Tract 79.14; Dallas County; Texas","2151","167","1984",
"1500000US481130079151","Block Group 1; Census Tract 79.15; Dallas County; Texas","1041","65","976",
"1500000US481130079152","Block Group 2; Census Tract 79.15; Dallas County; Texas","1007","88","919",
"1500000US481130079161","Block Group 1; Census Tract 79.16; Dallas County; Texas","663","59","604",
"1500000US481130079162","Block Group 2; Census Tract 79.16; Dallas County; Texas","581","43","538",
"1500000US481130080001","Block Group 1; Census Tract 80; Dallas County; Texas","1584","505","1079",
"1500000US481130080002","Block Group 2; Census Tract 80; Dallas County; Texas","1211","386","825",
"1500000US481130080003","Block Group 3; Census Tract 80; Dallas County; Texas","1164","375","789",
"1500000US481130080004","Block Group 4; Census Tract 80; Dallas County; Texas","1012","303","709",
"1500000US481130080005","Block Group 5; Census Tract 80; Dallas County; Texas","1038","315","723",
"1500000US481130080006","Block Group 6; Census Tract 80; Dallas County; Texas","1643","531","1112",
"1500000US481130081011","Block Group 1; Census Tract 81.01; Dallas County; Texas","1176","130","1046",
"1500000US481130081012","Block Group 2; Census Tract 81.01; Dallas County; Texas","608","50","558",
"1500000US481130081021","Block Group 1; Census Tract 81.02; Dallas County; Texas","780","160","620",
"1500000US481130081022","Block Group 2; Census Tract 81.02; Dallas County; Texas","1447","298","1149",
"1500000US481130081023","Block Group 3; Census Tract 81.02; Dallas County; Texas","1516","305","1211",
"1500000US481130081024","Block Group 4; Census Tract 81.02; Dallas County; Texas","902","153","749",
"1500000US481130082001","Block Group 1; Census Tract 82; Dallas County; Texas","922","194","728",
"1500000US481130082002","Block Group 2; Census Tract 82; Dallas County; Texas","936","240","696",
"1500000US481130082003","Block Group 3; Census Tract 82; Dallas County; Texas","1310","247","1063",
"1500000US481130082004","Block Group 4; Census Tract 82; Dallas County; Texas","988","219","769",
"1500000US481130084011","Block Group 1; Census Tract 84.01; Dallas County; Texas","2485","735","1750",
"1500000US481130084012","Block Group 2; Census Tract 84.01; Dallas County; Texas","2734","755","1979",
"1500000US481130084021","Block Group 1; Census Tract 84.02; Dallas County; Texas","2289","679","1610",
"1500000US481130084022","Block Group 2; Census Tract 84.02; Dallas County; Texas","2033","567","1466",
"1500000US481130085001","Block Group 1; Census Tract 85; Dallas County; Texas","2504","694","1810",
"1500000US481130085002","Block Group 2; Census Tract 85; Dallas County; Texas","2047","658","1389",
"1500000US481130086041","Block Group 1; Census Tract 86.04; Dallas County; Texas","1979","622","1357",
"1500000US481130086042","Block Group 2; Census Tract 86.04; Dallas County; Texas","1207","482","725",
"1500000US481130087011","Block Group 1; Census Tract 87.01; Dallas County; Texas","1205","400","805",
"1500000US481130087012","Block Group 2; Census Tract 87.01; Dallas County; Texas","1717","591","1126",
"1500000US481130087013","Block Group 3; Census Tract 87.01; Dallas County; Texas","2185","519","1666",
"1500000US481130087031","Block Group 1; Census Tract 87.03; Dallas County; Texas","1217","355","862",
"1500000US481130087032","Block Group 2; Census Tract 87.03; Dallas County; Texas","2262","723","1539",
"1500000US481130087041","Block Group 1; Census Tract 87.04; Dallas County; Texas","857","179","678",
"1500000US481130087042","Block Group 2; Census Tract 87.04; Dallas County; Texas","1697","576","1121",
"1500000US481130087043","Block Group 3; Census Tract 87.04; Dallas County; Texas","1364","382","982",
"1500000US481130087051","Block Group 1; Census Tract 87.05; Dallas County; Texas","1714","450","1264",
"1500000US481130088011","Block Group 1; Census Tract 88.01; Dallas County; Texas","836","128","708",
"1500000US481130088012","Block Group 2; Census Tract 88.01; Dallas County; Texas","1881","496","1385",
"1500000US481130088021","Block Group 1; Census Tract 88.02; Dallas County; Texas","2212","589","1623",
"1500000US481130088022","Block Group 2; Census Tract 88.02; Dallas County; Texas","2237","696","1541",
"1500000US481130088023","Block Group 3; Census Tract 88.02; Dallas County; Texas","1287","463","824",
"1500000US481130090011","Block Group 1; Census Tract 90.01; Dallas County; Texas","1676","538","1138",
"1500000US481130090012","Block Group 2; Census Tract 90.01; Dallas County; Texas","3035","1016","2019",
"1500000US481130090021","Block Group 1; Census Tract 90.02; Dallas County; Texas","1589","448","1141",
"1500000US481130090022","Block Group 2; Census Tract 90.02; Dallas County; Texas","1222","306","916",
"1500000US481130090023","Block Group 3; Census Tract 90.02; Dallas County; Texas","1297","374","923",
"1500000US481130091011","Block Group 1; Census Tract 91.01; Dallas County; Texas","1956","578","1378",
"1500000US481130091012","Block Group 2; Census Tract 91.01; Dallas County; Texas","1400","400","1000",
"1500000US481130091013","Block Group 3; Census Tract 91.01; Dallas County; Texas","2342","688","1654",
"1500000US481130091031","Block Group 1; Census Tract 91.03; Dallas County; Texas","1704","430","1274",
"1500000US481130091032","Block Group 2; Census Tract 91.03; Dallas County; Texas","1937","666","1271",
"1500000US481130091041","Block Group 1; Census Tract 91.04; Dallas County; Texas","1895","568","1327",
"1500000US481130091042","Block Group 2; Census Tract 91.04; Dallas County; Texas","1634","502","1132",
"1500000US481130091051","Block Group 1; Census Tract 91.05; Dallas County; Texas","1429","441","988",
"1500000US481130091052","Block Group 2; Census Tract 91.05; Dallas County; Texas","2609","753","1856",
"1500000US481130092021","Block Group 1; Census Tract 92.02; Dallas County; Texas","2389","760","1629",
"1500000US481130092022","Block Group 2; Census Tract 92.02; Dallas County; Texas","1326","487","839",
"1500000US481130092023","Block Group 3; Census Tract 92.02; Dallas County; Texas","2400","768","1632",
"1500000US481130092031","Block Group 1; Census Tract 92.03; Dallas County; Texas","1350","432","918",
"1500000US481130092032","Block Group 2; Census Tract 92.03; Dallas County; Texas","2259","689","1570",
"1500000US481130092041","Block Group 1; Census Tract 92.04; Dallas County; Texas","1838","493","1345",
"1500000US481130092042","Block Group 2; Census Tract 92.04; Dallas County; Texas","1200","356","844",
"1500000US481130093011","Block Group 1; Census Tract 93.01; Dallas County; Texas","1549","517","1032",
"1500000US481130093012","Block Group 2; Census Tract 93.01; Dallas County; Texas","1367","424","943",
"1500000US481130093013","Block Group 3; Census Tract 93.01; Dallas County; Texas","1870","596","1274",
"1500000US481130093031","Block Group 1; Census Tract 93.03; Dallas County; Texas","2012","592","1420",
"1500000US481130093032","Block Group 2; Census Tract 93.03; Dallas County; Texas","2042","607","1435",
"1500000US481130093041","Block Group 1; Census Tract 93.04; Dallas County; Texas","1417","495","922",
"1500000US481130093042","Block Group 2; Census Tract 93.04; Dallas County; Texas","1960","757","1203",
"1500000US481130093043","Block Group 3; Census Tract 93.04; Dallas County; Texas","1188","334","854",
"1500000US481130093044","Block Group 4; Census Tract 93.04; Dallas County; Texas","2173","854","1319",
"1500000US481130094011","Block Group 1; Census Tract 94.01; Dallas County; Texas","1036","250","786",
"1500000US481130094012","Block Group 2; Census Tract 94.01; Dallas County; Texas","1500","271","1229",
"1500000US481130094013","Block Group 3; Census Tract 94.01; Dallas County; Texas","945","173","772",
"1500000US481130094021","Block Group 1; Census Tract 94.02; Dallas County; Texas","662","79","583",
"1500000US481130094022","Block Group 2; Census Tract 94.02; Dallas County; Texas","1998","453","1545",
"1500000US481130095001","Block Group 1; Census Tract 95; Dallas County; Texas","1016","265","751",
"1500000US481130095002","Block Group 2; Census Tract 95; Dallas County; Texas","1359","334","1025",
"1500000US481130096031","Block Group 1; Census Tract 96.03; Dallas County; Texas","1399","300","1099",
"1500000US481130096032","Block Group 2; Census Tract 96.03; Dallas County; Texas","1347","264","1083",
"1500000US481130096033","Block Group 3; Census Tract 96.03; Dallas County; Texas","1697","463","1234",
"1500000US481130096041","Block Group 1; Census Tract 96.04; Dallas County; Texas","1509","245","1264",
"1500000US481130096042","Block Group 2; Census Tract 96.04; Dallas County; Texas","1452","364","1088",
"1500000US481130096043","Block Group 3; Census Tract 96.04; Dallas County; Texas","1786","515","1271",
"1500000US481130096051","Block Group 1; Census Tract 96.05; Dallas County; Texas","1503","329","1174",
"1500000US481130096052","Block Group 2; Census Tract 96.05; Dallas County; Texas","1968","509","1459",
"1500000US481130096071","Block Group 1; Census Tract 96.07; Dallas County; Texas","1267","280","987",
"1500000US481130096072","Block Group 2; Census Tract 96.07; Dallas County; Texas","1063","236","827",
"1500000US481130096073","Block Group 3; Census Tract 96.07; Dallas County; Texas","1080","248","832",
"1500000US481130096081","Block Group 1; Census Tract 96.08; Dallas County; Texas","947","193","754",
"1500000US481130096082","Block Group 2; Census Tract 96.08; Dallas County; Texas","587","88","499",
"1500000US481130096083","Block Group 3; Census Tract 96.08; Dallas County; Texas","1684","357","1327",
"1500000US481130096091","Block Group 1; Census Tract 96.09; Dallas County; Texas","1562","386","1176",
"1500000US481130096092","Block Group 2; Census Tract 96.09; Dallas County; Texas","1607","426","1181",
"1500000US481130096101","Block Group 1; Census Tract 96.10; Dallas County; Texas","1737","576","1161",
"1500000US481130096102","Block Group 2; Census Tract 96.10; Dallas County; Texas","1198","396","802",
"1500000US481130096103","Block Group 3; Census Tract 96.10; Dallas County; Texas","1688","626","1062",
"1500000US481130096111","Block Group 1; Census Tract 96.11; Dallas County; Texas","1015","111","904",
"1500000US481130096112","Block Group 2; Census Tract 96.11; Dallas County; Texas","2482","568","1914",
"1500000US481130097011","Block Group 1; Census Tract 97.01; Dallas County; Texas","1435","349","1086",
"1500000US481130097012","Block Group 2; Census Tract 97.01; Dallas County; Texas","1916","560","1356",
"1500000US481130097013","Block Group 3; Census Tract 97.01; Dallas County; Texas","1309","274","1035",
"1500000US481130097021","Block Group 1; Census Tract 97.02; Dallas County; Texas","1227","289","938",
"1500000US481130097022","Block Group 2; Census Tract 97.02; Dallas County; Texas","2018","524","1494",
"1500000US481130098021","Block Group 1; Census Tract 98.02; Dallas County; Texas","1422","375","1047",
"1500000US481130098022","Block Group 2; Census Tract 98.02; Dallas County; Texas","1654","463","1191",
"1500000US481130098023","Block Group 3; Census Tract 98.02; Dallas County; Texas","2506","641","1865",
"1500000US481130098031","Block Group 1; Census Tract 98.03; Dallas County; Texas","2051","527","1524",
"1500000US481130098041","Block Group 1; Census Tract 98.04; Dallas County; Texas","1406","576","830",
"1500000US481130098042","Block Group 2; Census Tract 98.04; Dallas County; Texas","1870","663","1207",
"1500000US481130098043","Block Group 3; Census Tract 98.04; Dallas County; Texas","1499","527","972",
"1500000US481130098044","Block Group 4; Census Tract 98.04; Dallas County; Texas","2458","790","1668",
"1500000US481130099001","Block Group 1; Census Tract 99; Dallas County; Texas","2931","487","2444",
"1500000US481130099002","Block Group 2; Census Tract 99; Dallas County; Texas","2018","225","1793",
"1500000US481130099003","Block Group 3; Census Tract 99; Dallas County; Texas","1280","343","937",
"1500000US481130100011","Block Group 1; Census Tract 100.01; Dallas County; Texas","17","7","10",
"1500000US481130100012","Block Group 2; Census Tract 100.01; Dallas County; Texas","1015","288","727",
"1500000US481130100013","Block Group 3; Census Tract 100.01; Dallas County; Texas","0","0","0",
"1500000US481130100014","Block Group 4; Census Tract 100.01; Dallas County; Texas","5","1","4",
"1500000US481130100015","Block Group 5; Census Tract 100.01; Dallas County; Texas","1318","390","928",
"1500000US481130100021","Block Group 1; Census Tract 100.02; Dallas County; Texas","40","20","20",
"1500000US481130100031","Block Group 1; Census Tract 100.03; Dallas County; Texas","847","15","832",
"1500000US481130100032","Block Group 2; Census Tract 100.03; Dallas County; Texas","2177","102","2075",
"1500000US481130101011","Block Group 1; Census Tract 101.01; Dallas County; Texas","2687","863","1824",
"1500000US481130101012","Block Group 2; Census Tract 101.01; Dallas County; Texas","2382","659","1723",
"1500000US481130101021","Block Group 1; Census Tract 101.02; Dallas County; Texas","1626","388","1238",
"1500000US481130101022","Block Group 2; Census Tract 101.02; Dallas County; Texas","1053","295","758",
"1500000US481130105001","Block Group 1; Census Tract 105; Dallas County; Texas","1506","423","1083",
"1500000US481130105002","Block Group 2; Census Tract 105; Dallas County; Texas","1690","433","1257",
"1500000US481130106011","Block Group 1; Census Tract 106.01; Dallas County; Texas","2853","835","2018",
"1500000US481130106012","Block Group 2; Census Tract 106.01; Dallas County; Texas","2687","756","1931",
"1500000US481130106021","Block Group 1; Census Tract 106.02; Dallas County; Texas","1380","582","798",
"1500000US481130106022","Block Group 2; Census Tract 106.02; Dallas County; Texas","1747","516","1231",
"1500000US481130107011","Block Group 1; Census Tract 107.01; Dallas County; Texas","1382","436","946",
"1500000US481130107012","Block Group 2; Census Tract 107.01; Dallas County; Texas","1829","492","1337",
"1500000US481130107013","Block Group 3; Census Tract 107.01; Dallas County; Texas","0","0","0",
"1500000US481130107014","Block Group 4; Census Tract 107.01; Dallas County; Texas","0","0","0",
"1500000US481130107015","Block Group 5; Census Tract 107.01; Dallas County; Texas","2332","660","1672",
"1500000US481130107041","Block Group 1; Census Tract 107.04; Dallas County; Texas","2606","694","1912",
"1500000US481130107042","Block Group 2; Census Tract 107.04; Dallas County; Texas","1774","755","1019",
"1500000US481130107043","Block Group 3; Census Tract 107.04; Dallas County; Texas","862","309","553",
"1500000US481130108041","Block Group 1; Census Tract 108.04; Dallas County; Texas","2095","706","1389",
"1500000US481130108042","Block Group 2; Census Tract 108.04; Dallas County; Texas","1561","458","1103",
"1500000US481130108043","Block Group 3; Census Tract 108.04; Dallas County; Texas","999","112","887",
"1500000US481130108051","Block Group 1; Census Tract 108.05; Dallas County; Texas","1353","390","963",
"1500000US481130108052","Block Group 2; Census Tract 108.05; Dallas County; Texas","1714","558","1156",
"1500000US481130108053","Block Group 3; Census Tract 108.05; Dallas County; Texas","2369","760","1609",
"1500000US481130108061","Block Group 1; Census Tract 108.06; Dallas County; Texas","1786","392","1394",
"1500000US481130108062","Block Group 2; Census Tract 108.06; Dallas County; Texas","1718","375","1343",
"1500000US481130108071","Block Group 1; Census Tract 108.07; Dallas County; Texas","1207","321","886",
"1500000US481130108072","Block Group 2; Census Tract 108.07; Dallas County; Texas","2867","832","2035",
"1500000US481130108081","Block Group 1; Census Tract 108.08; Dallas County; Texas","2115","543","1572",
"1500000US481130108082","Block Group 2; Census Tract 108.08; Dallas County; Texas","1501","422","1079",
"1500000US481130108091","Block Group 1; Census Tract 108.09; Dallas County; Texas","1866","540","1326",
"1500000US481130108092","Block Group 2; Census Tract 108.09; Dallas County; Texas","2110","554","1556",
"1500000US481130108093","Block Group 3; Census Tract 108.09; Dallas County; Texas","1576","418","1158",
"1500000US481130109031","Block Group 1; Census Tract 109.03; Dallas County; Texas","2755","753","2002",
"1500000US481130109032","Block Group 2; Census Tract 109.03; Dallas County; Texas","608","126","482",
"1500000US481130109041","Block Group 1; Census Tract 109.04; Dallas County; Texas","1039","372","667",
"1500000US481130109042","Block Group 2; Census Tract 109.04; Dallas County; Texas","1107","322","785",
"1500000US481130109043","Block Group 3; Census Tract 109.04; Dallas County; Texas","1568","398","1170",
"1500000US481130109051","Block Group 1; Census Tract 109.05; Dallas County; Texas","1052","264","788",
"1500000US481130109052","Block Group 2; Census Tract 109.05; Dallas County; Texas","1449","449","1000",
"1500000US481130109061","Block Group 1; Census Tract 109.06; Dallas County; Texas","1207","326","881",
"1500000US481130109062","Block Group 2; Census Tract 109.06; Dallas County; Texas","2374","767","1607",
"1500000US481130109063","Block Group 3; Census Tract 109.06; Dallas County; Texas","947","203","744",
"1500000US481130110021","Block Group 1; Census Tract 110.02; Dallas County; Texas","1615","355","1260",
"1500000US481130110022","Block Group 2; Census Tract 110.02; Dallas County; Texas","1477","237","1240",
"1500000US481130110031","Block Group 1; Census Tract 110.03; Dallas County; Texas","1334","238","1096",
"1500000US481130110032","Block Group 2; Census Tract 110.03; Dallas County; Texas","1335","214","1121",
"1500000US481130110033","Block Group 3; Census Tract 110.03; Dallas County; Texas","1549","310","1239",
"1500000US481130110041","Block Group 1; Census Tract 110.04; Dallas County; Texas","816","155","661",
"1500000US481130110042","Block Group 2; Census Tract 110.04; Dallas County; Texas","1657","466","1191",
"1500000US481130111011","Block Group 1; Census Tract 111.01; Dallas County; Texas","1166","203","963",
"1500000US481130111012","Block Group 2; Census Tract 111.01; Dallas County; Texas","1316","255","1061",
"1500000US481130111013","Block Group 3; Census Tract 111.01; Dallas County; Texas","1967","507","1460",
"1500000US481130111031","Block Group 1; Census Tract 111.03; Dallas County; Texas","1456","413","1043",
"1500000US481130111032","Block Group 2; Census Tract 111.03; Dallas County; Texas","2483","630","1853",
"1500000US481130111041","Block Group 1; Census Tract 111.04; Dallas County; Texas","1589","489","1100",
"1500000US481130111042","Block Group 2; Census Tract 111.04; Dallas County; Texas","2255","576","1679",
"1500000US481130111051","Block Group 1; Census Tract 111.05; Dallas County; Texas","2086","609","1477",
"1500000US481130111052","Block Group 2; Census Tract 111.05; Dallas County; Texas","2640","964","1676",
"1500000US481130112011","Block Group 1; Census Tract 112.01; Dallas County; Texas","1209","356","853",
"1500000US481130112012","Block Group 2; Census Tract 112.01; Dallas County; Texas","2781","914","1867",
"1500000US481130112021","Block Group 1; Census Tract 112.02; Dallas County; Texas","1374","265","1109",
"1500000US481130112022","Block Group 2; Census Tract 112.02; Dallas County; Texas","1516","387","1129",
"1500000US481130113001","Block Group 1; Census Tract 113; Dallas County; Texas","1460","351","1109",
"1500000US481130113002","Block Group 2; Census Tract 113; Dallas County; Texas","2439","602","1837",
"1500000US481130113003","Block Group 3; Census Tract 113; Dallas County; Texas","1501","308","1193",
"1500000US481130114011","Block Group 1; Census Tract 114.01; Dallas County; Texas","1761","594","1167",
"1500000US481130114012","Block Group 2; Census Tract 114.01; Dallas County; Texas","1923","823","1100",
"1500000US481130114013","Block Group 3; Census Tract 114.01; Dallas County; Texas","1967","697","1270",
"1500000US481130115001","Block Group 1; Census Tract 115; Dallas County; Texas","2269","834","1435",
"1500000US481130115002","Block Group 2; Census Tract 115; Dallas County; Texas","2319","766","1553",
"1500000US481130116011","Block Group 1; Census Tract 116.01; Dallas County; Texas","2362","796","1566",
"1500000US481130116012","Block Group 2; Census Tract 116.01; Dallas County; Texas","2130","638","1492",
"1500000US481130116031","Block Group 1; Census Tract 116.03; Dallas County; Texas","1661","564","1097",
"1500000US481130116032","Block Group 2; Census Tract 116.03; Dallas County; Texas","2048","766","1282",
"1500000US481130116041","Block Group 1; Census Tract 116.04; Dallas County; Texas","1394","508","886",
"1500000US481130116042","Block Group 2; Census Tract 116.04; Dallas County; Texas","2545","838","1707",
"1500000US481130117011","Block Group 1; Census Tract 117.01; Dallas County; Texas","2387","745","1642",
"1500000US481130117012","Block Group 2; Census Tract 117.01; Dallas County; Texas","2014","632","1382",
"1500000US481130117013","Block Group 3; Census Tract 117.01; Dallas County; Texas","1984","607","1377",
"1500000US481130117021","Block Group 1; Census Tract 117.02; Dallas County; Texas","1500","446","1054",
"1500000US481130117022","Block Group 2; Census Tract 117.02; Dallas County; Texas","2163","652","1511",
"1500000US481130117023","Block Group 3; Census Tract 117.02; Dallas County; Texas","2041","585","1456",
"1500000US481130118011","Block Group 1; Census Tract 118.01; Dallas County; Texas","1578","537","1041",
"1500000US481130118012","Block Group 2; Census Tract 118.01; Dallas County; Texas","2029","660","1369",
"1500000US481130118013","Block Group 3; Census Tract 118.01; Dallas County; Texas","2018","608","1410",
"1500000US481130118021","Block Group 1; Census Tract 118.02; Dallas County; Texas","1821","608","1213",
"1500000US481130118022","Block Group 2; Census Tract 118.02; Dallas County; Texas","2515","727","1788",
"1500000US481130119011","Block Group 1; Census Tract 119.01; Dallas County; Texas","1619","448","1171",
"1500000US481130119012","Block Group 2; Census Tract 119.01; Dallas County; Texas","3137","976","2161",
"1500000US481130119021","Block Group 1; Census Tract 119.02; Dallas County; Texas","1891","534","1357",
"1500000US481130119022","Block Group 2; Census Tract 119.02; Dallas County; Texas","3257","1004","2253",
"1500000US481130120001","Block Group 1; Census Tract 120; Dallas County; Texas","4212","1414","2798",
"1500000US481130120002","Block Group 2; Census Tract 120; Dallas County; Texas","3212","885","2327",
"1500000US481130120003","Block Group 3; Census Tract 120; Dallas County; Texas","3929","1311","2618",
"1500000US481130121011","Block Group 1; Census Tract 121.01; Dallas County; Texas","1920","697","1223",
"1500000US481130121012","Block Group 2; Census Tract 121.01; Dallas County; Texas","1680","540","1140",
"1500000US481130121021","Block Group 1; Census Tract 121.02; Dallas County; Texas","1744","550","1194",
"1500000US481130121022","Block Group 2; Census Tract 121.02; Dallas County; Texas","1530","414","1116",
"1500000US481130122061","Block Group 1; Census Tract 122.06; Dallas County; Texas","2823","566","2257",
"1500000US481130122062","Block Group 2; Census Tract 122.06; Dallas County; Texas","2007","441","1566",
"1500000US481130122071","Block Group 1; Census Tract 122.07; Dallas County; Texas","1507","331","1176",
"1500000US481130122072","Block Group 2; Census Tract 122.07; Dallas County; Texas","1551","389","1162",
"1500000US481130122073","Block Group 3; Census Tract 122.07; Dallas County; Texas","1844","511","1333",
"1500000US481130122074","Block Group 4; Census Tract 122.07; Dallas County; Texas","2288","721","1567",
"1500000US481130122081","Block Group 1; Census Tract 122.08; Dallas County; Texas","1620","493","1127",
"1500000US481130122082","Block Group 2; Census Tract 122.08; Dallas County; Texas","910","299","611",
"1500000US481130122091","Block Group 1; Census Tract 122.09; Dallas County; Texas","1415","295","1120",
"1500000US481130122092","Block Group 2; Census Tract 122.09; Dallas County; Texas","1289","346","943",
"1500000US481130122101","Block Group 1; Census Tract 122.10; Dallas County; Texas","1434","347","1087",
"1500000US481130122102","Block Group 2; Census Tract 122.10; Dallas County; Texas","1306","212","1094",
"1500000US481130122103","Block Group 3; Census Tract 122.10; Dallas County; Texas","1190","347","843",
"1500000US481130122111","Block Group 1; Census Tract 122.11; Dallas County; Texas","1277","414","863",
"1500000US481130122112","Block Group 2; Census Tract 122.11; Dallas County; Texas","632","125","507",
"1500000US481130122113","Block Group 3; Census Tract 122.11; Dallas County; Texas","2599","718","1881",
"1500000US481130122121","Block Group 1; Census Tract 122.12; Dallas County; Texas","1472","277","1195",
"1500000US481130122122","Block Group 2; Census Tract 122.12; Dallas County; Texas","1990","550","1440",
"1500000US481130122131","Block Group 1; Census Tract 122.13; Dallas County; Texas","1073","178","895",
"1500000US481130122132","Block Group 2; Census Tract 122.13; Dallas County; Texas","1331","216","1115",
"1500000US481130123011","Block Group 1; Census Tract 123.01; Dallas County; Texas","2358","599","1759",
"1500000US481130123012","Block Group 2; Census Tract 123.01; Dallas County; Texas","1415","357","1058",
"1500000US481130123013","Block Group 3; Census Tract 123.01; Dallas County; Texas","975","331","644",
"1500000US481130123021","Block Group 1; Census Tract 123.02; Dallas County; Texas","1906","549","1357",
"1500000US481130123022","Block Group 2; Census Tract 123.02; Dallas County; Texas","1439","605","834",
"1500000US481130123023","Block Group 3; Census Tract 123.02; Dallas County; Texas","2191","734","1457",
"1500000US481130123024","Block Group 4; Census Tract 123.02; Dallas County; Texas","970","276","694",
"1500000US481130123025","Block Group 5; Census Tract 123.02; Dallas County; Texas","1569","503","1066",
"1500000US481130124001","Block Group 1; Census Tract 124; Dallas County; Texas","1690","252","1438",
"1500000US481130124002","Block Group 2; Census Tract 124; Dallas County; Texas","1007","196","811",
"1500000US481130124003","Block Group 3; Census Tract 124; Dallas County; Texas","854","195","659",
"1500000US481130124004","Block Group 4; Census Tract 124; Dallas County; Texas","1605","342","1263",
"1500000US481130125011","Block Group 1; Census Tract 125.01; Dallas County; Texas","2076","540","1536",
"1500000US481130125012","Block Group 2; Census Tract 125.01; Dallas County; Texas","1598","437","1161",
"1500000US481130125021","Block Group 1; Census Tract 125.02; Dallas County; Texas","1708","419","1289",
"1500000US481130125022","Block Group 2; Census Tract 125.02; Dallas County; Texas","2403","683","1720",
"1500000US481130126011","Block Group 1; Census Tract 126.01; Dallas County; Texas","1931","507","1424",
"1500000US481130126012","Block Group 2; Census Tract 126.01; Dallas County; Texas","1706","425","1281",
"1500000US481130126013","Block Group 3; Census Tract 126.01; Dallas County; Texas","2132","596","1536",
"1500000US481130126031","Block Group 1; Census Tract 126.03; Dallas County; Texas","2020","529","1491",
"1500000US481130126041","Block Group 1; Census Tract 126.04; Dallas County; Texas","1322","377","945",
"1500000US481130126042","Block Group 2; Census Tract 126.04; Dallas County; Texas","1636","354","1282",
"1500000US481130126043","Block Group 3; Census Tract 126.04; Dallas County; Texas","1336","329","1007",
"1500000US481130126044","Block Group 4; Census Tract 126.04; Dallas County; Texas","1332","351","981",
"1500000US481130127011","Block Group 1; Census Tract 127.01; Dallas County; Texas","2542","713","1829",
"1500000US481130127012","Block Group 2; Census Tract 127.01; Dallas County; Texas","1607","350","1257",
"1500000US481130127013","Block Group 3; Census Tract 127.01; Dallas County; Texas","2142","598","1544",
"1500000US481130127021","Block Group 1; Census Tract 127.02; Dallas County; Texas","1438","348","1090",
"1500000US481130127022","Block Group 2; Census Tract 127.02; Dallas County; Texas","1611","407","1204",
"1500000US481130128011","Block Group 1; Census Tract 128.01; Dallas County; Texas","1575","289","1286",
"1500000US481130128012","Block Group 2; Census Tract 128.01; Dallas County; Texas","1150","251","899",
"1500000US481130128021","Block Group 1; Census Tract 128.02; Dallas County; Texas","1978","368","1610",
"1500000US481130128022","Block Group 2; Census Tract 128.02; Dallas County; Texas","1498","379","1119",
"1500000US481130128023","Block Group 3; Census Tract 128.02; Dallas County; Texas","1533","380","1153",
"1500000US481130129001","Block Group 1; Census Tract 129; Dallas County; Texas","835","164","671",
"1500000US481130129002","Block Group 2; Census Tract 129; Dallas County; Texas","1046","199","847",
"1500000US481130129003","Block Group 3; Census Tract 129; Dallas County; Texas","1361","288","1073",
"1500000US481130129004","Block Group 4; Census Tract 129; Dallas County; Texas","1586","314","1272",
"1500000US481130130051","Block Group 1; Census Tract 130.05; Dallas County; Texas","1152","301","851",
"1500000US481130130052","Block Group 2; Census Tract 130.05; Dallas County; Texas","1457","407","1050",
"1500000US481130130053","Block Group 3; Census Tract 130.05; Dallas County; Texas","1430","328","1102",
"1500000US481130130071","Block Group 1; Census Tract 130.07; Dallas County; Texas","995","173","822",
"1500000US481130130072","Block Group 2; Census Tract 130.07; Dallas County; Texas","2515","709","1806",
"1500000US481130130081","Block Group 1; Census Tract 130.08; Dallas County; Texas","1039","180","859",
"1500000US481130130082","Block Group 2; Census Tract 130.08; Dallas County; Texas","2699","863","1836",
"1500000US481130130091","Block Group 1; Census Tract 130.09; Dallas County; Texas","1976","597","1379",
"1500000US481130130092","Block Group 2; Census Tract 130.09; Dallas County; Texas","1124","328","796",
"1500000US481130130093","Block Group 3; Census Tract 130.09; Dallas County; Texas","1725","505","1220",
"1500000US481130130101","Block Group 1; Census Tract 130.10; Dallas County; Texas","1667","333","1334",
"1500000US481130130102","Block Group 2; Census Tract 130.10; Dallas County; Texas","1245","336","909",
"1500000US481130130103","Block Group 3; Census Tract 130.10; Dallas County; Texas","1779","406","1373",
"1500000US481130130111","Block Group 1; Census Tract 130.11; Dallas County; Texas","1424","392","1032",
"1500000US481130130112","Block Group 2; Census Tract 130.11; Dallas County; Texas","1369","313","1056",
"1500000US481130130113","Block Group 3; Census Tract 130.11; Dallas County; Texas","1474","537","937",
"1500000US481130130121","Block Group 1; Census Tract 130.12; Dallas County; Texas","1229","347","882",
"1500000US481130130122","Block Group 2; Census Tract 130.12; Dallas County; Texas","1373","342","1031",
"1500000US481130130131","Block Group 1; Census Tract 130.13; Dallas County; Texas","1313","419","894",
"1500000US481130130132","Block Group 2; Census Tract 130.13; Dallas County; Texas","2947","1141","1806",
"1500000US481130131011","Block Group 1; Census Tract 131.01; Dallas County; Texas","980","190","790",
"1500000US481130131012","Block Group 2; Census Tract 131.01; Dallas County; Texas","1729","367","1362",
"1500000US481130131021","Block Group 1; Census Tract 131.02; Dallas County; Texas","1913","387","1526",
"1500000US481130131041","Block Group 1; Census Tract 131.04; Dallas County; Texas","1627","169","1458",
"1500000US481130131061","Block Group 1; Census Tract 131.06; Dallas County; Texas","1315","124","1191",
"1500000US481130131071","Block Group 1; Census Tract 131.07; Dallas County; Texas","1226","94","1132",
"1500000US481130131072","Block Group 2; Census Tract 131.07; Dallas County; Texas","1142","145","997",
"1500000US481130131073","Block Group 3; Census Tract 131.07; Dallas County; Texas","1332","154","1178",
"1500000US481130131074","Block Group 4; Census Tract 131.07; Dallas County; Texas","775","138","637",
"1500000US481130132011","Block Group 1; Census Tract 132.01; Dallas County; Texas","1610","405","1205",
"1500000US481130132012","Block Group 2; Census Tract 132.01; Dallas County; Texas","1144","171","973",
"1500000US481130132021","Block Group 1; Census Tract 132.02; Dallas County; Texas","1960","202","1758",
"1500000US481130132022","Block Group 2; Census Tract 132.02; Dallas County; Texas","1233","115","1118",
"1500000US481130132023","Block Group 3; Census Tract 132.02; Dallas County; Texas","800","90","710",
"1500000US481130132024","Block Group 4; Census Tract 132.02; Dallas County; Texas","1349","97","1252",
"1500000US481130133001","Block Group 1; Census Tract 133; Dallas County; Texas","990","207","783",
"1500000US481130133002","Block Group 2; Census Tract 133; Dallas County; Texas","1074","257","817",
"1500000US481130134001","Block Group 1; Census Tract 134; Dallas County; Texas","2068","518","1550",
"1500000US481130135001","Block Group 1; Census Tract 135; Dallas County; Texas","1058","251","807",
"1500000US481130135002","Block Group 2; Census Tract 135; Dallas County; Texas","1504","397","1107",
"1500000US481130136051","Block Group 1; Census Tract 136.05; Dallas County; Texas","1715","472","1243",
"1500000US481130136052","Block Group 2; Census Tract 136.05; Dallas County; Texas","1016","305","711",
"1500000US481130136053","Block Group 3; Census Tract 136.05; Dallas County; Texas","1399","367","1032",
"1500000US481130136054","Block Group 4; Census Tract 136.05; Dallas County; Texas","1534","429","1105",
"1500000US481130136061","Block Group 1; Census Tract 136.06; Dallas County; Texas","1687","468","1219",
"1500000US481130136062","Block Group 2; Census Tract 136.06; Dallas County; Texas","1841","424","1417",
"1500000US481130136063","Block Group 3; Census Tract 136.06; Dallas County; Texas","1875","336","1539",
"1500000US481130136071","Block Group 1; Census Tract 136.07; Dallas County; Texas","2008","613","1395",
"1500000US481130136072","Block Group 2; Census Tract 136.07; Dallas County; Texas","1523","394","1129",
"1500000US481130136081","Block Group 1; Census Tract 136.08; Dallas County; Texas","1310","247","1063",
"1500000US481130136082","Block Group 2; Census Tract 136.08; Dallas County; Texas","1237","172","1065",
"1500000US481130136091","Block Group 1; Census Tract 136.09; Dallas County; Texas","1922","631","1291",
"1500000US481130136092","Block Group 2; Census Tract 136.09; Dallas County; Texas","2055","600","1455",
"1500000US481130136101","Block Group 1; Census Tract 136.10; Dallas County; Texas","2214","631","1583",
"1500000US481130136102","Block Group 2; Census Tract 136.10; Dallas County; Texas","1207","312","895",
"1500000US481130136103","Block Group 3; Census Tract 136.10; Dallas County; Texas","1363","261","1102",
"1500000US481130136111","Block Group 1; Census Tract 136.11; Dallas County; Texas","1587","162","1425",
"1500000US481130136112","Block Group 2; Census Tract 136.11; Dallas County; Texas","1300","120","1180",
"1500000US481130136151","Block Group 1; Census Tract 136.15; Dallas County; Texas","1658","336","1322",
"1500000US481130136152","Block Group 2; Census Tract 136.15; Dallas County; Texas","1322","446","876",
"1500000US481130136153","Block Group 3; Census Tract 136.15; Dallas County; Texas","981","241","740",
"1500000US481130136154","Block Group 4; Census Tract 136.15; Dallas County; Texas","1390","324","1066",
"1500000US481130136171","Block Group 1; Census Tract 136.17; Dallas County; Texas","1007","244","763",
"1500000US481130136172","Block Group 2; Census Tract 136.17; Dallas County; Texas","1929","428","1501",
"1500000US481130136181","Block Group 1; Census Tract 136.18; Dallas County; Texas","1900","363","1537",
"1500000US481130136182","Block Group 2; Census Tract 136.18; Dallas County; Texas","1334","418","916",
"1500000US481130136191","Block Group 1; Census Tract 136.19; Dallas County; Texas","2030","429","1601",
"1500000US481130136192","Block Group 2; Census Tract 136.19; Dallas County; Texas","1871","501","1370",
"1500000US481130136193","Block Group 3; Census Tract 136.19; Dallas County; Texas","1513","360","1153",
"1500000US481130136201","Block Group 1; Census Tract 136.20; Dallas County; Texas","991","107","884",
"1500000US481130136202","Block Group 2; Census Tract 136.20; Dallas County; Texas","3119","207","2912",
"1500000US481130136203","Block Group 3; Census Tract 136.20; Dallas County; Texas","1202","51","1151",
"1500000US481130136204","Block Group 4; Census Tract 136.20; Dallas County; Texas","893","78","815",
"1500000US481130136211","Block Group 1; Census Tract 136.21; Dallas County; Texas","1263","126","1137",
"1500000US481130136212","Block Group 2; Census Tract 136.21; Dallas County; Texas","1353","232","1121",
"1500000US481130136213","Block Group 3; Census Tract 136.21; Dallas County; Texas","1807","345","1462",
"1500000US481130136221","Block Group 1; Census Tract 136.22; Dallas County; Texas","1454","150","1304",
"1500000US481130136222","Block Group 2; Census Tract 136.22; Dallas County; Texas","1121","84","1037",
"1500000US481130136241","Block Group 1; Census Tract 136.24; Dallas County; Texas","1781","352","1429",
"1500000US481130136242","Block Group 2; Census Tract 136.24; Dallas County; Texas","808","54","754",
"1500000US481130136243","Block Group 3; Census Tract 136.24; Dallas County; Texas","1517","234","1283",
"1500000US481130136251","Block Group 1; Census Tract 136.25; Dallas County; Texas","1837","366","1471",
"1500000US481130136252","Block Group 2; Census Tract 136.25; Dallas County; Texas","1023","231","792",
"1500000US481130136261","Block Group 1; Census Tract 136.26; Dallas County; Texas","1490","363","1127",
"1500000US481130136262","Block Group 2; Census Tract 136.26; Dallas County; Texas","1513","141","1372",
"1500000US481130136271","Block Group 1; Census Tract 136.27; Dallas County; Texas","1585","246","1339",
"1500000US481130136281","Block Group 1; Census Tract 136.28; Dallas County; Texas","1614","81","1533",
"1500000US481130136282","Block Group 2; Census Tract 136.28; Dallas County; Texas","818","53","765",
"1500000US481130136283","Block Group 3; Census Tract 136.28; Dallas County; Texas","1047","48","999",
"1500000US481130136284","Block Group 4; Census Tract 136.28; Dallas County; Texas","778","35","743",
"1500000US481130136285","Block Group 5; Census Tract 136.28; Dallas County; Texas","2049","294","1755",
"1500000US481130136291","Block Group 1; Census Tract 136.29; Dallas County; Texas","945","126","819",
"1500000US481130136292","Block Group 2; Census Tract 136.29; Dallas County; Texas","1272","335","937",
"1500000US481130136301","Block Group 1; Census Tract 136.30; Dallas County; Texas","883","100","783",
"1500000US481130136302","Block Group 2; Census Tract 136.30; Dallas County; Texas","1271","158","1113",
"1500000US481130136311","Block Group 1; Census Tract 136.31; Dallas County; Texas","2097","559","1538",
"1500000US481130137151","Block Group 1; Census Tract 137.15; Dallas County; Texas","2338","562","1776",
"1500000US481130137161","Block Group 1; Census Tract 137.16; Dallas County; Texas","1377","282","1095",
"1500000US481130137162","Block Group 2; Census Tract 137.16; Dallas County; Texas","1689","363","1326",
"1500000US481130137163","Block Group 3; Census Tract 137.16; Dallas County; Texas","1949","369","1580",
"1500000US481130137171","Block Group 1; Census Tract 137.17; Dallas County; Texas","1566","532","1034",
"1500000US481130137172","Block Group 2; Census Tract 137.17; Dallas County; Texas","1105","288","817",
"1500000US481130137181","Block Group 1; Census Tract 137.18; Dallas County; Texas","1406","431","975",
"1500000US481130137182","Block Group 2; Census Tract 137.18; Dallas County; Texas","1333","391","942",
"1500000US481130137183","Block Group 3; Census Tract 137.18; Dallas County; Texas","1840","594","1246",
"1500000US481130137191","Block Group 1; Census Tract 137.19; Dallas County; Texas","2480","420","2060",
"1500000US481130137192","Block Group 2; Census Tract 137.19; Dallas County; Texas","1768","328","1440",
"1500000US481130137201","Block Group 1; Census Tract 137.20; Dallas County; Texas","2436","639","1797",
"1500000US481130137202","Block Group 2; Census Tract 137.20; Dallas County; Texas","1150","208","942",
"1500000US481130137203","Block Group 3; Census Tract 137.20; Dallas County; Texas","2027","490","1537",
"1500000US481130137211","Block Group 1; Census Tract 137.21; Dallas County; Texas","1945","292","1653",
"1500000US481130137212","Block Group 2; Census Tract 137.21; Dallas County; Texas","2055","324","1731",
"1500000US481130137213","Block Group 3; Census Tract 137.21; Dallas County; Texas","1917","316","1601",
"1500000US481130137221","Block Group 1; Census Tract 137.22; Dallas County; Texas","2188","290","1898",
"1500000US481130137222","Block Group 2; Census Tract 137.22; Dallas County; Texas","2352","488","1864",
"1500000US481130137251","Block Group 1; Census Tract 137.25; Dallas County; Texas","1760","319","1441",
"1500000US481130137252","Block Group 2; Census Tract 137.25; Dallas County; Texas","894","257","637",
"1500000US481130137253","Block Group 3; Census Tract 137.25; Dallas County; Texas","1094","197","897",
"1500000US481130137261","Block Group 1; Census Tract 137.26; Dallas County; Texas","1728","187","1541",
"1500000US481130137262","Block Group 2; Census Tract 137.26; Dallas County; Texas","1126","307","819",
"1500000US481130137271","Block Group 1; Census Tract 137.27; Dallas County; Texas","1550","162","1388",
"1500000US481130137272","Block Group 2; Census Tract 137.27; Dallas County; Texas","1211","145","1066",
"1500000US481130137273","Block Group 3; Census Tract 137.27; Dallas County; Texas","1029","210","819",
"1500000US481130137281","Block Group 1; Census Tract 137.28; Dallas County; Texas","1819","583","1236",
"1500000US481130137282","Block Group 2; Census Tract 137.28; Dallas County; Texas","1162","276","886",
"1500000US481130137283","Block Group 3; Census Tract 137.28; Dallas County; Texas","2083","582","1501",
"1500000US481130137291","Block Group 1; Census Tract 137.29; Dallas County; Texas","2118","345","1773",
"1500000US481130137292","Block Group 2; Census Tract 137.29; Dallas County; Texas","2060","538","1522",
"1500000US481130137293","Block Group 3; Census Tract 137.29; Dallas County; Texas","1727","435","1292",
"1500000US481130137294","Block Group 4; Census Tract 137.29; Dallas County; Texas","1361","456","905",
"1500000US481130138041","Block Group 1; Census Tract 138.04; Dallas County; Texas","1247","255","992",
"1500000US481130138042","Block Group 2; Census Tract 138.04; Dallas County; Texas","2157","490","1667",
"1500000US481130138051","Block Group 1; Census Tract 138.05; Dallas County; Texas","2761","297","2464",
"1500000US481130138052","Block Group 2; Census Tract 138.05; Dallas County; Texas","1340","245","1095",
"1500000US481130138061","Block Group 1; Census Tract 138.06; Dallas County; Texas","1986","187","1799",
"1500000US481130138062","Block Group 2; Census Tract 138.06; Dallas County; Texas","1635","245","1390",
"1500000US481130138071","Block Group 1; Census Tract 138.07; Dallas County; Texas","1068","157","911",
"1500000US481130138072","Block Group 2; Census Tract 138.07; Dallas County; Texas","1710","338","1372",
"1500000US481130138081","Block Group 1; Census Tract 138.08; Dallas County; Texas","678","67","611",
"1500000US481130138082","Block Group 2; Census Tract 138.08; Dallas County; Texas","1326","236","1090",
"1500000US481130138083","Block Group 3; Census Tract 138.08; Dallas County; Texas","852","115","737",
"1500000US481130139011","Block Group 1; Census Tract 139.01; Dallas County; Texas","1848","470","1378",
"1500000US481130139012","Block Group 2; Census Tract 139.01; Dallas County; Texas","1435","346","1089",
"1500000US481130139021","Block Group 1; Census Tract 139.02; Dallas County; Texas","1017","213","804",
"1500000US481130139022","Block Group 2; Census Tract 139.02; Dallas County; Texas","1073","215","858",
"1500000US481130139023","Block Group 3; Census Tract 139.02; Dallas County; Texas","2188","495","1693",
"1500000US481130140011","Block Group 1; Census Tract 140.01; Dallas County; Texas","2873","479","2394",
"1500000US481130140012","Block Group 2; Census Tract 140.01; Dallas County; Texas","1301","246","1055",
"1500000US481130140021","Block Group 1; Census Tract 140.02; Dallas County; Texas","1985","262","1723",
"1500000US481130141191","Block Group 1; Census Tract 141.19; Dallas County; Texas","1779","460","1319",
"1500000US481130141192","Block Group 2; Census Tract 141.19; Dallas County; Texas","1290","306","984",
"1500000US481130141193","Block Group 3; Census Tract 141.19; Dallas County; Texas","1586","358","1228",
"1500000US481130141201","Block Group 1; Census Tract 141.20; Dallas County; Texas","1409","412","997",
"1500000US481130141202","Block Group 2; Census Tract 141.20; Dallas County; Texas","2204","587","1617",
"1500000US481130141203","Block Group 3; Census Tract 141.20; Dallas County; Texas","1564","384","1180",
"1500000US481130141211","Block Group 1; Census Tract 141.21; Dallas County; Texas","935","201","734",
"1500000US481130141212","Block Group 2; Census Tract 141.21; Dallas County; Texas","1447","302","1145",
"1500000US481130141213","Block Group 3; Census Tract 141.21; Dallas County; Texas","1032","179","853",
"1500000US481130141214","Block Group 4; Census Tract 141.21; Dallas County; Texas","2052","411","1641",
"1500000US481130141231","Block Group 1; Census Tract 141.23; Dallas County; Texas","2466","734","1732",
"1500000US481130141232","Block Group 2; Census Tract 141.23; Dallas County; Texas","1358","410","948",
"1500000US481130141233","Block Group 3; Census Tract 141.23; Dallas County; Texas","2278","614","1664",
"1500000US481130141241","Block Group 1; Census Tract 141.24; Dallas County; Texas","3034","664","2370",
"1500000US481130141242","Block Group 2; Census Tract 141.24; Dallas County; Texas","16","7","9",
"1500000US481130141243","Block Group 3; Census Tract 141.24; Dallas County; Texas","1921","476","1445",
"1500000US481130141261","Block Group 1; Census Tract 141.26; Dallas County; Texas","2338","602","1736",
"1500000US481130141262","Block Group 2; Census Tract 141.26; Dallas County; Texas","1631","395","1236",
"1500000US481130141263","Block Group 3; Census Tract 141.26; Dallas County; Texas","29","9","20",
"1500000US481130141264","Block Group 4; Census Tract 141.26; Dallas County; Texas","2996","932","2064",
"1500000US481130141281","Block Group 1; Census Tract 141.28; Dallas County; Texas","1870","521","1349",
"1500000US481130141282","Block Group 2; Census Tract 141.28; Dallas County; Texas","2387","718","1669",
"1500000US481130141301","Block Group 1; Census Tract 141.30; Dallas County; Texas","1737","329","1408",
"1500000US481130141302","Block Group 2; Census Tract 141.30; Dallas County; Texas","2052","376","1676",
"1500000US481130141303","Block Group 3; Census Tract 141.30; Dallas County; Texas","1396","311","1085",
"1500000US481130141321","Block Group 1; Census Tract 141.32; Dallas County; Texas","689","136","553",
"1500000US481130141322","Block Group 2; Census Tract 141.32; Dallas County; Texas","1939","566","1373",
"1500000US481130141341","Block Group 1; Census Tract 141.34; Dallas County; Texas","2159","498","1661",
"1500000US481130141342","Block Group 2; Census Tract 141.34; Dallas County; Texas","1997","590","1407",
"1500000US481130141351","Block Group 1; Census Tract 141.35; Dallas County; Texas","2185","658","1527",
"1500000US481130141352","Block Group 2; Census Tract 141.35; Dallas County; Texas","1176","315","861",
"1500000US481130141353","Block Group 3; Census Tract 141.35; Dallas County; Texas","1448","477","971",
"1500000US481130141381","Block Group 1; Census Tract 141.38; Dallas County; Texas","1415","284","1131",
"1500000US481130141382","Block Group 2; Census Tract 141.38; Dallas County; Texas","2074","458","1616",
"1500000US481130141383","Block Group 3; Census Tract 141.38; Dallas County; Texas","1132","347","785",
"1500000US481130141391","Block Group 1; Census Tract 141.39; Dallas County; Texas","955","225","730",
"1500000US481130141392","Block Group 2; Census Tract 141.39; Dallas County; Texas","1968","439","1529",
"1500000US481130141401","Block Group 1; Census Tract 141.40; Dallas County; Texas","2329","475","1854",
"1500000US481130141411","Block Group 1; Census Tract 141.41; Dallas County; Texas","840","140","700",
"1500000US481130141412","Block Group 2; Census Tract 141.41; Dallas County; Texas","1304","233","1071",
"1500000US481130141421","Block Group 1; Census Tract 141.42; Dallas County; Texas","1520","376","1144",
"1500000US481130141422","Block Group 2; Census Tract 141.42; Dallas County; Texas","800","181","619",
"1500000US481130141431","Block Group 1; Census Tract 141.43; Dallas County; Texas","4682","1046","3636",
"1500000US481130141441","Block Group 1; Census Tract 141.44; Dallas County; Texas","1937","397","1540",
"1500000US481130141442","Block Group 2; Census Tract 141.44; Dallas County; Texas","1024","100","924",
"1500000US481130141443","Block Group 3; Census Tract 141.44; Dallas County; Texas","2354","385","1969",
"1500000US481130141451","Block Group 1; Census Tract 141.45; Dallas County; Texas","1424","296","1128",
"1500000US481130141461","Block Group 1; Census Tract 141.46; Dallas County; Texas","2257","535","1722",
"1500000US481130141471","Block Group 1; Census Tract 141.47; Dallas County; Texas","857","221","636",
"1500000US481130141472","Block Group 2; Census Tract 141.47; Dallas County; Texas","1248","263","985",
"1500000US481130141481","Block Group 1; Census Tract 141.48; Dallas County; Texas","2632","838","1794",
"1500000US481130141482","Block Group 2; Census Tract 141.48; Dallas County; Texas","735","129","606",
"1500000US481130141491","Block Group 1; Census Tract 141.49; Dallas County; Texas","1398","401","997",
"1500000US481130141492","Block Group 2; Census Tract 141.49; Dallas County; Texas","2249","489","1760",
"1500000US481130141501","Block Group 1; Census Tract 141.50; Dallas County; Texas","1676","533","1143",
"1500000US481130141511","Block Group 1; Census Tract 141.51; Dallas County; Texas","2544","754","1790",
"1500000US481130141512","Block Group 2; Census Tract 141.51; Dallas County; Texas","1880","622","1258",
"1500000US481130141521","Block Group 1; Census Tract 141.52; Dallas County; Texas","1705","388","1317",
"1500000US481130141522","Block Group 2; Census Tract 141.52; Dallas County; Texas","1664","284","1380",
"1500000US481130141531","Block Group 1; Census Tract 141.53; Dallas County; Texas","1285","385","900",
"1500000US481130141532","Block Group 2; Census Tract 141.53; Dallas County; Texas","1522","361","1161",
"1500000US481130141533","Block Group 3; Census Tract 141.53; Dallas County; Texas","1175","266","909",
"1500000US481130141541","Block Group 1; Census Tract 141.54; Dallas County; Texas","1396","411","985",
"1500000US481130141542","Block Group 2; Census Tract 141.54; Dallas County; Texas","2129","612","1517",
"1500000US481130141551","Block Group 1; Census Tract 141.55; Dallas County; Texas","831","188","643",
"1500000US481130141552","Block Group 2; Census Tract 141.55; Dallas County; Texas","819","122","697",
"1500000US481130141553","Block Group 3; Census Tract 141.55; Dallas County; Texas","1130","319","811",
"1500000US481130141554","Block Group 4; Census Tract 141.55; Dallas County; Texas","1352","484","868",
"1500000US481130141555","Block Group 5; Census Tract 141.55; Dallas County; Texas","1305","398","907",
"1500000US481130141561","Block Group 1; Census Tract 141.56; Dallas County; Texas","2304","706","1598",
"1500000US481130141562","Block Group 2; Census Tract 141.56; Dallas County; Texas","1839","588","1251",
"1500000US481130141571","Block Group 1; Census Tract 141.57; Dallas County; Texas","1894","312","1582",
"1500000US481130141572","Block Group 2; Census Tract 141.57; Dallas County; Texas","20","5","15",
"1500000US481130141581","Block Group 1; Census Tract 141.58; Dallas County; Texas","1729","443","1286",
"1500000US481130141582","Block Group 2; Census Tract 141.58; Dallas County; Texas","1361","319","1042",
"1500000US481130141591","Block Group 1; Census Tract 141.59; Dallas County; Texas","2094","802","1292",
"1500000US481130141592","Block Group 2; Census Tract 141.59; Dallas County; Texas","910","370","540",
"1500000US481130141601","Block Group 1; Census Tract 141.60; Dallas County; Texas","2720","563","2157",
"1500000US481130141611","Block Group 1; Census Tract 141.61; Dallas County; Texas","1026","219","807",
"1500000US481130141612","Block Group 2; Census Tract 141.61; Dallas County; Texas","2096","514","1582",
"1500000US481130142031","Block Group 1; Census Tract 142.03; Dallas County; Texas","1628","430","1198",
"1500000US481130142032","Block Group 2; Census Tract 142.03; Dallas County; Texas","1813","372","1441",
"1500000US481130142041","Block Group 1; Census Tract 142.04; Dallas County; Texas","2224","518","1706",
"1500000US481130142051","Block Group 1; Census Tract 142.05; Dallas County; Texas","1925","323","1602",
"1500000US481130142071","Block Group 1; Census Tract 142.07; Dallas County; Texas","2656","174","2482",
"1500000US481130142081","Block Group 1; Census Tract 142.08; Dallas County; Texas","1296","100","1196",
"1500000US481130142082","Block Group 2; Census Tract 142.08; Dallas County; Texas","1410","76","1334",
"1500000US481130142091","Block Group 1; Census Tract 142.09; Dallas County; Texas","4047","255","3792",
"1500000US481130143061","Block Group 1; Census Tract 143.06; Dallas County; Texas","1552","437","1115",
"1500000US481130143062","Block Group 2; Census Tract 143.06; Dallas County; Texas","1825","530","1295",
"1500000US481130143063","Block Group 3; Census Tract 143.06; Dallas County; Texas","1532","426","1106",
"1500000US481130143064","Block Group 4; Census Tract 143.06; Dallas County; Texas","1069","245","824",
"1500000US481130143081","Block Group 1; Census Tract 143.08; Dallas County; Texas","1648","490","1158",
"1500000US481130143082","Block Group 2; Census Tract 143.08; Dallas County; Texas","2627","794","1833",
"1500000US481130143091","Block Group 1; Census Tract 143.09; Dallas County; Texas","1030","326","704",
"1500000US481130143092","Block Group 2; Census Tract 143.09; Dallas County; Texas","2066","571","1495",
"1500000US481130143093","Block Group 3; Census Tract 143.09; Dallas County; Texas","1904","654","1250",
"1500000US481130143101","Block Group 1; Census Tract 143.10; Dallas County; Texas","1580","409","1171",
"1500000US481130143102","Block Group 2; Census Tract 143.10; Dallas County; Texas","1470","294","1176",
"1500000US481130143103","Block Group 3; Census Tract 143.10; Dallas County; Texas","1866","517","1349",
"1500000US481130143131","Block Group 1; Census Tract 143.13; Dallas County; Texas","1666","221","1445",
"1500000US481130143132","Block Group 2; Census Tract 143.13; Dallas County; Texas","1916","485","1431",
"1500000US481130143141","Block Group 1; Census Tract 143.14; Dallas County; Texas","1540","285","1255",
"1500000US481130143142","Block Group 2; Census Tract 143.14; Dallas County; Texas","1495","300","1195",
"1500000US481130143151","Block Group 1; Census Tract 143.15; Dallas County; Texas","1588","427","1161",
"1500000US481130143152","Block Group 2; Census Tract 143.15; Dallas County; Texas","1578","467","1111",
"1500000US481130143161","Block Group 1; Census Tract 143.16; Dallas County; Texas","968","225","743",
"1500000US481130143162","Block Group 2; Census Tract 143.16; Dallas County; Texas","1185","272","913",
"1500000US481130143163","Block Group 3; Census Tract 143.16; Dallas County; Texas","1765","426","1339",
"1500000US481130143171","Block Group 1; Census Tract 143.17; Dallas County; Texas","1647","229","1418",
"1500000US481130143181","Block Group 1; Census Tract 143.18; Dallas County; Texas","707","115","592",
"1500000US481130143182","Block Group 2; Census Tract 143.18; Dallas County; Texas","750","172","578",
"1500000US481130143183","Block Group 3; Census Tract 143.18; Dallas County; Texas","1269","289","980",
"1500000US481130143191","Block Group 1; Census Tract 143.19; Dallas County; Texas","946","271","675",
"1500000US481130143192","Block Group 2; Census Tract 143.19; Dallas County; Texas","1718","462","1256",
"1500000US481130143201","Block Group 1; Census Tract 143.20; Dallas County; Texas","936","232","704",
"1500000US481130143202","Block Group 2; Census Tract 143.20; Dallas County; Texas","1811","509","1302",
"1500000US481130144051","Block Group 1; Census Tract 144.05; Dallas County; Texas","1259","313","946",
"1500000US481130144052","Block Group 2; Census Tract 144.05; Dallas County; Texas","2779","803","1976",
"1500000US481130144061","Block Group 1; Census Tract 144.06; Dallas County; Texas","1952","451","1501",
"1500000US481130144062","Block Group 2; Census Tract 144.06; Dallas County; Texas","2734","760","1974",
"1500000US481130144071","Block Group 1; Census Tract 144.07; Dallas County; Texas","1788","491","1297",
"1500000US481130144072","Block Group 2; Census Tract 144.07; Dallas County; Texas","1664","460","1204",
"1500000US481130144073","Block Group 3; Census Tract 144.07; Dallas County; Texas","2009","541","1468",
"1500000US481130144081","Block Group 1; Census Tract 144.08; Dallas County; Texas","1161","351","810",
"1500000US481130144082","Block Group 2; Census Tract 144.08; Dallas County; Texas","1815","361","1454",
"1500000US481130144083","Block Group 3; Census Tract 144.08; Dallas County; Texas","1388","256","1132",
"1500000US481130144091","Block Group 1; Census Tract 144.09; Dallas County; Texas","2396","593","1803",
"1500000US481130144101","Block Group 1; Census Tract 144.10; Dallas County; Texas","2065","572","1493",
"1500000US481130144102","Block Group 2; Census Tract 144.10; Dallas County; Texas","654","163","491",
"1500000US481130145011","Block Group 1; Census Tract 145.01; Dallas County; Texas","1437","364","1073",
"1500000US481130145012","Block Group 2; Census Tract 145.01; Dallas County; Texas","1080","290","790",
"1500000US481130145013","Block Group 3; Census Tract 145.01; Dallas County; Texas","954","218","736",
"1500000US481130145021","Block Group 1; Census Tract 145.02; Dallas County; Texas","1255","370","885",
"1500000US481130145022","Block Group 2; Census Tract 145.02; Dallas County; Texas","1313","292","1021",
"1500000US481130145023","Block Group 3; Census Tract 145.02; Dallas County; Texas","1862","473","1389",
"1500000US481130146011","Block Group 1; Census Tract 146.01; Dallas County; Texas","2376","678","1698",
"1500000US481130146021","Block Group 1; Census Tract 146.02; Dallas County; Texas","2507","819","1688",
"1500000US481130146022","Block Group 2; Census Tract 146.02; Dallas County; Texas","1040","271","769",
"1500000US481130146023","Block Group 3; Census Tract 146.02; Dallas County; Texas","1336","465","871",
"1500000US481130146031","Block Group 1; Census Tract 146.03; Dallas County; Texas","1827","501","1326",
"1500000US481130147011","Block Group 1; Census Tract 147.01; Dallas County; Texas","1261","380","881",
"1500000US481130147012","Block Group 2; Census Tract 147.01; Dallas County; Texas","2048","545","1503",
"1500000US481130147013","Block Group 3; Census Tract 147.01; Dallas County; Texas","1360","380","980",
"1500000US481130147041","Block Group 1; Census Tract 147.04; Dallas County; Texas","1997","587","1410",
"1500000US481130147042","Block Group 2; Census Tract 147.04; Dallas County; Texas","1207","313","894",
"1500000US481130147043","Block Group 3; Census Tract 147.04; Dallas County; Texas","2525","837","1688",
"1500000US481130149031","Block Group 1; Census Tract 149.03; Dallas County; Texas","2563","698","1865",
"1500000US481130149032","Block Group 2; Census Tract 149.03; Dallas County; Texas","1421","432","989",
"1500000US481130150011","Block Group 1; Census Tract 150.01; Dallas County; Texas","2972","795","2177",
"1500000US481130150012","Block Group 2; Census Tract 150.01; Dallas County; Texas","2214","733","1481",
"1500000US481130150021","Block Group 1; Census Tract 150.02; Dallas County; Texas","1709","452","1257",
"1500000US481130150022","Block Group 2; Census Tract 150.02; Dallas County; Texas","1338","340","998",
"1500000US481130151011","Block Group 1; Census Tract 151.01; Dallas County; Texas","2353","589","1764",
"1500000US481130151012","Block Group 2; Census Tract 151.01; Dallas County; Texas","1966","463","1503",
"1500000US481130151021","Block Group 1; Census Tract 151.02; Dallas County; Texas","2417","702","1715",
"1500000US481130152021","Block Group 1; Census Tract 152.02; Dallas County; Texas","1347","376","971",
"1500000US481130152022","Block Group 2; Census Tract 152.02; Dallas County; Texas","2178","611","1567",
"1500000US481130152051","Block Group 1; Census Tract 152.05; Dallas County; Texas","1947","517","1430",
"1500000US481130152052","Block Group 2; Census Tract 152.05; Dallas County; Texas","2036","675","1361",
"1500000US481130152061","Block Group 1; Census Tract 152.06; Dallas County; Texas","1651","449","1202",
"1500000US481130152062","Block Group 2; Census Tract 152.06; Dallas County; Texas","2554","640","1914",
"1500000US481130152071","Block Group 1; Census Tract 152.07; Dallas County; Texas","2147","435","1712",
"1500000US481130152072","Block Group 2; Census Tract 152.07; Dallas County; Texas","1872","426","1446",
"1500000US481130152081","Block Group 1; Census Tract 152.08; Dallas County; Texas","2101","523","1578",
"1500000US481130152082","Block Group 2; Census Tract 152.08; Dallas County; Texas","1646","506","1140",
"1500000US481130153031","Block Group 1; Census Tract 153.03; Dallas County; Texas","1973","649","1324",
"1500000US481130153041","Block Group 1; Census Tract 153.04; Dallas County; Texas","1462","416","1046",
"1500000US481130153042","Block Group 2; Census Tract 153.04; Dallas County; Texas","2524","755","1769",
"1500000US481130153051","Block Group 1; Census Tract 153.05; Dallas County; Texas","1714","456","1258",
"1500000US481130153052","Block Group 2; Census Tract 153.05; Dallas County; Texas","1481","412","1069",
"1500000US481130153053","Block Group 3; Census Tract 153.05; Dallas County; Texas","1261","329","932",
"1500000US481130153061","Block Group 1; Census Tract 153.06; Dallas County; Texas","2506","634","1872",
"1500000US481130153062","Block Group 2; Census Tract 153.06; Dallas County; Texas","1459","382","1077",
"1500000US481130153063","Block Group 3; Census Tract 153.06; Dallas County; Texas","1594","409","1185",
"1500000US481130154031","Block Group 1; Census Tract 154.03; Dallas County; Texas","1545","451","1094",
"1500000US481130154032","Block Group 2; Census Tract 154.03; Dallas County; Texas","2006","516","1490",
"1500000US481130154041","Block Group 1; Census Tract 154.04; Dallas County; Texas","2744","919","1825",
"1500000US481130154042","Block Group 2; Census Tract 154.04; Dallas County; Texas","1702","526","1176",
"1500000US481130154051","Block Group 1; Census Tract 154.05; Dallas County; Texas","1640","341","1299",
"1500000US481130154052","Block Group 2; Census Tract 154.05; Dallas County; Texas","672","156","516",
"1500000US481130154061","Block Group 1; Census Tract 154.06; Dallas County; Texas","1252","217","1035",
"1500000US481130154062","Block Group 2; Census Tract 154.06; Dallas County; Texas","764","128","636",
"1500000US481130154063","Block Group 3; Census Tract 154.06; Dallas County; Texas","1487","276","1211",
"1500000US481130155001","Block Group 1; Census Tract 155; Dallas County; Texas","1154","327","827",
"1500000US481130155002","Block Group 2; Census Tract 155; Dallas County; Texas","2443","715","1728",
"1500000US481130156001","Block Group 1; Census Tract 156; Dallas County; Texas","1927","546","1381",
"1500000US481130156002","Block Group 2; Census Tract 156; Dallas County; Texas","1377","404","973",
"1500000US481130156003","Block Group 3; Census Tract 156; Dallas County; Texas","1712","560","1152",
"1500000US481130157001","Block Group 1; Census Tract 157; Dallas County; Texas","1384","422","962",
"1500000US481130157002","Block Group 2; Census Tract 157; Dallas County; Texas","1115","336","779",
"1500000US481130159001","Block Group 1; Census Tract 159; Dallas County; Texas","2170","548","1622",
"1500000US481130159002","Block Group 2; Census Tract 159; Dallas County; Texas","23","9","14",
"1500000US481130159003","Block Group 3; Census Tract 159; Dallas County; Texas","1316","508","808",
"1500000US481130160011","Block Group 1; Census Tract 160.01; Dallas County; Texas","1371","412","959",
"1500000US481130160012","Block Group 2; Census Tract 160.01; Dallas County; Texas","1614","502","1112",
"1500000US481130160013","Block Group 3; Census Tract 160.01; Dallas County; Texas","1639","511","1128",
"1500000US481130160021","Block Group 1; Census Tract 160.02; Dallas County; Texas","1201","388","813",
"1500000US481130160022","Block Group 2; Census Tract 160.02; Dallas County; Texas","1725","510","1215",
"1500000US481130161001","Block Group 1; Census Tract 161; Dallas County; Texas","1661","512","1149",
"1500000US481130161002","Block Group 2; Census Tract 161; Dallas County; Texas","0","0","0",
"1500000US481130161003","Block Group 3; Census Tract 161; Dallas County; Texas","930","153","777",
"1500000US481130161004","Block Group 4; Census Tract 161; Dallas County; Texas","1258","386","872",
"1500000US481130161005","Block Group 5; Census Tract 161; Dallas County; Texas","0","0","0",
"1500000US481130162011","Block Group 1; Census Tract 162.01; Dallas County; Texas","2517","727","1790",
"1500000US481130162012","Block Group 2; Census Tract 162.01; Dallas County; Texas","2032","670","1362",
"1500000US481130162031","Block Group 1; Census Tract 162.03; Dallas County; Texas","1000","351","649",
"1500000US481130162032","Block Group 2; Census Tract 162.03; Dallas County; Texas","1189","442","747",
"1500000US481130162041","Block Group 1; Census Tract 162.04; Dallas County; Texas","1333","363","970",
"1500000US481130162042","Block Group 2; Census Tract 162.04; Dallas County; Texas","1287","320","967",
"1500000US481130162043","Block Group 3; Census Tract 162.04; Dallas County; Texas","1536","430","1106",
"1500000US481130163011","Block Group 1; Census Tract 163.01; Dallas County; Texas","2047","559","1488",
"1500000US481130163012","Block Group 2; Census Tract 163.01; Dallas County; Texas","3200","905","2295",
"1500000US481130163013","Block Group 3; Census Tract 163.01; Dallas County; Texas","1554","410","1144",
"1500000US481130163021","Block Group 1; Census Tract 163.02; Dallas County; Texas","2123","639","1484",
"1500000US481130164061","Block Group 1; Census Tract 164.06; Dallas County; Texas","1669","487","1182",
"1500000US481130164062","Block Group 2; Census Tract 164.06; Dallas County; Texas","1251","311","940",
"1500000US481130164063","Block Group 3; Census Tract 164.06; Dallas County; Texas","1999","655","1344",
"1500000US481130164071","Block Group 1; Census Tract 164.07; Dallas County; Texas","2242","643","1599",
"1500000US481130164072","Block Group 2; Census Tract 164.07; Dallas County; Texas","2063","611","1452",
"1500000US481130164073","Block Group 3; Census Tract 164.07; Dallas County; Texas","1205","321","884",
"1500000US481130164074","Block Group 4; Census Tract 164.07; Dallas County; Texas","1286","371","915",
"1500000US481130164091","Block Group 1; Census Tract 164.09; Dallas County; Texas","1964","404","1560",
"1500000US481130164092","Block Group 2; Census Tract 164.09; Dallas County; Texas","1884","411","1473",
"1500000US481130164101","Block Group 1; Census Tract 164.10; Dallas County; Texas","1264","291","973",
"1500000US481130164102","Block Group 2; Census Tract 164.10; Dallas County; Texas","1711","467","1244",
"1500000US481130164103","Block Group 3; Census Tract 164.10; Dallas County; Texas","1275","291","984",
"1500000US481130164121","Block Group 1; Census Tract 164.12; Dallas County; Texas","2366","621","1745",
"1500000US481130164122","Block Group 2; Census Tract 164.12; Dallas County; Texas","2109","465","1644",
"1500000US481130164141","Block Group 1; Census Tract 164.14; Dallas County; Texas","2163","563","1600",
"1500000US481130164151","Block Group 1; Census Tract 164.15; Dallas County; Texas","2674","674","2000",
"1500000US481130164152","Block Group 2; Census Tract 164.15; Dallas County; Texas","2161","572","1589",
"1500000US481130164161","Block Group 1; Census Tract 164.16; Dallas County; Texas","3116","893","2223",
"1500000US481130164171","Block Group 1; Census Tract 164.17; Dallas County; Texas","2539","657","1882",
"1500000US481130164172","Block Group 2; Census Tract 164.17; Dallas County; Texas","2042","513","1529",
"1500000US481130164173","Block Group 3; Census Tract 164.17; Dallas County; Texas","1608","454","1154",
"1500000US481130164181","Block Group 1; Census Tract 164.18; Dallas County; Texas","2402","681","1721",
"1500000US481130164182","Block Group 2; Census Tract 164.18; Dallas County; Texas","2315","514","1801",
"1500000US481130164191","Block Group 1; Census Tract 164.19; Dallas County; Texas","2671","683","1988",
"1500000US481130164192","Block Group 2; Census Tract 164.19; Dallas County; Texas","2849","814","2035",
"1500000US481130164201","Block Group 1; Census Tract 164.20; Dallas County; Texas","1702","486","1216",
"1500000US481130164202","Block Group 2; Census Tract 164.20; Dallas County; Texas","1458","356","1102",
"1500000US481130164211","Block Group 1; Census Tract 164.21; Dallas County; Texas","2325","526","1799",
"1500000US481130164212","Block Group 2; Census Tract 164.21; Dallas County; Texas","1498","434","1064",
"1500000US481130165111","Block Group 1; Census Tract 165.11; Dallas County; Texas","1888","486","1402",
"1500000US481130165112","Block Group 2; Census Tract 165.11; Dallas County; Texas","2447","669","1778",
"1500000US481130165131","Block Group 1; Census Tract 165.13; Dallas County; Texas","1142","230","912",
"1500000US481130165132","Block Group 2; Census Tract 165.13; Dallas County; Texas","1279","245","1034",
"1500000US481130165133","Block Group 3; Census Tract 165.13; Dallas County; Texas","1264","184","1080",
"1500000US481130165134","Block Group 4; Census Tract 165.13; Dallas County; Texas","1590","378","1212",
"1500000US481130165161","Block Group 1; Census Tract 165.16; Dallas County; Texas","2028","576","1452",
"1500000US481130165162","Block Group 2; Census Tract 165.16; Dallas County; Texas","1328","344","984",
"1500000US481130165163","Block Group 3; Census Tract 165.16; Dallas County; Texas","2145","576","1569",
"1500000US481130165171","Block Group 1; Census Tract 165.17; Dallas County; Texas","1296","352","944",
"1500000US481130165172","Block Group 2; Census Tract 165.17; Dallas County; Texas","1509","462","1047",
"1500000US481130165173","Block Group 3; Census Tract 165.17; Dallas County; Texas","1797","429","1368",
"1500000US481130165181","Block Group 1; Census Tract 165.18; Dallas County; Texas","1706","496","1210",
"1500000US481130165182","Block Group 2; Census Tract 165.18; Dallas County; Texas","1746","609","1137",
"1500000US481130165183","Block Group 3; Census Tract 165.18; Dallas County; Texas","1833","491","1342",
"1500000US481130165191","Block Group 1; Census Tract 165.19; Dallas County; Texas","1209","297","912",
"1500000US481130165192","Block Group 2; Census Tract 165.19; Dallas County; Texas","1277","306","971",
"1500000US481130165211","Block Group 1; Census Tract 165.21; Dallas County; Texas","2803","806","1997",
"1500000US481130165212","Block Group 2; Census Tract 165.21; Dallas County; Texas","3183","904","2279",
"1500000US481130165221","Block Group 1; Census Tract 165.22; Dallas County; Texas","2343","577","1766",
"1500000US481130165222","Block Group 2; Census Tract 165.22; Dallas County; Texas","1289","268","1021",
"1500000US481130165241","Block Group 1; Census Tract 165.24; Dallas County; Texas","1216","221","995",
"1500000US481130165242","Block Group 2; Census Tract 165.24; Dallas County; Texas","1861","367","1494",
"1500000US481130165251","Block Group 1; Census Tract 165.25; Dallas County; Texas","2452","488","1964",
"1500000US481130165261","Block Group 1; Census Tract 165.26; Dallas County; Texas","2092","583","1509",
"1500000US481130165262","Block Group 2; Census Tract 165.26; Dallas County; Texas","1609","412","1197",
"1500000US481130165271","Block Group 1; Census Tract 165.27; Dallas County; Texas","1766","483","1283",
"1500000US481130165272","Block Group 2; Census Tract 165.27; Dallas County; Texas","1010","295","715",
"1500000US481130165273","Block Group 3; Census Tract 165.27; Dallas County; Texas","1550","421","1129",
"1500000US481130165281","Block Group 1; Census Tract 165.28; Dallas County; Texas","1525","421","1104",
"1500000US481130165282","Block Group 2; Census Tract 165.28; Dallas County; Texas","1606","448","1158",
"1500000US481130165283","Block Group 3; Census Tract 165.28; Dallas County; Texas","1762","416","1346",
"1500000US481130165291","Block Group 1; Census Tract 165.29; Dallas County; Texas","1446","352","1094",
"1500000US481130165292","Block Group 2; Census Tract 165.29; Dallas County; Texas","1928","480","1448",
"1500000US481130165301","Block Group 1; Census Tract 165.30; Dallas County; Texas","1897","444","1453",
"1500000US481130165302","Block Group 2; Census Tract 165.30; Dallas County; Texas","2379","577","1802",
"1500000US481130165311","Block Group 1; Census Tract 165.31; Dallas County; Texas","1574","496","1078",
"1500000US481130165312","Block Group 2; Census Tract 165.31; Dallas County; Texas","1825","370","1455",
"1500000US481130165321","Block Group 1; Census Tract 165.32; Dallas County; Texas","1421","347","1074",
"1500000US481130165322","Block Group 2; Census Tract 165.32; Dallas County; Texas","1072","243","829",
"1500000US481130165331","Block Group 1; Census Tract 165.33; Dallas County; Texas","0","0","0",
"1500000US481130165332","Block Group 2; Census Tract 165.33; Dallas County; Texas","1579","479","1100",
"1500000US481130165333","Block Group 3; Census Tract 165.33; Dallas County; Texas","2283","711","1572",
"1500000US481130165341","Block Group 1; Census Tract 165.34; Dallas County; Texas","1358","522","836",
"1500000US481130165342","Block Group 2; Census Tract 165.34; Dallas County; Texas","2230","707","1523",
"1500000US481130165351","Block Group 1; Census Tract 165.35; Dallas County; Texas","1848","430","1418",
"1500000US481130165352","Block Group 2; Census Tract 165.35; Dallas County; Texas","1909","472","1437",
"1500000US481130165361","Block Group 1; Census Tract 165.36; Dallas County; Texas","1385","433","952",
"1500000US481130165362","Block Group 2; Census Tract 165.36; Dallas County; Texas","1808","588","1220",
"1500000US481130166071","Block Group 1; Census Tract 166.07; Dallas County; Texas","1500","347","1153",
"1500000US481130166072","Block Group 2; Census Tract 166.07; Dallas County; Texas","676","146","530",
"1500000US481130166073","Block Group 3; Census Tract 166.07; Dallas County; Texas","1467","462","1005",
"1500000US481130166101","Block Group 1; Census Tract 166.10; Dallas County; Texas","1376","317","1059",
"1500000US481130166102","Block Group 2; Census Tract 166.10; Dallas County; Texas","1458","323","1135",
"1500000US481130166103","Block Group 3; Census Tract 166.10; Dallas County; Texas","1945","407","1538",
"1500000US481130166151","Block Group 1; Census Tract 166.15; Dallas County; Texas","2104","586","1518",
"1500000US481130166152","Block Group 2; Census Tract 166.15; Dallas County; Texas","2114","593","1521",
"1500000US481130166161","Block Group 1; Census Tract 166.16; Dallas County; Texas","1756","479","1277",
"1500000US481130166162","Block Group 2; Census Tract 166.16; Dallas County; Texas","2429","699","1730",
"1500000US481130166163","Block Group 3; Census Tract 166.16; Dallas County; Texas","2215","695","1520",
"1500000US481130166171","Block Group 1; Census Tract 166.17; Dallas County; Texas","2346","410","1936",
"1500000US481130166172","Block Group 2; Census Tract 166.17; Dallas County; Texas","2168","344","1824",
"1500000US481130166181","Block Group 1; Census Tract 166.18; Dallas County; Texas","1459","406","1053",
"1500000US481130166182","Block Group 2; Census Tract 166.18; Dallas County; Texas","1611","355","1256",
"1500000US481130166183","Block Group 3; Census Tract 166.18; Dallas County; Texas","2168","496","1672",
"1500000US481130166191","Block Group 1; Census Tract 166.19; Dallas County; Texas","1809","368","1441",
"1500000US481130166192","Block Group 2; Census Tract 166.19; Dallas County; Texas","1922","469","1453",
"1500000US481130166201","Block Group 1; Census Tract 166.20; Dallas County; Texas","1738","451","1287",
"1500000US481130166202","Block Group 2; Census Tract 166.20; Dallas County; Texas","1398","241","1157",
"1500000US481130166203","Block Group 3; Census Tract 166.20; Dallas County; Texas","2547","598","1949",
"1500000US481130166211","Block Group 1; Census Tract 166.21; Dallas County; Texas","1966","569","1397",
"1500000US481130166212","Block Group 2; Census Tract 166.21; Dallas County; Texas","1866","621","1245",
"1500000US481130166213","Block Group 3; Census Tract 166.21; Dallas County; Texas","1672","589","1083",
"1500000US481130166214","Block Group 4; Census Tract 166.21; Dallas County; Texas","2040","542","1498",
"1500000US481130166221","Block Group 1; Census Tract 166.22; Dallas County; Texas","1104","302","802",
"1500000US481130166222","Block Group 2; Census Tract 166.22; Dallas County; Texas","1653","473","1180",
"1500000US481130166223","Block Group 3; Census Tract 166.22; Dallas County; Texas","1150","341","809",
"1500000US481130166231","Block Group 1; Census Tract 166.23; Dallas County; Texas","3051","803","2248",
"1500000US481130166232","Block Group 2; Census Tract 166.23; Dallas County; Texas","2844","901","1943",
"1500000US481130166233","Block Group 3; Census Tract 166.23; Dallas County; Texas","2384","635","1749",
"1500000US481130166241","Block Group 1; Census Tract 166.24; Dallas County; Texas","1641","420","1221",
"1500000US481130166242","Block Group 2; Census Tract 166.24; Dallas County; Texas","1795","431","1364",
"1500000US481130166261","Block Group 1; Census Tract 166.26; Dallas County; Texas","1643","442","1201",
"1500000US481130166262","Block Group 2; Census Tract 166.26; Dallas County; Texas","2133","660","1473",
"1500000US481130166263","Block Group 3; Census Tract 166.26; Dallas County; Texas","1156","377","779",
"1500000US481130166271","Block Group 1; Census Tract 166.27; Dallas County; Texas","86","25","61",
"1500000US481130166272","Block Group 2; Census Tract 166.27; Dallas County; Texas","1571","339","1232",
"1500000US481130166281","Block Group 1; Census Tract 166.28; Dallas County; Texas","2966","781","2185",
"1500000US481130166282","Block Group 2; Census Tract 166.28; Dallas County; Texas","2068","502","1566",
"1500000US481130166291","Block Group 1; Census Tract 166.29; Dallas County; Texas","1242","309","933",
"1500000US481130166292","Block Group 2; Census Tract 166.29; Dallas County; Texas","1916","521","1395",
"1500000US481130166301","Block Group 1; Census Tract 166.30; Dallas County; Texas","1651","450","1201",
"1500000US481130166302","Block Group 2; Census Tract 166.30; Dallas County; Texas","1798","481","1317",
"1500000US481130166303","Block Group 3; Census Tract 166.30; Dallas County; Texas","1262","406","856",
"1500000US481130166304","Block Group 4; Census Tract 166.30; Dallas County; Texas","1573","445","1128",
"1500000US481130166311","Block Group 1; Census Tract 166.31; Dallas County; Texas","2667","589","2078",
"1500000US481130166312","Block Group 2; Census Tract 166.31; Dallas County; Texas","2420","588","1832",
"1500000US481130166321","Block Group 1; Census Tract 166.32; Dallas County; Texas","1509","404","1105",
"1500000US481130166322","Block Group 2; Census Tract 166.32; Dallas County; Texas","1725","354","1371",
"1500000US481130166331","Block Group 1; Census Tract 166.33; Dallas County; Texas","2379","628","1751",
"1500000US481130166332","Block Group 2; Census Tract 166.33; Dallas County; Texas","2085","551","1534",
"1500000US481130166333","Block Group 3; Census Tract 166.33; Dallas County; Texas","1841","413","1428",
"1500000US481130166341","Block Group 1; Census Tract 166.34; Dallas County; Texas","2129","700","1429",
"1500000US481130166342","Block Group 2; Census Tract 166.34; Dallas County; Texas","1408","294","1114",
"1500000US481130166351","Block Group 1; Census Tract 166.35; Dallas County; Texas","667","33","634",
"1500000US481130166352","Block Group 2; Census Tract 166.35; Dallas County; Texas","2329","1125","1204",
"1500000US481130166353","Block Group 3; Census Tract 166.35; Dallas County; Texas","917","248","669",
"1500000US481130166361","Block Group 1; Census Tract 166.36; Dallas County; Texas","1279","308","971",
"1500000US481130166362","Block Group 2; Census Tract 166.36; Dallas County; Texas","1648","382","1266",
"1500000US481130166371","Block Group 1; Census Tract 166.37; Dallas County; Texas","3186","839","2347",
"1500000US481130166381","Block Group 1; Census Tract 166.38; Dallas County; Texas","1800","292","1508",
"1500000US481130167041","Block Group 1; Census Tract 167.04; Dallas County; Texas","2724","769","1955",
"1500000US481130167042","Block Group 2; Census Tract 167.04; Dallas County; Texas","1761","506","1255",
"1500000US481130167061","Block Group 1; Census Tract 167.06; Dallas County; Texas","1123","331","792",
"1500000US481130167062","Block Group 2; Census Tract 167.06; Dallas County; Texas","1346","383","963",
"1500000US481130167071","Block Group 1; Census Tract 167.07; Dallas County; Texas","1439","378","1061",
"1500000US481130167072","Block Group 2; Census Tract 167.07; Dallas County; Texas","1615","406","1209",
"1500000US481130167073","Block Group 3; Census Tract 167.07; Dallas County; Texas","1467","440","1027",
"1500000US481130167081","Block Group 1; Census Tract 167.08; Dallas County; Texas","2904","894","2010",
"1500000US481130167082","Block Group 2; Census Tract 167.08; Dallas County; Texas","2240","623","1617",
"1500000US481130167083","Block Group 3; Census Tract 167.08; Dallas County; Texas","1510","409","1101",
"1500000US481130167091","Block Group 1; Census Tract 167.09; Dallas County; Texas","2000","578","1422",
"1500000US481130167092","Block Group 2; Census Tract 167.09; Dallas County; Texas","2404","795","1609",
"1500000US481130167101","Block Group 1; Census Tract 167.10; Dallas County; Texas","2233","630","1603",
"1500000US481130167102","Block Group 2; Census Tract 167.10; Dallas County; Texas","2399","584","1815",
"1500000US481130167111","Block Group 1; Census Tract 167.11; Dallas County; Texas","2421","606","1815",
"1500000US481130168021","Block Group 1; Census Tract 168.02; Dallas County; Texas","1677","409","1268",
"1500000US481130168022","Block Group 2; Census Tract 168.02; Dallas County; Texas","2258","657","1601",
"1500000US481130168023","Block Group 3; Census Tract 168.02; Dallas County; Texas","1530","395","1135",
"1500000US481130168031","Block Group 1; Census Tract 168.03; Dallas County; Texas","2419","736","1683",
"1500000US481130168032","Block Group 2; Census Tract 168.03; Dallas County; Texas","1356","323","1033",
"1500000US481130168033","Block Group 3; Census Tract 168.03; Dallas County; Texas","2742","775","1967",
"1500000US481130168051","Block Group 1; Census Tract 168.05; Dallas County; Texas","2369","640","1729",
"1500000US481130168052","Block Group 2; Census Tract 168.05; Dallas County; Texas","522","126","396",
"1500000US481130168061","Block Group 1; Census Tract 168.06; Dallas County; Texas","2871","754","2117",
"1500000US481130168062","Block Group 2; Census Tract 168.06; Dallas County; Texas","2686","785","1901",
"1500000US481130169021","Block Group 1; Census Tract 169.02; Dallas County; Texas","3732","1298","2434",
"1500000US481130169022","Block Group 2; Census Tract 169.02; Dallas County; Texas","19","11","8",
"1500000US481130169023","Block Group 3; Census Tract 169.02; Dallas County; Texas","1362","391","971",
"1500000US481130169031","Block Group 1; Census Tract 169.03; Dallas County; Texas","2231","745","1486",
"1500000US481130169032","Block Group 2; Census Tract 169.03; Dallas County; Texas","2494","814","1680",
"1500000US481130169033","Block Group 3; Census Tract 169.03; Dallas County; Texas","1873","509","1364",
"1500000US481130170051","Block Group 1; Census Tract 170.05; Dallas County; Texas","1977","683","1294",
"1500000US481130170052","Block Group 2; Census Tract 170.05; Dallas County; Texas","2924","923","2001",
"1500000US481130170061","Block Group 1; Census Tract 170.06; Dallas County; Texas","2656","633","2023",
"1500000US481130170062","Block Group 2; Census Tract 170.06; Dallas County; Texas","1083","286","797",
"1500000US481130170071","Block Group 1; Census Tract 170.07; Dallas County; Texas","2082","628","1454",
"1500000US481130170072","Block Group 2; Census Tract 170.07; Dallas County; Texas","2901","1032","1869",
"1500000US481130170081","Block Group 1; Census Tract 170.08; Dallas County; Texas","3438","1171","2267",
"1500000US481130170082","Block Group 2; Census Tract 170.08; Dallas County; Texas","2359","652","1707",
"1500000US481130170083","Block Group 3; Census Tract 170.08; Dallas County; Texas","2564","803","1761",
"1500000US481130170091","Block Group 1; Census Tract 170.09; Dallas County; Texas","3410","1338","2072",
"1500000US481130170092","Block Group 2; Census Tract 170.09; Dallas County; Texas","2432","918","1514",
"1500000US481130170101","Block Group 1; Census Tract 170.10; Dallas County; Texas","3791","1317","2474",
"1500000US481130170102","Block Group 2; Census Tract 170.10; Dallas County; Texas","2782","979","1803",
"1500000US481130171011","Block Group 1; Census Tract 171.01; Dallas County; Texas","1497","421","1076",
"1500000US481130171012","Block Group 2; Census Tract 171.01; Dallas County; Texas","2224","826","1398",
"1500000US481130171013","Block Group 3; Census Tract 171.01; Dallas County; Texas","2266","667","1599",
"1500000US481130171021","Block Group 1; Census Tract 171.02; Dallas County; Texas","2030","741","1289",
"1500000US481130171022","Block Group 2; Census Tract 171.02; Dallas County; Texas","1652","466","1186",
"1500000US481130171023","Block Group 3; Census Tract 171.02; Dallas County; Texas","2328","774","1554",
"1500000US481130172011","Block Group 1; Census Tract 172.01; Dallas County; Texas","2610","856","1754",
"1500000US481130172012","Block Group 2; Census Tract 172.01; Dallas County; Texas","1520","499","1021",
"1500000US481130172013","Block Group 3; Census Tract 172.01; Dallas County; Texas","2127","638","1489",
"1500000US481130172031","Block Group 1; Census Tract 172.03; Dallas County; Texas","2225","550","1675",
"1500000US481130172032","Block Group 2; Census Tract 172.03; Dallas County; Texas","2583","830","1753",
"1500000US481130172041","Block Group 1; Census Tract 172.04; Dallas County; Texas","2224","735","1489",
"1500000US481130172042","Block Group 2; Census Tract 172.04; Dallas County; Texas","2224","721","1503",
"1500000US481130173071","Block Group 1; Census Tract 173.07; Dallas County; Texas","1141","329","812",
"1500000US481130173072","Block Group 2; Census Tract 173.07; Dallas County; Texas","1696","420","1276",
"1500000US481130173073","Block Group 3; Census Tract 173.07; Dallas County; Texas","1546","383","1163",
"1500000US481130173081","Block Group 1; Census Tract 173.08; Dallas County; Texas","1533","393","1140",
"1500000US481130173082","Block Group 2; Census Tract 173.08; Dallas County; Texas","1704","472","1232",
"1500000US481130173083","Block Group 3; Census Tract 173.08; Dallas County; Texas","1006","246","760",
"1500000US481130173091","Block Group 1; Census Tract 173.09; Dallas County; Texas","1347","385","962",
"1500000US481130173092","Block Group 2; Census Tract 173.09; Dallas County; Texas","2034","675","1359",
"1500000US481130173101","Block Group 1; Census Tract 173.10; Dallas County; Texas","1348","378","970",
"1500000US481130173102","Block Group 2; Census Tract 173.10; Dallas County; Texas","2255","657","1598",
"1500000US481130173111","Block Group 1; Census Tract 173.11; Dallas County; Texas","2255","632","1623",
"1500000US481130173112","Block Group 2; Census Tract 173.11; Dallas County; Texas","1607","452","1155",
"1500000US481130173121","Block Group 1; Census Tract 173.12; Dallas County; Texas","1438","445","993",
"1500000US481130173122","Block Group 2; Census Tract 173.12; Dallas County; Texas","2635","627","2008",
"1500000US481130173131","Block Group 1; Census Tract 173.13; Dallas County; Texas","1775","545","1230",
"1500000US481130173132","Block Group 2; Census Tract 173.13; Dallas County; Texas","1760","492","1268",
"1500000US481130173141","Block Group 1; Census Tract 173.14; Dallas County; Texas","2863","898","1965",
"1500000US481130173142","Block Group 2; Census Tract 173.14; Dallas County; Texas","1612","476","1136",
"1500000US481130173143","Block Group 3; Census Tract 173.14; Dallas County; Texas","1865","426","1439",
"1500000US481130173144","Block Group 4; Census Tract 173.14; Dallas County; Texas","1673","579","1094",
"1500000US481130173151","Block Group 1; Census Tract 173.15; Dallas County; Texas","2903","969","1934",
"1500000US481130173152","Block Group 2; Census Tract 173.15; Dallas County; Texas","1598","512","1086",
"1500000US481130173153","Block Group 3; Census Tract 173.15; Dallas County; Texas","2878","884","1994",
"1500000US481130174001","Block Group 1; Census Tract 174; Dallas County; Texas","1336","395","941",
"1500000US481130174002","Block Group 2; Census Tract 174; Dallas County; Texas","2423","598","1825",
"1500000US481130174003","Block Group 3; Census Tract 174; Dallas County; Texas","1845","536","1309",
"1500000US481130175001","Block Group 1; Census Tract 175; Dallas County; Texas","2026","440","1586",
"1500000US481130175002","Block Group 2; Census Tract 175; Dallas County; Texas","1797","444","1353",
"1500000US481130176021","Block Group 1; Census Tract 176.02; Dallas County; Texas","2165","646","1519",
"1500000US481130176022","Block Group 2; Census Tract 176.02; Dallas County; Texas","2196","646","1550",
"1500000US481130176041","Block Group 1; Census Tract 176.04; Dallas County; Texas","1637","609","1028",
"1500000US481130176042","Block Group 2; Census Tract 176.04; Dallas County; Texas","1788","576","1212",
"1500000US481130176051","Block Group 1; Census Tract 176.05; Dallas County; Texas","2589","771","1818",
"1500000US481130176052","Block Group 2; Census Tract 176.05; Dallas County; Texas","1352","387","965",
"1500000US481130176061","Block Group 1; Census Tract 176.06; Dallas County; Texas","1576","488","1088",
"1500000US481130176062","Block Group 2; Census Tract 176.06; Dallas County; Texas","2454","742","1712",
"1500000US481130176063","Block Group 3; Census Tract 176.06; Dallas County; Texas","1181","366","815",
"1500000US481130177031","Block Group 1; Census Tract 177.03; Dallas County; Texas","2447","831","1616",
"1500000US481130177032","Block Group 2; Census Tract 177.03; Dallas County; Texas","2510","825","1685",
"1500000US481130177041","Block Group 1; Census Tract 177.04; Dallas County; Texas","2921","985","1936",
"1500000US481130177042","Block Group 2; Census Tract 177.04; Dallas County; Texas","1286","344","942",
"1500000US481130177043","Block Group 3; Census Tract 177.04; Dallas County; Texas","2112","653","1459",
"1500000US481130177051","Block Group 1; Census Tract 177.05; Dallas County; Texas","2155","637","1518",
"1500000US481130177052","Block Group 2; Census Tract 177.05; Dallas County; Texas","942","300","642",
"1500000US481130177061","Block Group 1; Census Tract 177.06; Dallas County; Texas","1434","322","1112",
"1500000US481130177062","Block Group 2; Census Tract 177.06; Dallas County; Texas","1827","466","1361",
"1500000US481130177063","Block Group 3; Census Tract 177.06; Dallas County; Texas","1963","485","1478",
"1500000US481130178051","Block Group 1; Census Tract 178.05; Dallas County; Texas","30","7","23",
"1500000US481130178052","Block Group 2; Census Tract 178.05; Dallas County; Texas","2474","592","1882",
"1500000US481130178053","Block Group 3; Census Tract 178.05; Dallas County; Texas","1769","534","1235",
"1500000US481130178054","Block Group 4; Census Tract 178.05; Dallas County; Texas","2292","681","1611",
"1500000US481130178061","Block Group 1; Census Tract 178.06; Dallas County; Texas","2042","598","1444",
"1500000US481130178062","Block Group 2; Census Tract 178.06; Dallas County; Texas","880","242","638",
"1500000US481130178063","Block Group 3; Census Tract 178.06; Dallas County; Texas","2306","731","1575",
"1500000US481130178081","Block Group 1; Census Tract 178.08; Dallas County; Texas","1382","385","997",
"1500000US481130178082","Block Group 2; Census Tract 178.08; Dallas County; Texas","1047","190","857",
"1500000US481130178083","Block Group 3; Census Tract 178.08; Dallas County; Texas","2717","590","2127",
"1500000US481130178111","Block Group 1; Census Tract 178.11; Dallas County; Texas","2143","576","1567",
"1500000US481130178112","Block Group 2; Census Tract 178.11; Dallas County; Texas","2466","549","1917",
"1500000US481130178121","Block Group 1; Census Tract 178.12; Dallas County; Texas","1386","366","1020",
"1500000US481130178122","Block Group 2; Census Tract 178.12; Dallas County; Texas","1052","241","811",
"1500000US481130178141","Block Group 1; Census Tract 178.14; Dallas County; Texas","2242","482","1760",
"1500000US481130178142","Block Group 2; Census Tract 178.14; Dallas County; Texas","1689","399","1290",
"1500000US481130178143","Block Group 3; Census Tract 178.14; Dallas County; Texas","1596","410","1186",
"1500000US481130178151","Block Group 1; Census Tract 178.15; Dallas County; Texas","1440","434","1006",
"1500000US481130178152","Block Group 2; Census Tract 178.15; Dallas County; Texas","1668","413","1255",
"1500000US481130178161","Block Group 1; Census Tract 178.16; Dallas County; Texas","1625","518","1107",
"1500000US481130178162","Block Group 2; Census Tract 178.16; Dallas County; Texas","2650","813","1837",
"1500000US481130178171","Block Group 1; Census Tract 178.17; Dallas County; Texas","1036","296","740",
"1500000US481130178172","Block Group 2; Census Tract 178.17; Dallas County; Texas","2186","609","1577",
"1500000US481130178181","Block Group 1; Census Tract 178.18; Dallas County; Texas","1143","247","896",
"1500000US481130178182","Block Group 2; Census Tract 178.18; Dallas County; Texas","1765","495","1270",
"1500000US481130178183","Block Group 3; Census Tract 178.18; Dallas County; Texas","753","195","558",
"1500000US481130178191","Block Group 1; Census Tract 178.19; Dallas County; Texas","770","149","621",
"1500000US481130178192","Block Group 2; Census Tract 178.19; Dallas County; Texas","1781","450","1331",
"1500000US481130178201","Block Group 1; Census Tract 178.20; Dallas County; Texas","1185","345","840",
"1500000US481130178202","Block Group 2; Census Tract 178.20; Dallas County; Texas","2030","536","1494",
"1500000US481130179001","Block Group 1; Census Tract 179; Dallas County; Texas","1069","332","737",
"1500000US481130179002","Block Group 2; Census Tract 179; Dallas County; Texas","1967","640","1327",
"1500000US481130179003","Block Group 3; Census Tract 179; Dallas County; Texas","2333","709","1624",
"1500000US481130180011","Block Group 1; Census Tract 180.01; Dallas County; Texas","1520","384","1136",
"1500000US481130180012","Block Group 2; Census Tract 180.01; Dallas County; Texas","1562","375","1187",
"1500000US481130180013","Block Group 3; Census Tract 180.01; Dallas County; Texas","1295","377","918",
"1500000US481130180014","Block Group 4; Census Tract 180.01; Dallas County; Texas","3152","986","2166",
"1500000US481130180021","Block Group 1; Census Tract 180.02; Dallas County; Texas","1542","440","1102",
"1500000US481130180022","Block Group 2; Census Tract 180.02; Dallas County; Texas","2191","685","1506",
"1500000US481130181051","Block Group 1; Census Tract 181.05; Dallas County; Texas","1605","372","1233",
"1500000US481130181052","Block Group 2; Census Tract 181.05; Dallas County; Texas","1837","514","1323",
"1500000US481130181053","Block Group 3; Census Tract 181.05; Dallas County; Texas","2428","720","1708",
"1500000US481130181101","Block Group 1; Census Tract 181.10; Dallas County; Texas","1419","328","1091",
"1500000US481130181102","Block Group 2; Census Tract 181.10; Dallas County; Texas","2291","353","1938",
"1500000US481130181103","Block Group 3; Census Tract 181.10; Dallas County; Texas","1526","265","1261",
"1500000US481130181111","Block Group 1; Census Tract 181.11; Dallas County; Texas","2342","766","1576",
"1500000US481130181112","Block Group 2; Census Tract 181.11; Dallas County; Texas","2396","730","1666",
"1500000US481130181113","Block Group 3; Census Tract 181.11; Dallas County; Texas","2129","537","1592",
"1500000US481130181201","Block Group 1; Census Tract 181.20; Dallas County; Texas","1663","435","1228",
"1500000US481130181202","Block Group 2; Census Tract 181.20; Dallas County; Texas","1499","304","1195",
"1500000US481130181203","Block Group 3; Census Tract 181.20; Dallas County; Texas","1980","508","1472",
"1500000US481130181211","Block Group 1; Census Tract 181.21; Dallas County; Texas","2610","692","1918",
"1500000US481130181212","Block Group 2; Census Tract 181.21; Dallas County; Texas","3154","750","2404",
"1500000US481130181261","Block Group 1; Census Tract 181.26; Dallas County; Texas","1997","603","1394",
"1500000US481130181262","Block Group 2; Census Tract 181.26; Dallas County; Texas","1280","335","945",
"1500000US481130181263","Block Group 3; Census Tract 181.26; Dallas County; Texas","1731","365","1366",
"1500000US481130181264","Block Group 4; Census Tract 181.26; Dallas County; Texas","1879","411","1468",
"1500000US481130181271","Block Group 1; Census Tract 181.27; Dallas County; Texas","1922","552","1370",
"1500000US481130181272","Block Group 2; Census Tract 181.27; Dallas County; Texas","1342","369","973",
"1500000US481130181281","Block Group 1; Census Tract 181.28; Dallas County; Texas","2430","644","1786",
"1500000US481130181282","Block Group 2; Census Tract 181.28; Dallas County; Texas","1698","497","1201",
"1500000US481130181283","Block Group 3; Census Tract 181.28; Dallas County; Texas","1778","517","1261",
"1500000US481130181291","Block Group 1; Census Tract 181.29; Dallas County; Texas","1655","337","1318",
"1500000US481130181292","Block Group 2; Census Tract 181.29; Dallas County; Texas","684","196","488",
"1500000US481130181293","Block Group 3; Census Tract 181.29; Dallas County; Texas","1289","224","1065",
"1500000US481130181294","Block Group 4; Census Tract 181.29; Dallas County; Texas","785","115","670",
"1500000US481130181301","Block Group 1; Census Tract 181.30; Dallas County; Texas","1487","344","1143",
"1500000US481130181302","Block Group 2; Census Tract 181.30; Dallas County; Texas","2054","590","1464",
"1500000US481130181303","Block Group 3; Census Tract 181.30; Dallas County; Texas","991","220","771",
"1500000US481130181321","Block Group 1; Census Tract 181.32; Dallas County; Texas","1665","404","1261",
"1500000US481130181322","Block Group 2; Census Tract 181.32; Dallas County; Texas","2681","648","2033",
"1500000US481130181323","Block Group 3; Census Tract 181.32; Dallas County; Texas","974","228","746",
"1500000US481130181331","Block Group 1; Census Tract 181.33; Dallas County; Texas","1704","351","1353",
"1500000US481130181332","Block Group 2; Census Tract 181.33; Dallas County; Texas","2189","532","1657",
"1500000US481130181341","Block Group 1; Census Tract 181.34; Dallas County; Texas","2531","523","2008",
"1500000US481130181342","Block Group 2; Census Tract 181.34; Dallas County; Texas","3039","797","2242",
"1500000US481130181351","Block Group 1; Census Tract 181.35; Dallas County; Texas","3137","591","2546",
"1500000US481130181352","Block Group 2; Census Tract 181.35; Dallas County; Texas","2045","518","1527",
"1500000US481130181371","Block Group 1; Census Tract 181.37; Dallas County; Texas","1228","349","879",
"1500000US481130181372","Block Group 2; Census Tract 181.37; Dallas County; Texas","588","143","445",
"1500000US481130181373","Block Group 3; Census Tract 181.37; Dallas County; Texas","2306","538","1768",
"1500000US481130181381","Block Group 1; Census Tract 181.38; Dallas County; Texas","2312","578","1734",
"1500000US481130181382","Block Group 2; Census Tract 181.38; Dallas County; Texas","1523","386","1137",
"1500000US481130181383","Block Group 3; Census Tract 181.38; Dallas County; Texas","1150","285","865",
"1500000US481130181401","Block Group 1; Census Tract 181.40; Dallas County; Texas","2428","530","1898",
"1500000US481130181402","Block Group 2; Census Tract 181.40; Dallas County; Texas","1304","225","1079",
"1500000US481130181403","Block Group 3; Census Tract 181.40; Dallas County; Texas","1837","476","1361",
"1500000US481130181411","Block Group 1; Census Tract 181.41; Dallas County; Texas","1389","269","1120",
"1500000US481130181412","Block Group 2; Census Tract 181.41; Dallas County; Texas","1331","302","1029",
"1500000US481130181413","Block Group 3; Census Tract 181.41; Dallas County; Texas","1525","411","1114",
"1500000US481130181421","Block Group 1; Census Tract 181.42; Dallas County; Texas","2120","481","1639",
"1500000US481130181422","Block Group 2; Census Tract 181.42; Dallas County; Texas","1787","428","1359",
"1500000US481130181431","Block Group 1; Census Tract 181.43; Dallas County; Texas","2731","746","1985",
"1500000US481130181432","Block Group 2; Census Tract 181.43; Dallas County; Texas","4105","1010","3095",
"1500000US481130181441","Block Group 1; Census Tract 181.44; Dallas County; Texas","2033","556","1477",
"1500000US481130181442","Block Group 2; Census Tract 181.44; Dallas County; Texas","2425","664","1761",
"1500000US481130181451","Block Group 1; Census Tract 181.45; Dallas County; Texas","1580","309","1271",
"1500000US481130181452","Block Group 2; Census Tract 181.45; Dallas County; Texas","2509","474","2035",
"1500000US481130181461","Block Group 1; Census Tract 181.46; Dallas County; Texas","2635","472","2163",
"1500000US481130181462","Block Group 2; Census Tract 181.46; Dallas County; Texas","929","173","756",
"1500000US481130181471","Block Group 1; Census Tract 181.47; Dallas County; Texas","2265","473","1792",
"1500000US481130181472","Block Group 2; Census Tract 181.47; Dallas County; Texas","1464","318","1146",
"1500000US481130181481","Block Group 1; Census Tract 181.48; Dallas County; Texas","1063","334","729",
"1500000US481130181482","Block Group 2; Census Tract 181.48; Dallas County; Texas","2020","566","1454",
"1500000US481130181483","Block Group 3; Census Tract 181.48; Dallas County; Texas","2289","718","1571",
"1500000US481130181491","Block Group 1; Census Tract 181.49; Dallas County; Texas","1914","489","1425",
"1500000US481130181492","Block Group 2; Census Tract 181.49; Dallas County; Texas","2048","569","1479",
"1500000US481130181501","Block Group 1; Census Tract 181.50; Dallas County; Texas","2464","636","1828",
"1500000US481130181502","Block Group 2; Census Tract 181.50; Dallas County; Texas","1750","504","1246",
"1500000US481130181511","Block Group 1; Census Tract 181.51; Dallas County; Texas","1139","236","903",
"1500000US481130181512","Block Group 2; Census Tract 181.51; Dallas County; Texas","2803","656","2147",
"1500000US481130181521","Block Group 1; Census Tract 181.52; Dallas County; Texas","2002","453","1549",
"1500000US481130181522","Block Group 2; Census Tract 181.52; Dallas County; Texas","2952","575","2377",
"1500000US481130181523","Block Group 3; Census Tract 181.52; Dallas County; Texas","1162","272","890",
"1500000US481130181531","Block Group 1; Census Tract 181.53; Dallas County; Texas","1663","469","1194",
"1500000US481130181532","Block Group 2; Census Tract 181.53; Dallas County; Texas","1843","484","1359",
"1500000US481130181533","Block Group 3; Census Tract 181.53; Dallas County; Texas","2538","680","1858",
"1500000US481130181541","Block Group 1; Census Tract 181.54; Dallas County; Texas","2340","556","1784",
"1500000US481130181542","Block Group 2; Census Tract 181.54; Dallas County; Texas","3255","895","2360",
"1500000US481130181551","Block Group 1; Census Tract 181.55; Dallas County; Texas","2500","723","1777",
"1500000US481130181552","Block Group 2; Census Tract 181.55; Dallas County; Texas","3026","853","2173",
"1500000US481130181561","Block Group 1; Census Tract 181.56; Dallas County; Texas","1442","380","1062",
"1500000US481130181562","Block Group 2; Census Tract 181.56; Dallas County; Texas","3302","842","2460",
"1500000US481130181571","Block Group 1; Census Tract 181.57; Dallas County; Texas","2178","515","1663",
"1500000US481130181572","Block Group 2; Census Tract 181.57; Dallas County; Texas","1405","380","1025",
"1500000US481130181581","Block Group 1; Census Tract 181.58; Dallas County; Texas","2223","631","1592",
"1500000US481130181582","Block Group 2; Census Tract 181.58; Dallas County; Texas","1963","469","1494",
"1500000US481130181591","Block Group 1; Census Tract 181.59; Dallas County; Texas","1997","445","1552",
"1500000US481130181592","Block Group 2; Census Tract 181.59; Dallas County; Texas","3202","1018","2184",
"1500000US481130182031","Block Group 1; Census Tract 182.03; Dallas County; Texas","2023","547","1476",
"1500000US481130182032","Block Group 2; Census Tract 182.03; Dallas County; Texas","1258","353","905",
"1500000US481130182033","Block Group 3; Census Tract 182.03; Dallas County; Texas","1226","311","915",
"1500000US481130182034","Block Group 4; Census Tract 182.03; Dallas County; Texas","2129","610","1519",
"1500000US481130182041","Block Group 1; Census Tract 182.04; Dallas County; Texas","1344","375","969",
"1500000US481130182042","Block Group 2; Census Tract 182.04; Dallas County; Texas","1727","512","1215",
"1500000US481130182043","Block Group 3; Census Tract 182.04; Dallas County; Texas","1433","457","976",
"1500000US481130182051","Block Group 1; Census Tract 182.05; Dallas County; Texas","1655","480","1175",
"1500000US481130182052","Block Group 2; Census Tract 182.05; Dallas County; Texas","2700","768","1932",
"1500000US481130182061","Block Group 1; Census Tract 182.06; Dallas County; Texas","1709","527","1182",
"1500000US481130182062","Block Group 2; Census Tract 182.06; Dallas County; Texas","1407","453","954",
"1500000US481130182063","Block Group 3; Census Tract 182.06; Dallas County; Texas","1584","480","1104",
"1500000US481130183001","Block Group 1; Census Tract 183; Dallas County; Texas","1616","421","1195",
"1500000US481130183002","Block Group 2; Census Tract 183; Dallas County; Texas","1996","623","1373",
"1500000US481130183003","Block Group 3; Census Tract 183; Dallas County; Texas","1856","565","1291",
"1500000US481130183004","Block Group 4; Census Tract 183; Dallas County; Texas","2164","628","1536",
"1500000US481130184011","Block Group 1; Census Tract 184.01; Dallas County; Texas","1119","287","832",
"1500000US481130184012","Block Group 2; Census Tract 184.01; Dallas County; Texas","2163","704","1459",
"1500000US481130184013","Block Group 3; Census Tract 184.01; Dallas County; Texas","1940","534","1406",
"1500000US481130184021","Block Group 1; Census Tract 184.02; Dallas County; Texas","1825","414","1411",
"1500000US481130184022","Block Group 2; Census Tract 184.02; Dallas County; Texas","2474","622","1852",
"1500000US481130184031","Block Group 1; Census Tract 184.03; Dallas County; Texas","1033","262","771",
"1500000US481130185011","Block Group 1; Census Tract 185.01; Dallas County; Texas","2680","726","1954",
"1500000US481130185012","Block Group 2; Census Tract 185.01; Dallas County; Texas","1285","357","928",
"1500000US481130185051","Block Group 1; Census Tract 185.05; Dallas County; Texas","1036","384","652",
"1500000US481130185052","Block Group 2; Census Tract 185.05; Dallas County; Texas","1528","342","1186",
"1500000US481130185053","Block Group 3; Census Tract 185.05; Dallas County; Texas","1312","382","930",
"1500000US481130185061","Block Group 1; Census Tract 185.06; Dallas County; Texas","732","172","560",
"1500000US481130185062","Block Group 2; Census Tract 185.06; Dallas County; Texas","1488","357","1131",
"1500000US481130185063","Block Group 3; Census Tract 185.06; Dallas County; Texas","550","136","414",
"1500000US481130185071","Block Group 1; Census Tract 185.07; Dallas County; Texas","989","211","778",
"1500000US481130185072","Block Group 2; Census Tract 185.07; Dallas County; Texas","1465","449","1016",
"1500000US481130185073","Block Group 3; Census Tract 185.07; Dallas County; Texas","1480","320","1160",
"1500000US481130185081","Block Group 1; Census Tract 185.08; Dallas County; Texas","1429","334","1095",
"1500000US481130186001","Block Group 1; Census Tract 186; Dallas County; Texas","1167","289","878",
"1500000US481130186002","Block Group 2; Census Tract 186; Dallas County; Texas","1056","263","793",
"1500000US481130186003","Block Group 3; Census Tract 186; Dallas County; Texas","1707","444","1263",
"1500000US481130187001","Block Group 1; Census Tract 187; Dallas County; Texas","2625","744","1881",
"1500000US481130187002","Block Group 2; Census Tract 187; Dallas County; Texas","1422","438","984",
"1500000US481130187003","Block Group 3; Census Tract 187; Dallas County; Texas","2673","775","1898",
"1500000US481130188011","Block Group 1; Census Tract 188.01; Dallas County; Texas","1212","303","909",
"1500000US481130188012","Block Group 2; Census Tract 188.01; Dallas County; Texas","1666","443","1223",
"1500000US481130188013","Block Group 3; Census Tract 188.01; Dallas County; Texas","1689","446","1243",
"1500000US481130188021","Block Group 1; Census Tract 188.02; Dallas County; Texas","1534","348","1186",
"1500000US481130189001","Block Group 1; Census Tract 189; Dallas County; Texas","1424","312","1112",
"1500000US481130189002","Block Group 2; Census Tract 189; Dallas County; Texas","1504","316","1188",
"1500000US481130189003","Block Group 3; Census Tract 189; Dallas County; Texas","1759","450","1309",
"1500000US481130189004","Block Group 4; Census Tract 189; Dallas County; Texas","1663","536","1127",
"1500000US481130190131","Block Group 1; Census Tract 190.13; Dallas County; Texas","2414","866","1548",
"1500000US481130190132","Block Group 2; Census Tract 190.13; Dallas County; Texas","2632","922","1710",
"1500000US481130190161","Block Group 1; Census Tract 190.16; Dallas County; Texas","910","156","754",
"1500000US481130190162","Block Group 2; Census Tract 190.16; Dallas County; Texas","993","236","757",
"1500000US481130190163","Block Group 3; Census Tract 190.16; Dallas County; Texas","796","255","541",
"1500000US481130190181","Block Group 1; Census Tract 190.18; Dallas County; Texas","1726","304","1422",
"1500000US481130190182","Block Group 2; Census Tract 190.18; Dallas County; Texas","917","224","693",
"1500000US481130190183","Block Group 3; Census Tract 190.18; Dallas County; Texas","1462","341","1121",
"1500000US481130190184","Block Group 4; Census Tract 190.18; Dallas County; Texas","1052","317","735",
"1500000US481130190191","Block Group 1; Census Tract 190.19; Dallas County; Texas","2740","807","1933",
"1500000US481130190192","Block Group 2; Census Tract 190.19; Dallas County; Texas","1254","254","1000",
"1500000US481130190193","Block Group 3; Census Tract 190.19; Dallas County; Texas","1356","343","1013",
"1500000US481130190194","Block Group 4; Census Tract 190.19; Dallas County; Texas","1756","632","1124",
"1500000US481130190201","Block Group 1; Census Tract 190.20; Dallas County; Texas","2152","340","1812",
"1500000US481130190202","Block Group 2; Census Tract 190.20; Dallas County; Texas","1118","173","945",
"1500000US481130190203","Block Group 3; Census Tract 190.20; Dallas County; Texas","2270","565","1705",
"1500000US481130190231","Block Group 1; Census Tract 190.23; Dallas County; Texas","1749","349","1400",
"1500000US481130190232","Block Group 2; Census Tract 190.23; Dallas County; Texas","1086","185","901",
"1500000US481130190233","Block Group 3; Census Tract 190.23; Dallas County; Texas","865","185","680",
"1500000US481130190234","Block Group 4; Census Tract 190.23; Dallas County; Texas","1317","245","1072",
"1500000US481130190241","Block Group 1; Census Tract 190.24; Dallas County; Texas","1986","385","1601",
"1500000US481130190242","Block Group 2; Census Tract 190.24; Dallas County; Texas","2178","481","1697",
"1500000US481130190251","Block Group 1; Census Tract 190.25; Dallas County; Texas","1176","234","942",
"1500000US481130190252","Block Group 2; Census Tract 190.25; Dallas County; Texas","1617","309","1308",
"1500000US481130190253","Block Group 3; Census Tract 190.25; Dallas County; Texas","2119","412","1707",
"1500000US481130190261","Block Group 1; Census Tract 190.26; Dallas County; Texas","948","177","771",
"1500000US481130190262","Block Group 2; Census Tract 190.26; Dallas County; Texas","1153","266","887",
"1500000US481130190263","Block Group 3; Census Tract 190.26; Dallas County; Texas","1654","284","1370",
"1500000US481130190264","Block Group 4; Census Tract 190.26; Dallas County; Texas","1691","268","1423",
"1500000US481130190271","Block Group 1; Census Tract 190.27; Dallas County; Texas","2316","569","1747",
"1500000US481130190272","Block Group 2; Census Tract 190.27; Dallas County; Texas","2752","726","2026",
"1500000US481130190273","Block Group 3; Census Tract 190.27; Dallas County; Texas","412","65","347",
"1500000US481130190274","Block Group 4; Census Tract 190.27; Dallas County; Texas","892","195","697",
"1500000US481130190281","Block Group 1; Census Tract 190.28; Dallas County; Texas","1557","321","1236",
"1500000US481130190282","Block Group 2; Census Tract 190.28; Dallas County; Texas","2151","480","1671",
"1500000US481130190291","Block Group 1; Census Tract 190.29; Dallas County; Texas","1749","364","1385",
"1500000US481130190292","Block Group 2; Census Tract 190.29; Dallas County; Texas","1777","349","1428",
"1500000US481130190293","Block Group 3; Census Tract 190.29; Dallas County; Texas","2931","672","2259",
"1500000US481130190311","Block Group 1; Census Tract 190.31; Dallas County; Texas","1236","221","1015",
"1500000US481130190312","Block Group 2; Census Tract 190.31; Dallas County; Texas","1576","286","1290",
"1500000US481130190313","Block Group 3; Census Tract 190.31; Dallas County; Texas","1149","223","926",
"1500000US481130190314","Block Group 4; Census Tract 190.31; Dallas County; Texas","2384","555","1829",
"1500000US481130190321","Block Group 1; Census Tract 190.32; Dallas County; Texas","2367","691","1676",
"1500000US481130190322","Block Group 2; Census Tract 190.32; Dallas County; Texas","1891","519","1372",
"1500000US481130190331","Block Group 1; Census Tract 190.33; Dallas County; Texas","2134","625","1509",
"1500000US481130190332","Block Group 2; Census Tract 190.33; Dallas County; Texas","2277","584","1693",
"1500000US481130190341","Block Group 1; Census Tract 190.34; Dallas County; Texas","1565","277","1288",
"1500000US481130190342","Block Group 2; Census Tract 190.34; Dallas County; Texas","125","37","88",
"1500000US481130190343","Block Group 3; Census Tract 190.34; Dallas County; Texas","2786","771","2015",
"1500000US481130190351","Block Group 1; Census Tract 190.35; Dallas County; Texas","2609","803","1806",
"1500000US481130190352","Block Group 2; Census Tract 190.35; Dallas County; Texas","1592","395","1197",
"1500000US481130190353","Block Group 3; Census Tract 190.35; Dallas County; Texas","1097","218","879",
"1500000US481130190361","Block Group 1; Census Tract 190.36; Dallas County; Texas","982","184","798",
"1500000US481130190362","Block Group 2; Census Tract 190.36; Dallas County; Texas","1865","331","1534",
"1500000US481130190371","Block Group 1; Census Tract 190.37; Dallas County; Texas","873","206","667",
"1500000US481130190372","Block Group 2; Census Tract 190.37; Dallas County; Texas","1459","295","1164",
"1500000US481130190373","Block Group 3; Census Tract 190.37; Dallas County; Texas","1140","260","880",
"1500000US481130190391","Block Group 1; Census Tract 190.39; Dallas County; Texas","2067","420","1647",
"1500000US481130190392","Block Group 2; Census Tract 190.39; Dallas County; Texas","1885","432","1453",
"1500000US481130190393","Block Group 3; Census Tract 190.39; Dallas County; Texas","2654","715","1939",
"1500000US481130190401","Block Group 1; Census Tract 190.40; Dallas County; Texas","1807","349","1458",
"1500000US481130190402","Block Group 2; Census Tract 190.40; Dallas County; Texas","1312","382","930",
"1500000US481130190403","Block Group 3; Census Tract 190.40; Dallas County; Texas","1235","299","936",
"1500000US481130190404","Block Group 4; Census Tract 190.40; Dallas County; Texas","1489","355","1134",
"1500000US481130190405","Block Group 5; Census Tract 190.40; Dallas County; Texas","0","0","0",
"1500000US481130190406","Block Group 6; Census Tract 190.40; Dallas County; Texas","1063","361","702",
"1500000US481130190411","Block Group 1; Census Tract 190.41; Dallas County; Texas","920","192","728",
"1500000US481130190412","Block Group 2; Census Tract 190.41; Dallas County; Texas","1424","253","1171",
"1500000US481130190421","Block Group 1; Census Tract 190.42; Dallas County; Texas","1190","235","955",
"1500000US481130190422","Block Group 2; Census Tract 190.42; Dallas County; Texas","1419","290","1129",
"1500000US481130190423","Block Group 3; Census Tract 190.42; Dallas County; Texas","533","73","460",
"1500000US481130190424","Block Group 4; Census Tract 190.42; Dallas County; Texas","1410","271","1139",
"1500000US481130190425","Block Group 5; Census Tract 190.42; Dallas County; Texas","1594","291","1303",
"1500000US481130190426","Block Group 6; Census Tract 190.42; Dallas County; Texas","2004","284","1720",
"1500000US481130190441","Block Group 1; Census Tract 190.44; Dallas County; Texas","1812","481","1331",
"1500000US481130190442","Block Group 2; Census Tract 190.44; Dallas County; Texas","2254","536","1718",
"1500000US481130190451","Block Group 1; Census Tract 190.45; Dallas County; Texas","1111","276","835",
"1500000US481130190452","Block Group 2; Census Tract 190.45; Dallas County; Texas","2042","552","1490",
"1500000US481130190461","Block Group 1; Census Tract 190.46; Dallas County; Texas","1562","431","1131",
"1500000US481130190462","Block Group 2; Census Tract 190.46; Dallas County; Texas","2129","505","1624",
"1500000US481130190471","Block Group 1; Census Tract 190.47; Dallas County; Texas","1812","469","1343",
"1500000US481130190472","Block Group 2; Census Tract 190.47; Dallas County; Texas","1731","581","1150",
"1500000US481130190481","Block Group 1; Census Tract 190.48; Dallas County; Texas","1418","343","1075",
"1500000US481130190482","Block Group 2; Census Tract 190.48; Dallas County; Texas","1881","404","1477",
"1500000US481130190491","Block Group 1; Census Tract 190.49; Dallas County; Texas","1612","384","1228",
"1500000US481130190492","Block Group 2; Census Tract 190.49; Dallas County; Texas","2480","762","1718",
"1500000US481130190501","Block Group 1; Census Tract 190.50; Dallas County; Texas","1830","332","1498",
"1500000US481130190502","Block Group 2; Census Tract 190.50; Dallas County; Texas","1072","190","882",
"1500000US481130190511","Block Group 1; Census Tract 190.51; Dallas County; Texas","1652","325","1327",
"1500000US481130190512","Block Group 2; Census Tract 190.51; Dallas County; Texas","2254","434","1820",
"1500000US481130190513","Block Group 3; Census Tract 190.51; Dallas County; Texas","1517","249","1268",
"1500000US481130190521","Block Group 1; Census Tract 190.52; Dallas County; Texas","1048","83","965",
"1500000US481130190531","Block Group 1; Census Tract 190.53; Dallas County; Texas","590","63","527",
"1500000US481130190532","Block Group 2; Census Tract 190.53; Dallas County; Texas","1067","71","996",
"1500000US481130191011","Block Group 1; Census Tract 191.01; Dallas County; Texas","1438","217","1221",
"1500000US481130191021","Block Group 1; Census Tract 191.02; Dallas County; Texas","1051","260","791",
"1500000US481130191022","Block Group 2; Census Tract 191.02; Dallas County; Texas","1896","475","1421",
"1500000US481130191023","Block Group 3; Census Tract 191.02; Dallas County; Texas","2054","440","1614",
"1500000US481130192021","Block Group 1; Census Tract 192.02; Dallas County; Texas","1424","407","1017",
"1500000US481130192022","Block Group 2; Census Tract 192.02; Dallas County; Texas","1857","505","1352",
"1500000US481130192023","Block Group 3; Census Tract 192.02; Dallas County; Texas","1433","306","1127",
"1500000US481130192031","Block Group 1; Census Tract 192.03; Dallas County; Texas","1074","216","858",
"1500000US481130192032","Block Group 2; Census Tract 192.03; Dallas County; Texas","1086","247","839",
"1500000US481130192033","Block Group 3; Census Tract 192.03; Dallas County; Texas","1797","466","1331",
"1500000US481130192051","Block Group 1; Census Tract 192.05; Dallas County; Texas","1348","366","982",
"1500000US481130192052","Block Group 2; Census Tract 192.05; Dallas County; Texas","1157","260","897",
"1500000US481130192053","Block Group 3; Census Tract 192.05; Dallas County; Texas","2083","639","1444",
"1500000US481130192081","Block Group 1; Census Tract 192.08; Dallas County; Texas","1453","334","1119",
"1500000US481130192082","Block Group 2; Census Tract 192.08; Dallas County; Texas","2166","721","1445",
"1500000US481130192083","Block Group 3; Census Tract 192.08; Dallas County; Texas","1063","335","728",
"1500000US481130192084","Block Group 4; Census Tract 192.08; Dallas County; Texas","1250","337","913",
"1500000US481130192101","Block Group 1; Census Tract 192.10; Dallas County; Texas","2492","742","1750",
"1500000US481130192102","Block Group 2; Census Tract 192.10; Dallas County; Texas","1846","528","1318",
"1500000US481130192111","Block Group 1; Census Tract 192.11; Dallas County; Texas","986","209","777",
"1500000US481130192112","Block Group 2; Census Tract 192.11; Dallas County; Texas","1244","273","971",
"1500000US481130192113","Block Group 3; Census Tract 192.11; Dallas County; Texas","1073","209","864",
"1500000US481130192114","Block Group 4; Census Tract 192.11; Dallas County; Texas","899","185","714",
"1500000US481130192115","Block Group 5; Census Tract 192.11; Dallas County; Texas","676","88","588",
"1500000US481130192121","Block Group 1; Census Tract 192.12; Dallas County; Texas","1143","366","777",
"1500000US481130192122","Block Group 2; Census Tract 192.12; Dallas County; Texas","1901","682","1219",
"1500000US481130192131","Block Group 1; Census Tract 192.13; Dallas County; Texas","832","91","741",
"1500000US481130192132","Block Group 2; Census Tract 192.13; Dallas County; Texas","2400","713","1687",
"1500000US481130192141","Block Group 1; Census Tract 192.14; Dallas County; Texas","1776","688","1088",
"1500000US481130192142","Block Group 2; Census Tract 192.14; Dallas County; Texas","1727","407","1320",
"1500000US481130192143","Block Group 3; Census Tract 192.14; Dallas County; Texas","1743","619","1124",
"1500000US481130192151","Block Group 1; Census Tract 192.15; Dallas County; Texas","1085","303","782",
"1500000US481130192152","Block Group 2; Census Tract 192.15; Dallas County; Texas","986","279","707",
"1500000US481130192153","Block Group 3; Census Tract 192.15; Dallas County; Texas","809","169","640",
"1500000US481130192161","Block Group 1; Census Tract 192.16; Dallas County; Texas","1241","265","976",
"1500000US481130192162","Block Group 2; Census Tract 192.16; Dallas County; Texas","1165","206","959",
"1500000US481130192163","Block Group 3; Census Tract 192.16; Dallas County; Texas","1520","280","1240",
"1500000US481130193011","Block Group 1; Census Tract 193.01; Dallas County; Texas","1578","572","1006",
"1500000US481130193012","Block Group 2; Census Tract 193.01; Dallas County; Texas","1520","527","993",
"1500000US481130193021","Block Group 1; Census Tract 193.02; Dallas County; Texas","782","196","586",
"1500000US481130193022","Block Group 2; Census Tract 193.02; Dallas County; Texas","2037","617","1420",
"1500000US481130194001","Block Group 1; Census Tract 194; Dallas County; Texas","2135","557","1578",
"1500000US481130194002","Block Group 2; Census Tract 194; Dallas County; Texas","2155","636","1519",
"1500000US481130195011","Block Group 1; Census Tract 195.01; Dallas County; Texas","2032","742","1290",
"1500000US481130195012","Block Group 2; Census Tract 195.01; Dallas County; Texas","1140","363","777",
"1500000US481130195013","Block Group 3; Census Tract 195.01; Dallas County; Texas","1590","504","1086",
"1500000US481130195014","Block Group 4; Census Tract 195.01; Dallas County; Texas","2334","833","1501",
"1500000US481130195021","Block Group 1; Census Tract 195.02; Dallas County; Texas","1829","563","1266",
"1500000US481130195022","Block Group 2; Census Tract 195.02; Dallas County; Texas","2628","783","1845",
"1500000US481130196001","Block Group 1; Census Tract 196; Dallas County; Texas","1365","382","983",
"1500000US481130196002","Block Group 2; Census Tract 196; Dallas County; Texas","1004","242","762",
"1500000US481130197001","Block Group 1; Census Tract 197; Dallas County; Texas","1966","432","1534",
"1500000US481130198001","Block Group 1; Census Tract 198; Dallas County; Texas","1537","354","1183",
"1500000US481130198002","Block Group 2; Census Tract 198; Dallas County; Texas","1413","345","1068",
"1500000US481130198003","Block Group 3; Census Tract 198; Dallas County; Texas","1579","439","1140",
"1500000US481130199001","Block Group 1; Census Tract 199; Dallas County; Texas","1939","547","1392",
"1500000US481130199002","Block Group 2; Census Tract 199; Dallas County; Texas","1945","563","1382",
"1500000US481130200001","Block Group 1; Census Tract 200; Dallas County; Texas","3786","1287","2499",
"1500000US481130200002","Block Group 2; Census Tract 200; Dallas County; Texas","1993","534","1459",
"1500000US481130201001","Block Group 1; Census Tract 201; Dallas County; Texas","1254","353","901",
"1500000US481130201002","Block Group 2; Census Tract 201; Dallas County; Texas","1174","259","915",
"1500000US481130202001","Block Group 1; Census Tract 202; Dallas County; Texas","2139","540","1599",
"1500000US481130202002","Block Group 2; Census Tract 202; Dallas County; Texas","2239","594","1645",
"1500000US481130203001","Block Group 1; Census Tract 203; Dallas County; Texas","0","0","0",
"1500000US481130203002","Block Group 2; Census Tract 203; Dallas County; Texas","1665","337","1328",
"1500000US481130203003","Block Group 3; Census Tract 203; Dallas County; Texas","998","209","789",
"1500000US481130204011","Block Group 1; Census Tract 204.01; Dallas County; Texas","739","16","723",
"1500000US481130204012","Block Group 2; Census Tract 204.01; Dallas County; Texas","1162","48","1114",
"1500000US481130204021","Block Group 1; Census Tract 204.02; Dallas County; Texas","3220","116","3104",
"1500000US481130204022","Block Group 2; Census Tract 204.02; Dallas County; Texas","2302","335","1967",
"1500000US481130205001","Block Group 1; Census Tract 205; Dallas County; Texas","1113","250","863",
"1500000US481130205002","Block Group 2; Census Tract 205; Dallas County; Texas","1232","508","724",
"1500000US481130205003","Block Group 3; Census Tract 205; Dallas County; Texas","2614","938","1676",
"1500000US481130206001","Block Group 1; Census Tract 206; Dallas County; Texas","958","168","790",
"1500000US481130206002","Block Group 2; Census Tract 206; Dallas County; Texas","1520","341","1179",
"1500000US481130207001","Block Group 1; Census Tract 207; Dallas County; Texas","1081","225","856",
"1500000US481130207002","Block Group 2; Census Tract 207; Dallas County; Texas","1404","299","1105",
"1500000US481130207003","Block Group 3; Census Tract 207; Dallas County; Texas","756","84","672",
"1500000US481130207004","Block Group 4; Census Tract 207; Dallas County; Texas","1937","325","1612",
"1500000US481130208001","Block Group 1; Census Tract 208; Dallas County; Texas","1634","601","1033",
"1500000US481130208002","Block Group 2; Census Tract 208; Dallas County; Texas","1397","339","1058",
"1500000US481130208003","Block Group 3; Census Tract 208; Dallas County; Texas","2294","592","1702",
"1500000US481130208004","Block Group 4; Census Tract 208; Dallas County; Texas","1268","309","959",
"1500000US481130209001","Block Group 1; Census Tract 209; Dallas County; Texas","1381","330","1051",
"1500000US481130209002","Block Group 2; Census Tract 209; Dallas County; Texas","1237","199","1038",
"1500000US481130210001","Block Group 1; Census Tract 210; Dallas County; Texas","1193","411","782",
"1500000US481130210002","Block Group 2; Census Tract 210; Dallas County; Texas","1338","405","933",
"1500000US481130210003","Block Group 3; Census Tract 210; Dallas County; Texas","1824","442","1382",
"1500000US481130210004","Block Group 4; Census Tract 210; Dallas County; Texas","1192","352","840",
"1500000US481130211001","Block Group 1; Census Tract 211; Dallas County; Texas","2213","637","1576",
"1500000US481130211002","Block Group 2; Census Tract 211; Dallas County; Texas","1859","541","1318",
"1500000US481130212001","Block Group 1; Census Tract 212; Dallas County; Texas","1733","483","1250",
"1500000US481130212002","Block Group 2; Census Tract 212; Dallas County; Texas","1286","452","834",
"1500000US481130212003","Block Group 3; Census Tract 212; Dallas County; Texas","2334","676","1658",
"1500000US481139800001","Block Group 1; Census Tract 9800; Dallas County; Texas","3","1","2",
"1500000US481139801001","Block Group 1; Census Tract 9801; Dallas County; Texas","40","10","30",
"1500000US481139802001","Block Group 1; Census Tract 9802; Dallas County; Texas","621","36","585",
