"GEO_ID","NAME","B19013_001E","B19013_001M",
"Geography","Geographic Area Name","Estimate!!Median household income in the past 12 months (in 2024 inflation-adjusted dollars)","Margin of Error!!Median household income in the past 12 months (in 2024 inflation-adjusted dollars)",
"1500000US481130001001","Block Group 1; Census Tract 1; Dallas County; Texas","141912","93467",
"1500000US481130001002","Block Group 2; Census Tract 1; Dallas County; Texas","143021","79021",
"1500000US481130001003","Block Group 3; Census Tract 1; Dallas County; Texas","217000","107631",
"1500000US481130002011","Block Group 1; Census Tract 2.01; Dallas County; Texas","166918","32485",
"1500000US481130002012","Block Group 2; Census Tract 2.01; Dallas County; Texas","210208","38089",
"1500000US481130002013","Block Group 3; Census Tract 2.01; Dallas County; Texas","229000","78152",
"1500000US481130002021","Block Group 1; Census Tract 2.02; Dallas County; Texas","151944","109484",
"1500000US481130002022","Block Group 2; Census Tract 2.02; Dallas County; Texas","175536","61490",
"1500000US481130002023","Block Group 3; Census Tract 2.02; Dallas County; Texas","152938","96239",
"1500000US481130003001","Block Group 1; Census Tract 3; Dallas County; Texas","-","**",
"1500000US481130003002","Block Group 2; Census Tract 3; Dallas County; Texas","243873","70496",
"1500000US481130003003","Block Group 3; Census Tract 3; Dallas County; Texas","136964","105602",
"1500000US481130003004","Block Group 4; Census Tract 3; Dallas County; Texas","93900","7819",
"1500000US481130004011","Block Group 1; Census Tract 4.01; Dallas County; Texas","39592","20146",
"1500000US481130004012","Block Group 2; Census Tract 4.01; Dallas County; Texas","95592","45359",
"1500000US481130004013","Block Group 3; Census Tract 4.01; Dallas County; Texas","-","**",
"1500000US481130004014","Block Group 4; Census Tract 4.01; Dallas County; Texas","75333","40042",
"1500000US481130004051","Block Group 1; Census Tract 4.05; Dallas County; Texas","69023","39421",
"1500000US481130004052","Block Group 2; Census Tract 4.05; Dallas County; Texas","48576","12368",
"1500000US481130004071","Block Group 1; Census Tract 4.07; Dallas County; Texas","63721","40980",
"1500000US481130004072","Block Group 2; Census Tract 4.07; Dallas County; Texas","87865","54035",
"1500000US481130004081","Block Group 1; Census Tract 4.08; Dallas County; Texas","59704","22676",
"1500000US481130004082","Block Group 2; Census Tract 4.08; Dallas County; Texas","84194","22971",
"1500000US481130004091","Block Group 1; Census Tract 4.09; Dallas County; Texas","-","**",
"1500000US481130004092","Block Group 2; Census Tract 4.09; Dallas County; Texas","70566","12027",
"1500000US481130004101","Block Group 1; Census Tract 4.10; Dallas County; Texas","-","**",
"1500000US481130004102","Block Group 2; Census Tract 4.10; Dallas County; Texas","49676","42634",
"1500000US481130004103","Block Group 3; Census Tract 4.10; Dallas County; Texas","51678","32446",
"1500000US481130005011","Block Group 1; Census Tract 5.01; Dallas County; Texas","103821","52481",
"1500000US481130005012","Block Group 2; Census Tract 5.01; Dallas County; Texas","85506","46639",
"1500000US481130005021","Block Group 1; Census Tract 5.02; Dallas County; Texas","90417","86930",
"1500000US481130005022","Block Group 2; Census Tract 5.02; Dallas County; Texas","140729","56906",
"1500000US481130005031","Block Group 1; Census Tract 5.03; Dallas County; Texas","94245","28440",
"1500000US481130005032","Block Group 2; Census Tract 5.03; Dallas County; Texas","91250","30344",
"1500000US481130006051","Block Group 1; Census Tract 6.05; Dallas County; Texas","103225","9674",
"1500000US481130006052","Block Group 2; Census Tract 6.05; Dallas County; Texas","100675","10328",
"1500000US481130006053","Block Group 3; Census Tract 6.05; Dallas County; Texas","135208","36959",
"1500000US481130006061","Block Group 1; Census Tract 6.06; Dallas County; Texas","102663","41114",
"1500000US481130006062","Block Group 2; Census Tract 6.06; Dallas County; Texas","112204","46208",
"1500000US481130006063","Block Group 3; Census Tract 6.06; Dallas County; Texas","209236","78411",
"1500000US481130006071","Block Group 1; Census Tract 6.07; Dallas County; Texas","74214","35641",
"1500000US481130006072","Block Group 2; Census Tract 6.07; Dallas County; Texas","121667","44895",
"1500000US481130006081","Block Group 1; Census Tract 6.08; Dallas County; Texas","87784","30484",
"1500000US481130006082","Block Group 2; Census Tract 6.08; Dallas County; Texas","235156","182216",
"1500000US481130006091","Block Group 1; Census Tract 6.09; Dallas County; Texas","102772","26521",
"1500000US481130006101","Block Group 1; Census Tract 6.10; Dallas County; Texas","-","**",
"1500000US481130006102","Block Group 2; Census Tract 6.10; Dallas County; Texas","69343","5393",
"1500000US481130006111","Block Group 1; Census Tract 6.11; Dallas County; Texas","48333","39871",
"1500000US481130006112","Block Group 2; Census Tract 6.11; Dallas County; Texas","75882","2411",
"1500000US481130007031","Block Group 1; Census Tract 7.03; Dallas County; Texas","141786","103272",
"1500000US481130007032","Block Group 2; Census Tract 7.03; Dallas County; Texas","113617","19579",
"1500000US481130007041","Block Group 1; Census Tract 7.04; Dallas County; Texas","154699","39161",
"1500000US481130007042","Block Group 2; Census Tract 7.04; Dallas County; Texas","118327","31065",
"1500000US481130007051","Block Group 1; Census Tract 7.05; Dallas County; Texas","150250","69266",
"1500000US481130007052","Block Group 2; Census Tract 7.05; Dallas County; Texas","112232","55194",
"1500000US481130007061","Block Group 1; Census Tract 7.06; Dallas County; Texas","132222","64878",
"1500000US481130007062","Block Group 2; Census Tract 7.06; Dallas County; Texas","132153","25530",
"1500000US481130008011","Block Group 1; Census Tract 8.01; Dallas County; Texas","77727","61536",
"1500000US481130008012","Block Group 2; Census Tract 8.01; Dallas County; Texas","107202","23955",
"1500000US481130008013","Block Group 3; Census Tract 8.01; Dallas County; Texas","30752","14396",
"1500000US481130008021","Block Group 1; Census Tract 8.02; Dallas County; Texas","84871","11113",
"1500000US481130008022","Block Group 2; Census Tract 8.02; Dallas County; Texas","65595","14447",
"1500000US481130009011","Block Group 1; Census Tract 9.01; Dallas County; Texas","96021","5331",
"1500000US481130009012","Block Group 2; Census Tract 9.01; Dallas County; Texas","143984","28029",
"1500000US481130009021","Block Group 1; Census Tract 9.02; Dallas County; Texas","52591","44529",
"1500000US481130009022","Block Group 2; Census Tract 9.02; Dallas County; Texas","78523","25519",
"1500000US481130009023","Block Group 3; Census Tract 9.02; Dallas County; Texas","85909","11811",
"1500000US481130010011","Block Group 1; Census Tract 10.01; Dallas County; Texas","156447","29928",
"1500000US481130010012","Block Group 2; Census Tract 10.01; Dallas County; Texas","-","**",
"1500000US481130010021","Block Group 1; Census Tract 10.02; Dallas County; Texas","111809","26965",
"1500000US481130010022","Block Group 2; Census Tract 10.02; Dallas County; Texas","151607","133707",
"1500000US481130011011","Block Group 1; Census Tract 11.01; Dallas County; Texas","182727","135853",
"1500000US481130011012","Block Group 2; Census Tract 11.01; Dallas County; Texas","133629","106763",
"1500000US481130011013","Block Group 3; Census Tract 11.01; Dallas County; Texas","169232","51760",
"1500000US481130011014","Block Group 4; Census Tract 11.01; Dallas County; Texas","100247","36795",
"1500000US481130011021","Block Group 1; Census Tract 11.02; Dallas County; Texas","92992","34314",
"1500000US481130011022","Block Group 2; Census Tract 11.02; Dallas County; Texas","207500","88488",
"1500000US481130012021","Block Group 1; Census Tract 12.02; Dallas County; Texas","65041","16682",
"1500000US481130012022","Block Group 2; Census Tract 12.02; Dallas County; Texas","69940","30047",
"1500000US481130012023","Block Group 3; Census Tract 12.02; Dallas County; Texas","174412","70645",
"1500000US481130012031","Block Group 1; Census Tract 12.03; Dallas County; Texas","139028","44799",
"1500000US481130012041","Block Group 1; Census Tract 12.04; Dallas County; Texas","55000","24197",
"1500000US481130013011","Block Group 1; Census Tract 13.01; Dallas County; Texas","34688","32162",
"1500000US481130013012","Block Group 2; Census Tract 13.01; Dallas County; Texas","105694","11573",
"1500000US481130013013","Block Group 3; Census Tract 13.01; Dallas County; Texas","170330","68574",
"1500000US481130013021","Block Group 1; Census Tract 13.02; Dallas County; Texas","70114","62810",
"1500000US481130013022","Block Group 2; Census Tract 13.02; Dallas County; Texas","-","**",
"1500000US481130014001","Block Group 1; Census Tract 14; Dallas County; Texas","82989","28680",
"1500000US481130014002","Block Group 2; Census Tract 14; Dallas County; Texas","36466","9900",
"1500000US481130014003","Block Group 3; Census Tract 14; Dallas County; Texas","60625","35151",
"1500000US481130015021","Block Group 1; Census Tract 15.02; Dallas County; Texas","54141","9506",
"1500000US481130015022","Block Group 2; Census Tract 15.02; Dallas County; Texas","32582","6568",
"1500000US481130015023","Block Group 3; Census Tract 15.02; Dallas County; Texas","49526","15480",
"1500000US481130015031","Block Group 1; Census Tract 15.03; Dallas County; Texas","45405","35980",
"1500000US481130015032","Block Group 2; Census Tract 15.03; Dallas County; Texas","100563","35109",
"1500000US481130015033","Block Group 3; Census Tract 15.03; Dallas County; Texas","63889","26592",
"1500000US481130015041","Block Group 1; Census Tract 15.04; Dallas County; Texas","69551","15912",
"1500000US481130015042","Block Group 2; Census Tract 15.04; Dallas County; Texas","34821","19222",
"1500000US481130016011","Block Group 1; Census Tract 16.01; Dallas County; Texas","62213","10013",
"1500000US481130016021","Block Group 1; Census Tract 16.02; Dallas County; Texas","136538","23563",
"1500000US481130016022","Block Group 2; Census Tract 16.02; Dallas County; Texas","108667","51554",
"1500000US481130017031","Block Group 1; Census Tract 17.03; Dallas County; Texas","116304","32657",
"1500000US481130017032","Block Group 2; Census Tract 17.03; Dallas County; Texas","123917","43181",
"1500000US481130017033","Block Group 3; Census Tract 17.03; Dallas County; Texas","95766","69223",
"1500000US481130017051","Block Group 1; Census Tract 17.05; Dallas County; Texas","104921","32409",
"1500000US481130018011","Block Group 1; Census Tract 18.01; Dallas County; Texas","87372","43615",
"1500000US481130018012","Block Group 2; Census Tract 18.01; Dallas County; Texas","93487","44129",
"1500000US481130018021","Block Group 1; Census Tract 18.02; Dallas County; Texas","109094","15723",
"1500000US481130018022","Block Group 2; Census Tract 18.02; Dallas County; Texas","127833","35140",
"1500000US481130019011","Block Group 1; Census Tract 19.01; Dallas County; Texas","150481","54800",
"1500000US481130019012","Block Group 2; Census Tract 19.01; Dallas County; Texas","108750","90381",
"1500000US481130019013","Block Group 3; Census Tract 19.01; Dallas County; Texas","245714","75961",
"1500000US481130019021","Block Group 1; Census Tract 19.02; Dallas County; Texas","198750","109926",
"1500000US481130019022","Block Group 2; Census Tract 19.02; Dallas County; Texas","110746","18782",
"1500000US481130020011","Block Group 1; Census Tract 20.01; Dallas County; Texas","-","**",
"1500000US481130020012","Block Group 2; Census Tract 20.01; Dallas County; Texas","67917","5239",
"1500000US481130020021","Block Group 1; Census Tract 20.02; Dallas County; Texas","44750","21935",
"1500000US481130020022","Block Group 2; Census Tract 20.02; Dallas County; Texas","41106","16704",
"1500000US481130021001","Block Group 1; Census Tract 21; Dallas County; Texas","102148","10427",
"1500000US481130022001","Block Group 1; Census Tract 22; Dallas County; Texas","74837","31768",
"1500000US481130022002","Block Group 2; Census Tract 22; Dallas County; Texas","106731","70481",
"1500000US481130022003","Block Group 3; Census Tract 22; Dallas County; Texas","41250","14566",
"1500000US481130024001","Block Group 1; Census Tract 24; Dallas County; Texas","40755","16772",
"1500000US481130024002","Block Group 2; Census Tract 24; Dallas County; Texas","86845","64033",
"1500000US481130024003","Block Group 3; Census Tract 24; Dallas County; Texas","68875","20482",
"1500000US481130025001","Block Group 1; Census Tract 25; Dallas County; Texas","-","**",
"1500000US481130025002","Block Group 2; Census Tract 25; Dallas County; Texas","50197","34358",
"1500000US481130025003","Block Group 3; Census Tract 25; Dallas County; Texas","93800","29074",
"1500000US481130025004","Block Group 4; Census Tract 25; Dallas County; Texas","54698","38736",
"1500000US481130027031","Block Group 1; Census Tract 27.03; Dallas County; Texas","-","**",
"1500000US481130027032","Block Group 2; Census Tract 27.03; Dallas County; Texas","54623","48595",
"1500000US481130027033","Block Group 3; Census Tract 27.03; Dallas County; Texas","28928","5303",
"1500000US481130031021","Block Group 1; Census Tract 31.02; Dallas County; Texas","136518","25287",
"1500000US481130031031","Block Group 1; Census Tract 31.03; Dallas County; Texas","64352","33194",
"1500000US481130037001","Block Group 1; Census Tract 37; Dallas County; Texas","77870","49372",
"1500000US481130037002","Block Group 2; Census Tract 37; Dallas County; Texas","37367","30473",
"1500000US481130042011","Block Group 1; Census Tract 42.01; Dallas County; Texas","116649","87375",
"1500000US481130042012","Block Group 2; Census Tract 42.01; Dallas County; Texas","77256","36189",
"1500000US481130042013","Block Group 3; Census Tract 42.01; Dallas County; Texas","159432","100325",
"1500000US481130042021","Block Group 1; Census Tract 42.02; Dallas County; Texas","223614","27525",
"1500000US481130042022","Block Group 2; Census Tract 42.02; Dallas County; Texas","117250","77276",
"1500000US481130043001","Block Group 1; Census Tract 43; Dallas County; Texas","73329","4707",
"1500000US481130044001","Block Group 1; Census Tract 44; Dallas County; Texas","164000","104130",
"1500000US481130044002","Block Group 2; Census Tract 44; Dallas County; Texas","116925","21760",
"1500000US481130044003","Block Group 3; Census Tract 44; Dallas County; Texas","77857","61327",
"1500000US481130045001","Block Group 1; Census Tract 45; Dallas County; Texas","50781","23174",
"1500000US481130045002","Block Group 2; Census Tract 45; Dallas County; Texas","127500","39126",
"1500000US481130045003","Block Group 3; Census Tract 45; Dallas County; Texas","52316","19588",
"1500000US481130046001","Block Group 1; Census Tract 46; Dallas County; Texas","82107","28421",
"1500000US481130047001","Block Group 1; Census Tract 47; Dallas County; Texas","104934","38596",
"1500000US481130047002","Block Group 2; Census Tract 47; Dallas County; Texas","70254","7856",
"1500000US481130048001","Block Group 1; Census Tract 48; Dallas County; Texas","63371","44801",
"1500000US481130048002","Block Group 2; Census Tract 48; Dallas County; Texas","50539","24920",
"1500000US481130050001","Block Group 1; Census Tract 50; Dallas County; Texas","54140","11369",
"1500000US481130050002","Block Group 2; Census Tract 50; Dallas County; Texas","70667","29775",
"1500000US481130051001","Block Group 1; Census Tract 51; Dallas County; Texas","122766","78665",
"1500000US481130051002","Block Group 2; Census Tract 51; Dallas County; Texas","63750","16487",
"1500000US481130052001","Block Group 1; Census Tract 52; Dallas County; Texas","116944","39946",
"1500000US481130052002","Block Group 2; Census Tract 52; Dallas County; Texas","64667","37897",
"1500000US481130053001","Block Group 1; Census Tract 53; Dallas County; Texas","79500","58141",
"1500000US481130053002","Block Group 2; Census Tract 53; Dallas County; Texas","85997","26659",
"1500000US481130053003","Block Group 3; Census Tract 53; Dallas County; Texas","58125","16539",
"1500000US481130053004","Block Group 4; Census Tract 53; Dallas County; Texas","83750","23368",
"1500000US481130054001","Block Group 1; Census Tract 54; Dallas County; Texas","59375","20171",
"1500000US481130054002","Block Group 2; Census Tract 54; Dallas County; Texas","47712","15464",
"1500000US481130054003","Block Group 3; Census Tract 54; Dallas County; Texas","55679","4778",
"1500000US481130055001","Block Group 1; Census Tract 55; Dallas County; Texas","77762","29656",
"1500000US481130055002","Block Group 2; Census Tract 55; Dallas County; Texas","23958","15507",
"1500000US481130055003","Block Group 3; Census Tract 55; Dallas County; Texas","81225","15412",
"1500000US481130056001","Block Group 1; Census Tract 56; Dallas County; Texas","72277","48580",
"1500000US481130056002","Block Group 2; Census Tract 56; Dallas County; Texas","55446","6927",
"1500000US481130056003","Block Group 3; Census Tract 56; Dallas County; Texas","63155","6556",
"1500000US481130057001","Block Group 1; Census Tract 57; Dallas County; Texas","46786","13808",
"1500000US481130057002","Block Group 2; Census Tract 57; Dallas County; Texas","45685","19708",
"1500000US481130057003","Block Group 3; Census Tract 57; Dallas County; Texas","22331","10562",
"1500000US481130059011","Block Group 1; Census Tract 59.01; Dallas County; Texas","72969","4974",
"1500000US481130059012","Block Group 2; Census Tract 59.01; Dallas County; Texas","34974","28753",
"1500000US481130059013","Block Group 3; Census Tract 59.01; Dallas County; Texas","76842","50727",
"1500000US481130059021","Block Group 1; Census Tract 59.02; Dallas County; Texas","49143","29842",
"1500000US481130059022","Block Group 2; Census Tract 59.02; Dallas County; Texas","42770","11983",
"1500000US481130059023","Block Group 3; Census Tract 59.02; Dallas County; Texas","41427","8400",
"1500000US481130060011","Block Group 1; Census Tract 60.01; Dallas County; Texas","-","**",
"1500000US481130060012","Block Group 2; Census Tract 60.01; Dallas County; Texas","59349","10471",
"1500000US481130060021","Block Group 1; Census Tract 60.02; Dallas County; Texas","32255","13531",
"1500000US481130060022","Block Group 2; Census Tract 60.02; Dallas County; Texas","48926","7638",
"1500000US481130060023","Block Group 3; Census Tract 60.02; Dallas County; Texas","42358","12606",
"1500000US481130061001","Block Group 1; Census Tract 61; Dallas County; Texas","43943","30055",
"1500000US481130061002","Block Group 2; Census Tract 61; Dallas County; Texas","111250","29934",
"1500000US481130062001","Block Group 1; Census Tract 62; Dallas County; Texas","44517","7649",
"1500000US481130062002","Block Group 2; Census Tract 62; Dallas County; Texas","-","**",
"1500000US481130062003","Block Group 3; Census Tract 62; Dallas County; Texas","-","**",
"1500000US481130063011","Block Group 1; Census Tract 63.01; Dallas County; Texas","48557","32004",
"1500000US481130063012","Block Group 2; Census Tract 63.01; Dallas County; Texas","60802","17437",
"1500000US481130063013","Block Group 3; Census Tract 63.01; Dallas County; Texas","96178","26053",
"1500000US481130063021","Block Group 1; Census Tract 63.02; Dallas County; Texas","-","**",
"1500000US481130063022","Block Group 2; Census Tract 63.02; Dallas County; Texas","85122","30332",
"1500000US481130064011","Block Group 1; Census Tract 64.01; Dallas County; Texas","72976","18787",
"1500000US481130064021","Block Group 1; Census Tract 64.02; Dallas County; Texas","49651","20190",
"1500000US481130064022","Block Group 2; Census Tract 64.02; Dallas County; Texas","49583","26553",
"1500000US481130065011","Block Group 1; Census Tract 65.01; Dallas County; Texas","117611","100580",
"1500000US481130065012","Block Group 2; Census Tract 65.01; Dallas County; Texas","102857","39865",
"1500000US481130065013","Block Group 3; Census Tract 65.01; Dallas County; Texas","81815","39407",
"1500000US481130065014","Block Group 4; Census Tract 65.01; Dallas County; Texas","92143","25926",
"1500000US481130065021","Block Group 1; Census Tract 65.02; Dallas County; Texas","70000","30801",
"1500000US481130065022","Block Group 2; Census Tract 65.02; Dallas County; Texas","57652","9085",
"1500000US481130067011","Block Group 1; Census Tract 67.01; Dallas County; Texas","85980","27838",
"1500000US481130067012","Block Group 2; Census Tract 67.01; Dallas County; Texas","53436","7490",
"1500000US481130067021","Block Group 1; Census Tract 67.02; Dallas County; Texas","48879","19116",
"1500000US481130068001","Block Group 1; Census Tract 68; Dallas County; Texas","64018","49564",
"1500000US481130068002","Block Group 2; Census Tract 68; Dallas County; Texas","55952","29122",
"1500000US481130068003","Block Group 3; Census Tract 68; Dallas County; Texas","65189","19257",
"1500000US481130069001","Block Group 1; Census Tract 69; Dallas County; Texas","101504","26399",
"1500000US481130069002","Block Group 2; Census Tract 69; Dallas County; Texas","52208","43799",
"1500000US481130069003","Block Group 3; Census Tract 69; Dallas County; Texas","45615","7338",
"1500000US481130071011","Block Group 1; Census Tract 71.01; Dallas County; Texas","250,000+","***",
"1500000US481130071012","Block Group 2; Census Tract 71.01; Dallas County; Texas","-","**",
"1500000US481130071021","Block Group 1; Census Tract 71.02; Dallas County; Texas","76481","28858",
"1500000US481130071022","Block Group 2; Census Tract 71.02; Dallas County; Texas","-","**",
"1500000US481130071023","Block Group 3; Census Tract 71.02; Dallas County; Texas","98003","20384",
"1500000US481130071024","Block Group 4; Census Tract 71.02; Dallas County; Texas","68750","33485",
"1500000US481130071025","Block Group 5; Census Tract 71.02; Dallas County; Texas","140833","83218",
"1500000US481130072031","Block Group 1; Census Tract 72.03; Dallas County; Texas","59522","20677",
"1500000US481130072032","Block Group 2; Census Tract 72.03; Dallas County; Texas","44346","9582",
"1500000US481130072041","Block Group 1; Census Tract 72.04; Dallas County; Texas","70000","37574",
"1500000US481130072042","Block Group 2; Census Tract 72.04; Dallas County; Texas","63397","18812",
"1500000US481130072051","Block Group 1; Census Tract 72.05; Dallas County; Texas","42432","4234",
"1500000US481130072052","Block Group 2; Census Tract 72.05; Dallas County; Texas","44605","17745",
"1500000US481130072061","Block Group 1; Census Tract 72.06; Dallas County; Texas","49750","18407",
"1500000US481130072062","Block Group 2; Census Tract 72.06; Dallas County; Texas","46856","37641",
"1500000US481130073011","Block Group 1; Census Tract 73.01; Dallas County; Texas","250,000+","***",
"1500000US481130073012","Block Group 2; Census Tract 73.01; Dallas County; Texas","250,000+","***",
"1500000US481130073021","Block Group 1; Census Tract 73.02; Dallas County; Texas","250,000+","***",
"1500000US481130073022","Block Group 2; Census Tract 73.02; Dallas County; Texas","250,000+","***",
"1500000US481130073023","Block Group 3; Census Tract 73.02; Dallas County; Texas","250,000+","***",
"1500000US481130073024","Block Group 4; Census Tract 73.02; Dallas County; Texas","155417","93263",
"1500000US481130076011","Block Group 1; Census Tract 76.01; Dallas County; Texas","132308","8523",
"1500000US481130076012","Block Group 2; Census Tract 76.01; Dallas County; Texas","250,000+","***",
"1500000US481130076041","Block Group 1; Census Tract 76.04; Dallas County; Texas","250,000+","***",
"1500000US481130076042","Block Group 2; Census Tract 76.04; Dallas County; Texas","250,000+","***",
"1500000US481130076051","Block Group 1; Census Tract 76.05; Dallas County; Texas","118500","74350",
"1500000US481130077011","Block Group 1; Census Tract 77.01; Dallas County; Texas","157768","61502",
"1500000US481130077012","Block Group 2; Census Tract 77.01; Dallas County; Texas","196552","73975",
"1500000US481130077021","Block Group 1; Census Tract 77.02; Dallas County; Texas","71696","24457",
"1500000US481130077022","Block Group 2; Census Tract 77.02; Dallas County; Texas","113750","73993",
"1500000US481130077023","Block Group 3; Census Tract 77.02; Dallas County; Texas","250,000+","***",
"1500000US481130078011","Block Group 1; Census Tract 78.01; Dallas County; Texas","86473","26935",
"1500000US481130078012","Block Group 2; Census Tract 78.01; Dallas County; Texas","144397","87006",
"1500000US481130078051","Block Group 1; Census Tract 78.05; Dallas County; Texas","25833","23604",
"1500000US481130078052","Block Group 2; Census Tract 78.05; Dallas County; Texas","160096","66087",
"1500000US481130078053","Block Group 3; Census Tract 78.05; Dallas County; Texas","103500","65691",
"1500000US481130078091","Block Group 1; Census Tract 78.09; Dallas County; Texas","-","**",
"1500000US481130078092","Block Group 2; Census Tract 78.09; Dallas County; Texas","100500","13491",
"1500000US481130078101","Block Group 1; Census Tract 78.10; Dallas County; Texas","77559","24705",
"1500000US481130078102","Block Group 2; Census Tract 78.10; Dallas County; Texas","175833","105480",
"1500000US481130078103","Block Group 3; Census Tract 78.10; Dallas County; Texas","30057","22750",
"1500000US481130078121","Block Group 1; Census Tract 78.12; Dallas County; Texas","207895","43245",
"1500000US481130078122","Block Group 2; Census Tract 78.12; Dallas County; Texas","220278","28897",
"1500000US481130078151","Block Group 1; Census Tract 78.15; Dallas County; Texas","47569","31020",
"1500000US481130078152","Block Group 2; Census Tract 78.15; Dallas County; Texas","50185","23761",
"1500000US481130078153","Block Group 3; Census Tract 78.15; Dallas County; Texas","58049","24029",
"1500000US481130078191","Block Group 1; Census Tract 78.19; Dallas County; Texas","47019","33849",
"1500000US481130078192","Block Group 2; Census Tract 78.19; Dallas County; Texas","39402","16325",
"1500000US481130078211","Block Group 1; Census Tract 78.21; Dallas County; Texas","42930","13749",
"1500000US481130078212","Block Group 2; Census Tract 78.21; Dallas County; Texas","61090","2642",
"1500000US481130078213","Block Group 3; Census Tract 78.21; Dallas County; Texas","56912","22107",
"1500000US481130078221","Block Group 1; Census Tract 78.22; Dallas County; Texas","-","**",
"1500000US481130078222","Block Group 2; Census Tract 78.22; Dallas County; Texas","79439","17601",
"1500000US481130078231","Block Group 1; Census Tract 78.23; Dallas County; Texas","77932","6299",
"1500000US481130078241","Block Group 1; Census Tract 78.24; Dallas County; Texas","196406","43555",
"1500000US481130078251","Block Group 1; Census Tract 78.25; Dallas County; Texas","88331","13890",
"1500000US481130078252","Block Group 2; Census Tract 78.25; Dallas County; Texas","-","**",
"1500000US481130078253","Block Group 3; Census Tract 78.25; Dallas County; Texas","-","**",
"1500000US481130078254","Block Group 4; Census Tract 78.25; Dallas County; Texas","136389","61959",
"1500000US481130078261","Block Group 1; Census Tract 78.26; Dallas County; Texas","66276","6045",
"1500000US481130078271","Block Group 1; Census Tract 78.27; Dallas County; Texas","42266","6861",
"1500000US481130078272","Block Group 2; Census Tract 78.27; Dallas County; Texas","62344","12008",
"1500000US481130078281","Block Group 1; Census Tract 78.28; Dallas County; Texas","56192","7317",
"1500000US481130078282","Block Group 2; Census Tract 78.28; Dallas County; Texas","88929","61050",
"1500000US481130078283","Block Group 3; Census Tract 78.28; Dallas County; Texas","39928","23159",
"1500000US481130078291","Block Group 1; Census Tract 78.29; Dallas County; Texas","80417","41669",
"1500000US481130078292","Block Group 2; Census Tract 78.29; Dallas County; Texas","65885","22893",
"1500000US481130078301","Block Group 1; Census Tract 78.30; Dallas County; Texas","43082","18402",
"1500000US481130078302","Block Group 2; Census Tract 78.30; Dallas County; Texas","58521","27205",
"1500000US481130078311","Block Group 1; Census Tract 78.31; Dallas County; Texas","43750","11709",
"1500000US481130078312","Block Group 2; Census Tract 78.31; Dallas County; Texas","-","**",
"1500000US481130078321","Block Group 1; Census Tract 78.32; Dallas County; Texas","67050","11788",
"1500000US481130078322","Block Group 2; Census Tract 78.32; Dallas County; Texas","49663","33170",
"1500000US481130078331","Block Group 1; Census Tract 78.33; Dallas County; Texas","36124","8191",
"1500000US481130078332","Block Group 2; Census Tract 78.33; Dallas County; Texas","28978","3501",
"1500000US481130078341","Block Group 1; Census Tract 78.34; Dallas County; Texas","37040","9178",
"1500000US481130078342","Block Group 2; Census Tract 78.34; Dallas County; Texas","41067","10736",
"1500000US481130078351","Block Group 1; Census Tract 78.35; Dallas County; Texas","47776","11355",
"1500000US481130078352","Block Group 2; Census Tract 78.35; Dallas County; Texas","95272","38014",
"1500000US481130079021","Block Group 1; Census Tract 79.02; Dallas County; Texas","125962","64269",
"1500000US481130079022","Block Group 2; Census Tract 79.02; Dallas County; Texas","86644","39909",
"1500000US481130079023","Block Group 3; Census Tract 79.02; Dallas County; Texas","238438","98752",
"1500000US481130079024","Block Group 4; Census Tract 79.02; Dallas County; Texas","56396","8272",
"1500000US481130079025","Block Group 5; Census Tract 79.02; Dallas County; Texas","98849","82051",
"1500000US481130079031","Block Group 1; Census Tract 79.03; Dallas County; Texas","145625","13500",
"1500000US481130079032","Block Group 2; Census Tract 79.03; Dallas County; Texas","212768","146872",
"1500000US481130079061","Block Group 1; Census Tract 79.06; Dallas County; Texas","190000","63731",
"1500000US481130079062","Block Group 2; Census Tract 79.06; Dallas County; Texas","133000","48031",
"1500000US481130079091","Block Group 1; Census Tract 79.09; Dallas County; Texas","85096","20936",
"1500000US481130079092","Block Group 2; Census Tract 79.09; Dallas County; Texas","70913","4781",
"1500000US481130079101","Block Group 1; Census Tract 79.10; Dallas County; Texas","72120","39551",
"1500000US481130079102","Block Group 2; Census Tract 79.10; Dallas County; Texas","58968","23360",
"1500000US481130079103","Block Group 3; Census Tract 79.10; Dallas County; Texas","73313","26436",
"1500000US481130079121","Block Group 1; Census Tract 79.12; Dallas County; Texas","125278","30109",
"1500000US481130079122","Block Group 2; Census Tract 79.12; Dallas County; Texas","71379","14131",
"1500000US481130079131","Block Group 1; Census Tract 79.13; Dallas County; Texas","56690","20280",
"1500000US481130079132","Block Group 2; Census Tract 79.13; Dallas County; Texas","78258","3598",
"1500000US481130079141","Block Group 1; Census Tract 79.14; Dallas County; Texas","80282","17712",
"1500000US481130079142","Block Group 2; Census Tract 79.14; Dallas County; Texas","73288","22244",
"1500000US481130079151","Block Group 1; Census Tract 79.15; Dallas County; Texas","76628","10587",
"1500000US481130079152","Block Group 2; Census Tract 79.15; Dallas County; Texas","51591","31503",
"1500000US481130079161","Block Group 1; Census Tract 79.16; Dallas County; Texas","88462","53887",
"1500000US481130079162","Block Group 2; Census Tract 79.16; Dallas County; Texas","126010","62040",
"1500000US481130080001","Block Group 1; Census Tract 80; Dallas County; Texas","250,000+","***",
"1500000US481130080002","Block Group 2; Census Tract 80; Dallas County; Texas","250,000+","***",
"1500000US481130080003","Block Group 3; Census Tract 80; Dallas County; Texas","158456","81920",
"1500000US481130080004","Block Group 4; Census Tract 80; Dallas County; Texas","250,000+","***",
"1500000US481130080005","Block Group 5; Census Tract 80; Dallas County; Texas","250,000+","***",
"1500000US481130080006","Block Group 6; Census Tract 80; Dallas County; Texas","250,000+","***",
"1500000US481130081011","Block Group 1; Census Tract 81.01; Dallas County; Texas","78958","26371",
"1500000US481130081012","Block Group 2; Census Tract 81.01; Dallas County; Texas","68214","23953",
"1500000US481130081021","Block Group 1; Census Tract 81.02; Dallas County; Texas","250,000+","***",
"1500000US481130081022","Block Group 2; Census Tract 81.02; Dallas County; Texas","141993","30839",
"1500000US481130081023","Block Group 3; Census Tract 81.02; Dallas County; Texas","239688","59055",
"1500000US481130081024","Block Group 4; Census Tract 81.02; Dallas County; Texas","61012","16677",
"1500000US481130082001","Block Group 1; Census Tract 82; Dallas County; Texas","162125","87975",
"1500000US481130082002","Block Group 2; Census Tract 82; Dallas County; Texas","49444","16080",
"1500000US481130082003","Block Group 3; Census Tract 82; Dallas County; Texas","122292","33379",
"1500000US481130082004","Block Group 4; Census Tract 82; Dallas County; Texas","-","**",
"1500000US481130084011","Block Group 1; Census Tract 84.01; Dallas County; Texas","67188","7626",
"1500000US481130084012","Block Group 2; Census Tract 84.01; Dallas County; Texas","54792","28460",
"1500000US481130084021","Block Group 1; Census Tract 84.02; Dallas County; Texas","85500","42858",
"1500000US481130084022","Block Group 2; Census Tract 84.02; Dallas County; Texas","73264","16649",
"1500000US481130085001","Block Group 1; Census Tract 85; Dallas County; Texas","67440","22550",
"1500000US481130085002","Block Group 2; Census Tract 85; Dallas County; Texas","74167","27211",
"1500000US481130086041","Block Group 1; Census Tract 86.04; Dallas County; Texas","37794","19455",
"1500000US481130086042","Block Group 2; Census Tract 86.04; Dallas County; Texas","16335","11523",
"1500000US481130087011","Block Group 1; Census Tract 87.01; Dallas County; Texas","16444","9040",
"1500000US481130087012","Block Group 2; Census Tract 87.01; Dallas County; Texas","22627","8336",
"1500000US481130087013","Block Group 3; Census Tract 87.01; Dallas County; Texas","29647","9988",
"1500000US481130087031","Block Group 1; Census Tract 87.03; Dallas County; Texas","58030","24980",
"1500000US481130087032","Block Group 2; Census Tract 87.03; Dallas County; Texas","38053","26208",
"1500000US481130087041","Block Group 1; Census Tract 87.04; Dallas County; Texas","70201","55869",
"1500000US481130087042","Block Group 2; Census Tract 87.04; Dallas County; Texas","16343","1294",
"1500000US481130087043","Block Group 3; Census Tract 87.04; Dallas County; Texas","16408","9472",
"1500000US481130087051","Block Group 1; Census Tract 87.05; Dallas County; Texas","50543","31056",
"1500000US481130088011","Block Group 1; Census Tract 88.01; Dallas County; Texas","42556","14155",
"1500000US481130088012","Block Group 2; Census Tract 88.01; Dallas County; Texas","46250","8407",
"1500000US481130088021","Block Group 1; Census Tract 88.02; Dallas County; Texas","33663","12046",
"1500000US481130088022","Block Group 2; Census Tract 88.02; Dallas County; Texas","37528","18144",
"1500000US481130088023","Block Group 3; Census Tract 88.02; Dallas County; Texas","24732","21208",
"1500000US481130090011","Block Group 1; Census Tract 90.01; Dallas County; Texas","41958","16467",
"1500000US481130090012","Block Group 2; Census Tract 90.01; Dallas County; Texas","62564","9470",
"1500000US481130090021","Block Group 1; Census Tract 90.02; Dallas County; Texas","42205","18899",
"1500000US481130090022","Block Group 2; Census Tract 90.02; Dallas County; Texas","-","**",
"1500000US481130090023","Block Group 3; Census Tract 90.02; Dallas County; Texas","63050","15545",
"1500000US481130091011","Block Group 1; Census Tract 91.01; Dallas County; Texas","63226","23083",
"1500000US481130091012","Block Group 2; Census Tract 91.01; Dallas County; Texas","34621","25310",
"1500000US481130091013","Block Group 3; Census Tract 91.01; Dallas County; Texas","83910","28014",
"1500000US481130091031","Block Group 1; Census Tract 91.03; Dallas County; Texas","62839","10888",
"1500000US481130091032","Block Group 2; Census Tract 91.03; Dallas County; Texas","-","**",
"1500000US481130091041","Block Group 1; Census Tract 91.04; Dallas County; Texas","33026","30705",
"1500000US481130091042","Block Group 2; Census Tract 91.04; Dallas County; Texas","73750","44010",
"1500000US481130091051","Block Group 1; Census Tract 91.05; Dallas County; Texas","65684","8425",
"1500000US481130091052","Block Group 2; Census Tract 91.05; Dallas County; Texas","62973","8283",
"1500000US481130092021","Block Group 1; Census Tract 92.02; Dallas County; Texas","56903","17044",
"1500000US481130092022","Block Group 2; Census Tract 92.02; Dallas County; Texas","51865","5268",
"1500000US481130092023","Block Group 3; Census Tract 92.02; Dallas County; Texas","45379","13244",
"1500000US481130092031","Block Group 1; Census Tract 92.03; Dallas County; Texas","-","**",
"1500000US481130092032","Block Group 2; Census Tract 92.03; Dallas County; Texas","53750","19921",
"1500000US481130092041","Block Group 1; Census Tract 92.04; Dallas County; Texas","62083","23876",
"1500000US481130092042","Block Group 2; Census Tract 92.04; Dallas County; Texas","49625","4882",
"1500000US481130093011","Block Group 1; Census Tract 93.01; Dallas County; Texas","-","**",
"1500000US481130093012","Block Group 2; Census Tract 93.01; Dallas County; Texas","76714","12330",
"1500000US481130093013","Block Group 3; Census Tract 93.01; Dallas County; Texas","77679","22158",
"1500000US481130093031","Block Group 1; Census Tract 93.03; Dallas County; Texas","54643","24593",
"1500000US481130093032","Block Group 2; Census Tract 93.03; Dallas County; Texas","90134","53402",
"1500000US481130093041","Block Group 1; Census Tract 93.04; Dallas County; Texas","29600","26039",
"1500000US481130093042","Block Group 2; Census Tract 93.04; Dallas County; Texas","-","**",
"1500000US481130093043","Block Group 3; Census Tract 93.04; Dallas County; Texas","49773","23016",
"1500000US481130093044","Block Group 4; Census Tract 93.04; Dallas County; Texas","-","**",
"1500000US481130094011","Block Group 1; Census Tract 94.01; Dallas County; Texas","-","**",
"1500000US481130094012","Block Group 2; Census Tract 94.01; Dallas County; Texas","132743","32893",
"1500000US481130094013","Block Group 3; Census Tract 94.01; Dallas County; Texas","170060","95794",
"1500000US481130094021","Block Group 1; Census Tract 94.02; Dallas County; Texas","231979","160887",
"1500000US481130094022","Block Group 2; Census Tract 94.02; Dallas County; Texas","191719","74255",
"1500000US481130095001","Block Group 1; Census Tract 95; Dallas County; Texas","163207","35574",
"1500000US481130095002","Block Group 2; Census Tract 95; Dallas County; Texas","232188","39809",
"1500000US481130096031","Block Group 1; Census Tract 96.03; Dallas County; Texas","250,000+","***",
"1500000US481130096032","Block Group 2; Census Tract 96.03; Dallas County; Texas","78985","23417",
"1500000US481130096033","Block Group 3; Census Tract 96.03; Dallas County; Texas","200125","84215",
"1500000US481130096041","Block Group 1; Census Tract 96.04; Dallas County; Texas","31127","15908",
"1500000US481130096042","Block Group 2; Census Tract 96.04; Dallas County; Texas","145562","100618",
"1500000US481130096043","Block Group 3; Census Tract 96.04; Dallas County; Texas","51236","19055",
"1500000US481130096051","Block Group 1; Census Tract 96.05; Dallas County; Texas","93929","25535",
"1500000US481130096052","Block Group 2; Census Tract 96.05; Dallas County; Texas","57134","12590",
"1500000US481130096071","Block Group 1; Census Tract 96.07; Dallas County; Texas","179333","29330",
"1500000US481130096072","Block Group 2; Census Tract 96.07; Dallas County; Texas","96895","27495",
"1500000US481130096073","Block Group 3; Census Tract 96.07; Dallas County; Texas","133521","34225",
"1500000US481130096081","Block Group 1; Census Tract 96.08; Dallas County; Texas","127000","82737",
"1500000US481130096082","Block Group 2; Census Tract 96.08; Dallas County; Texas","91914","44582",
"1500000US481130096083","Block Group 3; Census Tract 96.08; Dallas County; Texas","159375","85697",
"1500000US481130096091","Block Group 1; Census Tract 96.09; Dallas County; Texas","232969","92547",
"1500000US481130096092","Block Group 2; Census Tract 96.09; Dallas County; Texas","177143","21873",
"1500000US481130096101","Block Group 1; Census Tract 96.10; Dallas County; Texas","47649","10252",
"1500000US481130096102","Block Group 2; Census Tract 96.10; Dallas County; Texas","59063","54405",
"1500000US481130096103","Block Group 3; Census Tract 96.10; Dallas County; Texas","91484","49277",
"1500000US481130096111","Block Group 1; Census Tract 96.11; Dallas County; Texas","85452","26242",
"1500000US481130096112","Block Group 2; Census Tract 96.11; Dallas County; Texas","92200","31382",
"1500000US481130097011","Block Group 1; Census Tract 97.01; Dallas County; Texas","170094","68574",
"1500000US481130097012","Block Group 2; Census Tract 97.01; Dallas County; Texas","49969","12539",
"1500000US481130097013","Block Group 3; Census Tract 97.01; Dallas County; Texas","121071","81303",
"1500000US481130097021","Block Group 1; Census Tract 97.02; Dallas County; Texas","168614","14301",
"1500000US481130097022","Block Group 2; Census Tract 97.02; Dallas County; Texas","224000","31261",
"1500000US481130098021","Block Group 1; Census Tract 98.02; Dallas County; Texas","65912","30109",
"1500000US481130098022","Block Group 2; Census Tract 98.02; Dallas County; Texas","71595","16465",
"1500000US481130098023","Block Group 3; Census Tract 98.02; Dallas County; Texas","74226","25927",
"1500000US481130098031","Block Group 1; Census Tract 98.03; Dallas County; Texas","90250","10903",
"1500000US481130098041","Block Group 1; Census Tract 98.04; Dallas County; Texas","71776","27415",
"1500000US481130098042","Block Group 2; Census Tract 98.04; Dallas County; Texas","42485","19154",
"1500000US481130098043","Block Group 3; Census Tract 98.04; Dallas County; Texas","63318","7015",
"1500000US481130098044","Block Group 4; Census Tract 98.04; Dallas County; Texas","43208","15515",
"1500000US481130099001","Block Group 1; Census Tract 99; Dallas County; Texas","72880","25561",
"1500000US481130099002","Block Group 2; Census Tract 99; Dallas County; Texas","101884","11602",
"1500000US481130099003","Block Group 3; Census Tract 99; Dallas County; Texas","81673","18279",
"1500000US481130100011","Block Group 1; Census Tract 100.01; Dallas County; Texas","-","**",
"1500000US481130100012","Block Group 2; Census Tract 100.01; Dallas County; Texas","15959","2269",
"1500000US481130100013","Block Group 3; Census Tract 100.01; Dallas County; Texas","-","**",
"1500000US481130100014","Block Group 4; Census Tract 100.01; Dallas County; Texas","-","**",
"1500000US481130100015","Block Group 5; Census Tract 100.01; Dallas County; Texas","47295","4937",
"1500000US481130100021","Block Group 1; Census Tract 100.02; Dallas County; Texas","-","**",
"1500000US481130100031","Block Group 1; Census Tract 100.03; Dallas County; Texas","83846","40220",
"1500000US481130100032","Block Group 2; Census Tract 100.03; Dallas County; Texas","84519","19029",
"1500000US481130101011","Block Group 1; Census Tract 101.01; Dallas County; Texas","67450","35766",
"1500000US481130101012","Block Group 2; Census Tract 101.01; Dallas County; Texas","40569","13289",
"1500000US481130101021","Block Group 1; Census Tract 101.02; Dallas County; Texas","70921","26083",
"1500000US481130101022","Block Group 2; Census Tract 101.02; Dallas County; Texas","62381","19540",
"1500000US481130105001","Block Group 1; Census Tract 105; Dallas County; Texas","-","**",
"1500000US481130105002","Block Group 2; Census Tract 105; Dallas County; Texas","59154","20470",
"1500000US481130106011","Block Group 1; Census Tract 106.01; Dallas County; Texas","66085","30108",
"1500000US481130106012","Block Group 2; Census Tract 106.01; Dallas County; Texas","59028","42941",
"1500000US481130106021","Block Group 1; Census Tract 106.02; Dallas County; Texas","-","**",
"1500000US481130106022","Block Group 2; Census Tract 106.02; Dallas County; Texas","47500","32886",
"1500000US481130107011","Block Group 1; Census Tract 107.01; Dallas County; Texas","49460","24154",
"1500000US481130107012","Block Group 2; Census Tract 107.01; Dallas County; Texas","100066","49811",
"1500000US481130107013","Block Group 3; Census Tract 107.01; Dallas County; Texas","-","**",
"1500000US481130107014","Block Group 4; Census Tract 107.01; Dallas County; Texas","-","**",
"1500000US481130107015","Block Group 5; Census Tract 107.01; Dallas County; Texas","43096","6418",
"1500000US481130107041","Block Group 1; Census Tract 107.04; Dallas County; Texas","64612","18457",
"1500000US481130107042","Block Group 2; Census Tract 107.04; Dallas County; Texas","20285","10540",
"1500000US481130107043","Block Group 3; Census Tract 107.04; Dallas County; Texas","44367","28128",
"1500000US481130108041","Block Group 1; Census Tract 108.04; Dallas County; Texas","49565","36227",
"1500000US481130108042","Block Group 2; Census Tract 108.04; Dallas County; Texas","26864","15105",
"1500000US481130108043","Block Group 3; Census Tract 108.04; Dallas County; Texas","26536","10793",
"1500000US481130108051","Block Group 1; Census Tract 108.05; Dallas County; Texas","-","**",
"1500000US481130108052","Block Group 2; Census Tract 108.05; Dallas County; Texas","55345","29169",
"1500000US481130108053","Block Group 3; Census Tract 108.05; Dallas County; Texas","32028","8461",
"1500000US481130108061","Block Group 1; Census Tract 108.06; Dallas County; Texas","112500","69860",
"1500000US481130108062","Block Group 2; Census Tract 108.06; Dallas County; Texas","129375","41292",
"1500000US481130108071","Block Group 1; Census Tract 108.07; Dallas County; Texas","49226","41269",
"1500000US481130108072","Block Group 2; Census Tract 108.07; Dallas County; Texas","53840","17375",
"1500000US481130108081","Block Group 1; Census Tract 108.08; Dallas County; Texas","47718","14900",
"1500000US481130108082","Block Group 2; Census Tract 108.08; Dallas County; Texas","87452","29620",
"1500000US481130108091","Block Group 1; Census Tract 108.09; Dallas County; Texas","37999","18162",
"1500000US481130108092","Block Group 2; Census Tract 108.09; Dallas County; Texas","85288","66386",
"1500000US481130108093","Block Group 3; Census Tract 108.09; Dallas County; Texas","112090","35530",
"1500000US481130109031","Block Group 1; Census Tract 109.03; Dallas County; Texas","34367","16704",
"1500000US481130109032","Block Group 2; Census Tract 109.03; Dallas County; Texas","52810","20762",
"1500000US481130109041","Block Group 1; Census Tract 109.04; Dallas County; Texas","45428","21412",
"1500000US481130109042","Block Group 2; Census Tract 109.04; Dallas County; Texas","49403","20318",
"1500000US481130109043","Block Group 3; Census Tract 109.04; Dallas County; Texas","58244","11731",
"1500000US481130109051","Block Group 1; Census Tract 109.05; Dallas County; Texas","31549","27426",
"1500000US481130109052","Block Group 2; Census Tract 109.05; Dallas County; Texas","33860","29264",
"1500000US481130109061","Block Group 1; Census Tract 109.06; Dallas County; Texas","75245","51346",
"1500000US481130109062","Block Group 2; Census Tract 109.06; Dallas County; Texas","51174","36005",
"1500000US481130109063","Block Group 3; Census Tract 109.06; Dallas County; Texas","54725","42947",
"1500000US481130110021","Block Group 1; Census Tract 110.02; Dallas County; Texas","80833","62395",
"1500000US481130110022","Block Group 2; Census Tract 110.02; Dallas County; Texas","87930","28193",
"1500000US481130110031","Block Group 1; Census Tract 110.03; Dallas County; Texas","61458","52065",
"1500000US481130110032","Block Group 2; Census Tract 110.03; Dallas County; Texas","61884","17383",
"1500000US481130110033","Block Group 3; Census Tract 110.03; Dallas County; Texas","73472","19473",
"1500000US481130110041","Block Group 1; Census Tract 110.04; Dallas County; Texas","63499","4173",
"1500000US481130110042","Block Group 2; Census Tract 110.04; Dallas County; Texas","37255","26896",
"1500000US481130111011","Block Group 1; Census Tract 111.01; Dallas County; Texas","59861","27732",
"1500000US481130111012","Block Group 2; Census Tract 111.01; Dallas County; Texas","102308","45925",
"1500000US481130111013","Block Group 3; Census Tract 111.01; Dallas County; Texas","62363","15288",
"1500000US481130111031","Block Group 1; Census Tract 111.03; Dallas County; Texas","-","**",
"1500000US481130111032","Block Group 2; Census Tract 111.03; Dallas County; Texas","61773","24566",
"1500000US481130111041","Block Group 1; Census Tract 111.04; Dallas County; Texas","58324","5072",
"1500000US481130111042","Block Group 2; Census Tract 111.04; Dallas County; Texas","37202","11018",
"1500000US481130111051","Block Group 1; Census Tract 111.05; Dallas County; Texas","66359","3924",
"1500000US481130111052","Block Group 2; Census Tract 111.05; Dallas County; Texas","43650","16978",
"1500000US481130112011","Block Group 1; Census Tract 112.01; Dallas County; Texas","63125","12536",
"1500000US481130112012","Block Group 2; Census Tract 112.01; Dallas County; Texas","68734","8244",
"1500000US481130112021","Block Group 1; Census Tract 112.02; Dallas County; Texas","57906","31876",
"1500000US481130112022","Block Group 2; Census Tract 112.02; Dallas County; Texas","64450","12517",
"1500000US481130113001","Block Group 1; Census Tract 113; Dallas County; Texas","49479","37594",
"1500000US481130113002","Block Group 2; Census Tract 113; Dallas County; Texas","75030","36256",
"1500000US481130113003","Block Group 3; Census Tract 113; Dallas County; Texas","40208","14658",
"1500000US481130114011","Block Group 1; Census Tract 114.01; Dallas County; Texas","85053","53054",
"1500000US481130114012","Block Group 2; Census Tract 114.01; Dallas County; Texas","37828","7690",
"1500000US481130114013","Block Group 3; Census Tract 114.01; Dallas County; Texas","28021","24368",
"1500000US481130115001","Block Group 1; Census Tract 115; Dallas County; Texas","29738","16050",
"1500000US481130115002","Block Group 2; Census Tract 115; Dallas County; Texas","-","**",
"1500000US481130116011","Block Group 1; Census Tract 116.01; Dallas County; Texas","48941","7012",
"1500000US481130116012","Block Group 2; Census Tract 116.01; Dallas County; Texas","70542","53569",
"1500000US481130116031","Block Group 1; Census Tract 116.03; Dallas County; Texas","73526","30310",
"1500000US481130116032","Block Group 2; Census Tract 116.03; Dallas County; Texas","87864","15489",
"1500000US481130116041","Block Group 1; Census Tract 116.04; Dallas County; Texas","89044","59149",
"1500000US481130116042","Block Group 2; Census Tract 116.04; Dallas County; Texas","64891","17691",
"1500000US481130117011","Block Group 1; Census Tract 117.01; Dallas County; Texas","62125","33941",
"1500000US481130117012","Block Group 2; Census Tract 117.01; Dallas County; Texas","49821","36678",
"1500000US481130117013","Block Group 3; Census Tract 117.01; Dallas County; Texas","57936","24843",
"1500000US481130117021","Block Group 1; Census Tract 117.02; Dallas County; Texas","45106","9105",
"1500000US481130117022","Block Group 2; Census Tract 117.02; Dallas County; Texas","70000","13629",
"1500000US481130117023","Block Group 3; Census Tract 117.02; Dallas County; Texas","52481","11547",
"1500000US481130118011","Block Group 1; Census Tract 118.01; Dallas County; Texas","85938","32663",
"1500000US481130118012","Block Group 2; Census Tract 118.01; Dallas County; Texas","47833","12646",
"1500000US481130118013","Block Group 3; Census Tract 118.01; Dallas County; Texas","68552","20909",
"1500000US481130118021","Block Group 1; Census Tract 118.02; Dallas County; Texas","83125","61529",
"1500000US481130118022","Block Group 2; Census Tract 118.02; Dallas County; Texas","45606","25218",
"1500000US481130119011","Block Group 1; Census Tract 119.01; Dallas County; Texas","56750","48430",
"1500000US481130119012","Block Group 2; Census Tract 119.01; Dallas County; Texas","56712","20318",
"1500000US481130119021","Block Group 1; Census Tract 119.02; Dallas County; Texas","64861","11445",
"1500000US481130119022","Block Group 2; Census Tract 119.02; Dallas County; Texas","99886","28757",
"1500000US481130120001","Block Group 1; Census Tract 120; Dallas County; Texas","34230","18782",
"1500000US481130120002","Block Group 2; Census Tract 120; Dallas County; Texas","37435","15944",
"1500000US481130120003","Block Group 3; Census Tract 120; Dallas County; Texas","53899","46847",
"1500000US481130121011","Block Group 1; Census Tract 121.01; Dallas County; Texas","51506","19786",
"1500000US481130121012","Block Group 2; Census Tract 121.01; Dallas County; Texas","58257","27227",
"1500000US481130121021","Block Group 1; Census Tract 121.02; Dallas County; Texas","73718","36527",
"1500000US481130121022","Block Group 2; Census Tract 121.02; Dallas County; Texas","70833","34329",
"1500000US481130122061","Block Group 1; Census Tract 122.06; Dallas County; Texas","108750","45027",
"1500000US481130122062","Block Group 2; Census Tract 122.06; Dallas County; Texas","124750","68282",
"1500000US481130122071","Block Group 1; Census Tract 122.07; Dallas County; Texas","47146","7847",
"1500000US481130122072","Block Group 2; Census Tract 122.07; Dallas County; Texas","69631","12829",
"1500000US481130122073","Block Group 3; Census Tract 122.07; Dallas County; Texas","61667","12505",
"1500000US481130122074","Block Group 4; Census Tract 122.07; Dallas County; Texas","46793","5169",
"1500000US481130122081","Block Group 1; Census Tract 122.08; Dallas County; Texas","36538","17224",
"1500000US481130122082","Block Group 2; Census Tract 122.08; Dallas County; Texas","22370","19827",
"1500000US481130122091","Block Group 1; Census Tract 122.09; Dallas County; Texas","174297","43497",
"1500000US481130122092","Block Group 2; Census Tract 122.09; Dallas County; Texas","-","**",
"1500000US481130122101","Block Group 1; Census Tract 122.10; Dallas County; Texas","33956","7555",
"1500000US481130122102","Block Group 2; Census Tract 122.10; Dallas County; Texas","74297","10847",
"1500000US481130122103","Block Group 3; Census Tract 122.10; Dallas County; Texas","57885","25860",
"1500000US481130122111","Block Group 1; Census Tract 122.11; Dallas County; Texas","35268","15382",
"1500000US481130122112","Block Group 2; Census Tract 122.11; Dallas County; Texas","39213","11487",
"1500000US481130122113","Block Group 3; Census Tract 122.11; Dallas County; Texas","39000","15346",
"1500000US481130122121","Block Group 1; Census Tract 122.12; Dallas County; Texas","112277","7482",
"1500000US481130122122","Block Group 2; Census Tract 122.12; Dallas County; Texas","73392","6325",
"1500000US481130122131","Block Group 1; Census Tract 122.13; Dallas County; Texas","71600","22648",
"1500000US481130122132","Block Group 2; Census Tract 122.13; Dallas County; Texas","126875","33659",
"1500000US481130123011","Block Group 1; Census Tract 123.01; Dallas County; Texas","66042","21178",
"1500000US481130123012","Block Group 2; Census Tract 123.01; Dallas County; Texas","90625","48814",
"1500000US481130123013","Block Group 3; Census Tract 123.01; Dallas County; Texas","36528","20766",
"1500000US481130123021","Block Group 1; Census Tract 123.02; Dallas County; Texas","37076","11001",
"1500000US481130123022","Block Group 2; Census Tract 123.02; Dallas County; Texas","40597","21295",
"1500000US481130123023","Block Group 3; Census Tract 123.02; Dallas County; Texas","35047","12713",
"1500000US481130123024","Block Group 4; Census Tract 123.02; Dallas County; Texas","72277","21177",
"1500000US481130123025","Block Group 5; Census Tract 123.02; Dallas County; Texas","91108","10079",
"1500000US481130124001","Block Group 1; Census Tract 124; Dallas County; Texas","62432","41204",
"1500000US481130124002","Block Group 2; Census Tract 124; Dallas County; Texas","110938","20795",
"1500000US481130124003","Block Group 3; Census Tract 124; Dallas County; Texas","81333","33874",
"1500000US481130124004","Block Group 4; Census Tract 124; Dallas County; Texas","67292","56354",
"1500000US481130125011","Block Group 1; Census Tract 125.01; Dallas County; Texas","86648","39058",
"1500000US481130125012","Block Group 2; Census Tract 125.01; Dallas County; Texas","93569","27385",
"1500000US481130125021","Block Group 1; Census Tract 125.02; Dallas County; Texas","37459","29364",
"1500000US481130125022","Block Group 2; Census Tract 125.02; Dallas County; Texas","62006","23414",
"1500000US481130126011","Block Group 1; Census Tract 126.01; Dallas County; Texas","63505","17066",
"1500000US481130126012","Block Group 2; Census Tract 126.01; Dallas County; Texas","97625","52697",
"1500000US481130126013","Block Group 3; Census Tract 126.01; Dallas County; Texas","50819","9810",
"1500000US481130126031","Block Group 1; Census Tract 126.03; Dallas County; Texas","100833","10764",
"1500000US481130126041","Block Group 1; Census Tract 126.04; Dallas County; Texas","31139","9350",
"1500000US481130126042","Block Group 2; Census Tract 126.04; Dallas County; Texas","61837","8146",
"1500000US481130126043","Block Group 3; Census Tract 126.04; Dallas County; Texas","92027","53688",
"1500000US481130126044","Block Group 4; Census Tract 126.04; Dallas County; Texas","62727","20628",
"1500000US481130127011","Block Group 1; Census Tract 127.01; Dallas County; Texas","71179","17215",
"1500000US481130127012","Block Group 2; Census Tract 127.01; Dallas County; Texas","44159","17492",
"1500000US481130127013","Block Group 3; Census Tract 127.01; Dallas County; Texas","64315","7979",
"1500000US481130127021","Block Group 1; Census Tract 127.02; Dallas County; Texas","59815","13337",
"1500000US481130127022","Block Group 2; Census Tract 127.02; Dallas County; Texas","65652","5987",
"1500000US481130128011","Block Group 1; Census Tract 128.01; Dallas County; Texas","130875","57114",
"1500000US481130128012","Block Group 2; Census Tract 128.01; Dallas County; Texas","82619","20680",
"1500000US481130128021","Block Group 1; Census Tract 128.02; Dallas County; Texas","209158","107245",
"1500000US481130128022","Block Group 2; Census Tract 128.02; Dallas County; Texas","-","**",
"1500000US481130128023","Block Group 3; Census Tract 128.02; Dallas County; Texas","-","**",
"1500000US481130129001","Block Group 1; Census Tract 129; Dallas County; Texas","113077","62353",
"1500000US481130129002","Block Group 2; Census Tract 129; Dallas County; Texas","232125","77408",
"1500000US481130129003","Block Group 3; Census Tract 129; Dallas County; Texas","159167","47755",
"1500000US481130129004","Block Group 4; Census Tract 129; Dallas County; Texas","91869","25980",
"1500000US481130130051","Block Group 1; Census Tract 130.05; Dallas County; Texas","143977","40492",
"1500000US481130130052","Block Group 2; Census Tract 130.05; Dallas County; Texas","153750","77935",
"1500000US481130130053","Block Group 3; Census Tract 130.05; Dallas County; Texas","118269","40957",
"1500000US481130130071","Block Group 1; Census Tract 130.07; Dallas County; Texas","140341","51475",
"1500000US481130130072","Block Group 2; Census Tract 130.07; Dallas County; Texas","89506","32289",
"1500000US481130130081","Block Group 1; Census Tract 130.08; Dallas County; Texas","140859","45638",
"1500000US481130130082","Block Group 2; Census Tract 130.08; Dallas County; Texas","126591","5696",
"1500000US481130130091","Block Group 1; Census Tract 130.09; Dallas County; Texas","58145","6790",
"1500000US481130130092","Block Group 2; Census Tract 130.09; Dallas County; Texas","250,000+","***",
"1500000US481130130093","Block Group 3; Census Tract 130.09; Dallas County; Texas","110106","38824",
"1500000US481130130101","Block Group 1; Census Tract 130.10; Dallas County; Texas","46817","10677",
"1500000US481130130102","Block Group 2; Census Tract 130.10; Dallas County; Texas","48984","41742",
"1500000US481130130103","Block Group 3; Census Tract 130.10; Dallas County; Texas","29678","17380",
"1500000US481130130111","Block Group 1; Census Tract 130.11; Dallas County; Texas","57689","38480",
"1500000US481130130112","Block Group 2; Census Tract 130.11; Dallas County; Texas","47781","7523",
"1500000US481130130113","Block Group 3; Census Tract 130.11; Dallas County; Texas","56633","7531",
"1500000US481130130121","Block Group 1; Census Tract 130.12; Dallas County; Texas","185505","35937",
"1500000US481130130122","Block Group 2; Census Tract 130.12; Dallas County; Texas","150313","66361",
"1500000US481130130131","Block Group 1; Census Tract 130.13; Dallas County; Texas","189271","96981",
"1500000US481130130132","Block Group 2; Census Tract 130.13; Dallas County; Texas","174375","99094",
"1500000US481130131011","Block Group 1; Census Tract 131.01; Dallas County; Texas","221591","103714",
"1500000US481130131012","Block Group 2; Census Tract 131.01; Dallas County; Texas","248750","33692",
"1500000US481130131021","Block Group 1; Census Tract 131.02; Dallas County; Texas","176354","30720",
"1500000US481130131041","Block Group 1; Census Tract 131.04; Dallas County; Texas","143333","46974",
"1500000US481130131061","Block Group 1; Census Tract 131.06; Dallas County; Texas","57143","38935",
"1500000US481130131071","Block Group 1; Census Tract 131.07; Dallas County; Texas","47891","35987",
"1500000US481130131072","Block Group 2; Census Tract 131.07; Dallas County; Texas","34219","26940",
"1500000US481130131073","Block Group 3; Census Tract 131.07; Dallas County; Texas","68556","41249",
"1500000US481130131074","Block Group 4; Census Tract 131.07; Dallas County; Texas","58096","14594",
"1500000US481130132011","Block Group 1; Census Tract 132.01; Dallas County; Texas","155357","80647",
"1500000US481130132012","Block Group 2; Census Tract 132.01; Dallas County; Texas","191705","93387",
"1500000US481130132021","Block Group 1; Census Tract 132.02; Dallas County; Texas","92687","18446",
"1500000US481130132022","Block Group 2; Census Tract 132.02; Dallas County; Texas","86681","38150",
"1500000US481130132023","Block Group 3; Census Tract 132.02; Dallas County; Texas","95257","41657",
"1500000US481130132024","Block Group 4; Census Tract 132.02; Dallas County; Texas","165909","55957",
"1500000US481130133001","Block Group 1; Census Tract 133; Dallas County; Texas","250,000+","***",
"1500000US481130133002","Block Group 2; Census Tract 133; Dallas County; Texas","250,000+","***",
"1500000US481130134001","Block Group 1; Census Tract 134; Dallas County; Texas","250,000+","***",
"1500000US481130135001","Block Group 1; Census Tract 135; Dallas County; Texas","250,000+","***",
"1500000US481130135002","Block Group 2; Census Tract 135; Dallas County; Texas","229956","71808",
"1500000US481130136051","Block Group 1; Census Tract 136.05; Dallas County; Texas","144861","79423",
"1500000US481130136052","Block Group 2; Census Tract 136.05; Dallas County; Texas","211146","55565",
"1500000US481130136053","Block Group 3; Census Tract 136.05; Dallas County; Texas","213750","57527",
"1500000US481130136054","Block Group 4; Census Tract 136.05; Dallas County; Texas","129589","25170",
"1500000US481130136061","Block Group 1; Census Tract 136.06; Dallas County; Texas","88824","55200",
"1500000US481130136062","Block Group 2; Census Tract 136.06; Dallas County; Texas","109408","96888",
"1500000US481130136063","Block Group 3; Census Tract 136.06; Dallas County; Texas","113700","68047",
"1500000US481130136071","Block Group 1; Census Tract 136.07; Dallas County; Texas","136667","62154",
"1500000US481130136072","Block Group 2; Census Tract 136.07; Dallas County; Texas","176953","56046",
"1500000US481130136081","Block Group 1; Census Tract 136.08; Dallas County; Texas","151296","32406",
"1500000US481130136082","Block Group 2; Census Tract 136.08; Dallas County; Texas","120875","75521",
"1500000US481130136091","Block Group 1; Census Tract 136.09; Dallas County; Texas","41379","24548",
"1500000US481130136092","Block Group 2; Census Tract 136.09; Dallas County; Texas","152917","135004",
"1500000US481130136101","Block Group 1; Census Tract 136.10; Dallas County; Texas","95682","57963",
"1500000US481130136102","Block Group 2; Census Tract 136.10; Dallas County; Texas","203864","50703",
"1500000US481130136103","Block Group 3; Census Tract 136.10; Dallas County; Texas","-","**",
"1500000US481130136111","Block Group 1; Census Tract 136.11; Dallas County; Texas","212109","47306",
"1500000US481130136112","Block Group 2; Census Tract 136.11; Dallas County; Texas","98293","20921",
"1500000US481130136151","Block Group 1; Census Tract 136.15; Dallas County; Texas","48250","31332",
"1500000US481130136152","Block Group 2; Census Tract 136.15; Dallas County; Texas","132878","42986",
"1500000US481130136153","Block Group 3; Census Tract 136.15; Dallas County; Texas","64518","11969",
"1500000US481130136154","Block Group 4; Census Tract 136.15; Dallas County; Texas","53311","22959",
"1500000US481130136171","Block Group 1; Census Tract 136.17; Dallas County; Texas","100804","33635",
"1500000US481130136172","Block Group 2; Census Tract 136.17; Dallas County; Texas","191250","46563",
"1500000US481130136181","Block Group 1; Census Tract 136.18; Dallas County; Texas","58480","13925",
"1500000US481130136182","Block Group 2; Census Tract 136.18; Dallas County; Texas","191029","35544",
"1500000US481130136191","Block Group 1; Census Tract 136.19; Dallas County; Texas","66467","23839",
"1500000US481130136192","Block Group 2; Census Tract 136.19; Dallas County; Texas","170694","45287",
"1500000US481130136193","Block Group 3; Census Tract 136.19; Dallas County; Texas","-","**",
"1500000US481130136201","Block Group 1; Census Tract 136.20; Dallas County; Texas","108879","72127",
"1500000US481130136202","Block Group 2; Census Tract 136.20; Dallas County; Texas","88293","14166",
"1500000US481130136203","Block Group 3; Census Tract 136.20; Dallas County; Texas","73672","29922",
"1500000US481130136204","Block Group 4; Census Tract 136.20; Dallas County; Texas","86135","41150",
"1500000US481130136211","Block Group 1; Census Tract 136.21; Dallas County; Texas","68095","33197",
"1500000US481130136212","Block Group 2; Census Tract 136.21; Dallas County; Texas","77739","25473",
"1500000US481130136213","Block Group 3; Census Tract 136.21; Dallas County; Texas","57115","14183",
"1500000US481130136221","Block Group 1; Census Tract 136.22; Dallas County; Texas","121000","74382",
"1500000US481130136222","Block Group 2; Census Tract 136.22; Dallas County; Texas","57212","6552",
"1500000US481130136241","Block Group 1; Census Tract 136.24; Dallas County; Texas","60114","17219",
"1500000US481130136242","Block Group 2; Census Tract 136.24; Dallas County; Texas","100394","36582",
"1500000US481130136243","Block Group 3; Census Tract 136.24; Dallas County; Texas","66047","11355",
"1500000US481130136251","Block Group 1; Census Tract 136.25; Dallas County; Texas","67147","14144",
"1500000US481130136252","Block Group 2; Census Tract 136.25; Dallas County; Texas","70859","21125",
"1500000US481130136261","Block Group 1; Census Tract 136.26; Dallas County; Texas","64976","20772",
"1500000US481130136262","Block Group 2; Census Tract 136.26; Dallas County; Texas","99779","34530",
"1500000US481130136271","Block Group 1; Census Tract 136.27; Dallas County; Texas","73902","10732",
"1500000US481130136281","Block Group 1; Census Tract 136.28; Dallas County; Texas","74545","22356",
"1500000US481130136282","Block Group 2; Census Tract 136.28; Dallas County; Texas","74387","34446",
"1500000US481130136283","Block Group 3; Census Tract 136.28; Dallas County; Texas","71369","19415",
"1500000US481130136284","Block Group 4; Census Tract 136.28; Dallas County; Texas","65096","17472",
"1500000US481130136285","Block Group 5; Census Tract 136.28; Dallas County; Texas","81535","43200",
"1500000US481130136291","Block Group 1; Census Tract 136.29; Dallas County; Texas","79082","18334",
"1500000US481130136292","Block Group 2; Census Tract 136.29; Dallas County; Texas","-","**",
"1500000US481130136301","Block Group 1; Census Tract 136.30; Dallas County; Texas","69077","27200",
"1500000US481130136302","Block Group 2; Census Tract 136.30; Dallas County; Texas","63344","13432",
"1500000US481130136311","Block Group 1; Census Tract 136.31; Dallas County; Texas","52629","17692",
"1500000US481130137151","Block Group 1; Census Tract 137.15; Dallas County; Texas","103732","14052",
"1500000US481130137161","Block Group 1; Census Tract 137.16; Dallas County; Texas","84458","12275",
"1500000US481130137162","Block Group 2; Census Tract 137.16; Dallas County; Texas","103986","12893",
"1500000US481130137163","Block Group 3; Census Tract 137.16; Dallas County; Texas","114167","37830",
"1500000US481130137171","Block Group 1; Census Tract 137.17; Dallas County; Texas","91941","9961",
"1500000US481130137172","Block Group 2; Census Tract 137.17; Dallas County; Texas","45577","24663",
"1500000US481130137181","Block Group 1; Census Tract 137.18; Dallas County; Texas","118702","20884",
"1500000US481130137182","Block Group 2; Census Tract 137.18; Dallas County; Texas","60242","37742",
"1500000US481130137183","Block Group 3; Census Tract 137.18; Dallas County; Texas","57006","16667",
"1500000US481130137191","Block Group 1; Census Tract 137.19; Dallas County; Texas","35481","25438",
"1500000US481130137192","Block Group 2; Census Tract 137.19; Dallas County; Texas","108021","18664",
"1500000US481130137201","Block Group 1; Census Tract 137.20; Dallas County; Texas","62946","15250",
"1500000US481130137202","Block Group 2; Census Tract 137.20; Dallas County; Texas","87500","24228",
"1500000US481130137203","Block Group 3; Census Tract 137.20; Dallas County; Texas","105690","36548",
"1500000US481130137211","Block Group 1; Census Tract 137.21; Dallas County; Texas","80809","34836",
"1500000US481130137212","Block Group 2; Census Tract 137.21; Dallas County; Texas","133566","36936",
"1500000US481130137213","Block Group 3; Census Tract 137.21; Dallas County; Texas","136122","16867",
"1500000US481130137221","Block Group 1; Census Tract 137.22; Dallas County; Texas","65683","5643",
"1500000US481130137222","Block Group 2; Census Tract 137.22; Dallas County; Texas","93588","30528",
"1500000US481130137251","Block Group 1; Census Tract 137.25; Dallas County; Texas","54792","11164",
"1500000US481130137252","Block Group 2; Census Tract 137.25; Dallas County; Texas","70321","37766",
"1500000US481130137253","Block Group 3; Census Tract 137.25; Dallas County; Texas","70574","19741",
"1500000US481130137261","Block Group 1; Census Tract 137.26; Dallas County; Texas","95882","15964",
"1500000US481130137262","Block Group 2; Census Tract 137.26; Dallas County; Texas","50530","16314",
"1500000US481130137271","Block Group 1; Census Tract 137.27; Dallas County; Texas","121385","14235",
"1500000US481130137272","Block Group 2; Census Tract 137.27; Dallas County; Texas","79594","26657",
"1500000US481130137273","Block Group 3; Census Tract 137.27; Dallas County; Texas","56563","14497",
"1500000US481130137281","Block Group 1; Census Tract 137.28; Dallas County; Texas","50378","5191",
"1500000US481130137282","Block Group 2; Census Tract 137.28; Dallas County; Texas","83816","17919",
"1500000US481130137283","Block Group 3; Census Tract 137.28; Dallas County; Texas","80083","19214",
"1500000US481130137291","Block Group 1; Census Tract 137.29; Dallas County; Texas","82035","19919",
"1500000US481130137292","Block Group 2; Census Tract 137.29; Dallas County; Texas","73580","11620",
"1500000US481130137293","Block Group 3; Census Tract 137.29; Dallas County; Texas","83646","35979",
"1500000US481130137294","Block Group 4; Census Tract 137.29; Dallas County; Texas","-","**",
"1500000US481130138041","Block Group 1; Census Tract 138.04; Dallas County; Texas","-","**",
"1500000US481130138042","Block Group 2; Census Tract 138.04; Dallas County; Texas","106576","38880",
"1500000US481130138051","Block Group 1; Census Tract 138.05; Dallas County; Texas","68534","21352",
"1500000US481130138052","Block Group 2; Census Tract 138.05; Dallas County; Texas","47060","7889",
"1500000US481130138061","Block Group 1; Census Tract 138.06; Dallas County; Texas","84844","32653",
"1500000US481130138062","Block Group 2; Census Tract 138.06; Dallas County; Texas","97546","41896",
"1500000US481130138071","Block Group 1; Census Tract 138.07; Dallas County; Texas","114531","77226",
"1500000US481130138072","Block Group 2; Census Tract 138.07; Dallas County; Texas","109917","50169",
"1500000US481130138081","Block Group 1; Census Tract 138.08; Dallas County; Texas","72963","29513",
"1500000US481130138082","Block Group 2; Census Tract 138.08; Dallas County; Texas","116979","30395",
"1500000US481130138083","Block Group 3; Census Tract 138.08; Dallas County; Texas","129221","11947",
"1500000US481130139011","Block Group 1; Census Tract 139.01; Dallas County; Texas","52937","5892",
"1500000US481130139012","Block Group 2; Census Tract 139.01; Dallas County; Texas","76855","11654",
"1500000US481130139021","Block Group 1; Census Tract 139.02; Dallas County; Texas","83882","5994",
"1500000US481130139022","Block Group 2; Census Tract 139.02; Dallas County; Texas","143375","28556",
"1500000US481130139023","Block Group 3; Census Tract 139.02; Dallas County; Texas","62188","23135",
"1500000US481130140011","Block Group 1; Census Tract 140.01; Dallas County; Texas","82925","28132",
"1500000US481130140012","Block Group 2; Census Tract 140.01; Dallas County; Texas","143750","32667",
"1500000US481130140021","Block Group 1; Census Tract 140.02; Dallas County; Texas","112917","19913",
"1500000US481130141191","Block Group 1; Census Tract 141.19; Dallas County; Texas","121458","38679",
"1500000US481130141192","Block Group 2; Census Tract 141.19; Dallas County; Texas","137188","68238",
"1500000US481130141193","Block Group 3; Census Tract 141.19; Dallas County; Texas","173310","42476",
"1500000US481130141201","Block Group 1; Census Tract 141.20; Dallas County; Texas","250,000+","***",
"1500000US481130141202","Block Group 2; Census Tract 141.20; Dallas County; Texas","114125","33621",
"1500000US481130141203","Block Group 3; Census Tract 141.20; Dallas County; Texas","174432","45556",
"1500000US481130141211","Block Group 1; Census Tract 141.21; Dallas County; Texas","115734","82532",
"1500000US481130141212","Block Group 2; Census Tract 141.21; Dallas County; Texas","71042","44562",
"1500000US481130141213","Block Group 3; Census Tract 141.21; Dallas County; Texas","86027","25342",
"1500000US481130141214","Block Group 4; Census Tract 141.21; Dallas County; Texas","111667","32570",
"1500000US481130141231","Block Group 1; Census Tract 141.23; Dallas County; Texas","213684","69479",
"1500000US481130141232","Block Group 2; Census Tract 141.23; Dallas County; Texas","153108","43787",
"1500000US481130141233","Block Group 3; Census Tract 141.23; Dallas County; Texas","160556","50057",
"1500000US481130141241","Block Group 1; Census Tract 141.24; Dallas County; Texas","166827","47498",
"1500000US481130141242","Block Group 2; Census Tract 141.24; Dallas County; Texas","-","**",
"1500000US481130141243","Block Group 3; Census Tract 141.24; Dallas County; Texas","223646","35298",
"1500000US481130141261","Block Group 1; Census Tract 141.26; Dallas County; Texas","189707","19658",
"1500000US481130141262","Block Group 2; Census Tract 141.26; Dallas County; Texas","166250","56433",
"1500000US481130141263","Block Group 3; Census Tract 141.26; Dallas County; Texas","-","**",
"1500000US481130141264","Block Group 4; Census Tract 141.26; Dallas County; Texas","123390","48084",
"1500000US481130141281","Block Group 1; Census Tract 141.28; Dallas County; Texas","133384","23312",
"1500000US481130141282","Block Group 2; Census Tract 141.28; Dallas County; Texas","135983","19320",
"1500000US481130141301","Block Group 1; Census Tract 141.30; Dallas County; Texas","122708","26720",
"1500000US481130141302","Block Group 2; Census Tract 141.30; Dallas County; Texas","121844","33377",
"1500000US481130141303","Block Group 3; Census Tract 141.30; Dallas County; Texas","164956","34934",
"1500000US481130141321","Block Group 1; Census Tract 141.32; Dallas County; Texas","128594","15528",
"1500000US481130141322","Block Group 2; Census Tract 141.32; Dallas County; Texas","64583","37777",
"1500000US481130141341","Block Group 1; Census Tract 141.34; Dallas County; Texas","163200","12194",
"1500000US481130141342","Block Group 2; Census Tract 141.34; Dallas County; Texas","212344","88977",
"1500000US481130141351","Block Group 1; Census Tract 141.35; Dallas County; Texas","207340","30442",
"1500000US481130141352","Block Group 2; Census Tract 141.35; Dallas County; Texas","95776","27062",
"1500000US481130141353","Block Group 3; Census Tract 141.35; Dallas County; Texas","98167","42323",
"1500000US481130141381","Block Group 1; Census Tract 141.38; Dallas County; Texas","102833","6977",
"1500000US481130141382","Block Group 2; Census Tract 141.38; Dallas County; Texas","111607","40818",
"1500000US481130141383","Block Group 3; Census Tract 141.38; Dallas County; Texas","250,000+","***",
"1500000US481130141391","Block Group 1; Census Tract 141.39; Dallas County; Texas","61332","8599",
"1500000US481130141392","Block Group 2; Census Tract 141.39; Dallas County; Texas","66875","41394",
"1500000US481130141401","Block Group 1; Census Tract 141.40; Dallas County; Texas","61782","7292",
"1500000US481130141411","Block Group 1; Census Tract 141.41; Dallas County; Texas","75000","32580",
"1500000US481130141412","Block Group 2; Census Tract 141.41; Dallas County; Texas","91250","16590",
"1500000US481130141421","Block Group 1; Census Tract 141.42; Dallas County; Texas","49938","35028",
"1500000US481130141422","Block Group 2; Census Tract 141.42; Dallas County; Texas","85329","59715",
"1500000US481130141431","Block Group 1; Census Tract 141.43; Dallas County; Texas","175905","47708",
"1500000US481130141441","Block Group 1; Census Tract 141.44; Dallas County; Texas","95375","17902",
"1500000US481130141442","Block Group 2; Census Tract 141.44; Dallas County; Texas","-","**",
"1500000US481130141443","Block Group 3; Census Tract 141.44; Dallas County; Texas","114766","31363",
"1500000US481130141451","Block Group 1; Census Tract 141.45; Dallas County; Texas","51585","10243",
"1500000US481130141461","Block Group 1; Census Tract 141.46; Dallas County; Texas","57163","10161",
"1500000US481130141471","Block Group 1; Census Tract 141.47; Dallas County; Texas","60159","2781",
"1500000US481130141472","Block Group 2; Census Tract 141.47; Dallas County; Texas","53194","8850",
"1500000US481130141481","Block Group 1; Census Tract 141.48; Dallas County; Texas","44508","15218",
"1500000US481130141482","Block Group 2; Census Tract 141.48; Dallas County; Texas","56442","7609",
"1500000US481130141491","Block Group 1; Census Tract 141.49; Dallas County; Texas","136829","46284",
"1500000US481130141492","Block Group 2; Census Tract 141.49; Dallas County; Texas","83941","26757",
"1500000US481130141501","Block Group 1; Census Tract 141.50; Dallas County; Texas","182411","27006",
"1500000US481130141511","Block Group 1; Census Tract 141.51; Dallas County; Texas","116977","21273",
"1500000US481130141512","Block Group 2; Census Tract 141.51; Dallas County; Texas","133235","81393",
"1500000US481130141521","Block Group 1; Census Tract 141.52; Dallas County; Texas","77188","17429",
"1500000US481130141522","Block Group 2; Census Tract 141.52; Dallas County; Texas","90601","15493",
"1500000US481130141531","Block Group 1; Census Tract 141.53; Dallas County; Texas","68274","48152",
"1500000US481130141532","Block Group 2; Census Tract 141.53; Dallas County; Texas","54415","32704",
"1500000US481130141533","Block Group 3; Census Tract 141.53; Dallas County; Texas","97266","16017",
"1500000US481130141541","Block Group 1; Census Tract 141.54; Dallas County; Texas","101587","29858",
"1500000US481130141542","Block Group 2; Census Tract 141.54; Dallas County; Texas","78290","32914",
"1500000US481130141551","Block Group 1; Census Tract 141.55; Dallas County; Texas","57065","47884",
"1500000US481130141552","Block Group 2; Census Tract 141.55; Dallas County; Texas","66735","18654",
"1500000US481130141553","Block Group 3; Census Tract 141.55; Dallas County; Texas","109829","3753",
"1500000US481130141554","Block Group 4; Census Tract 141.55; Dallas County; Texas","127031","122616",
"1500000US481130141555","Block Group 5; Census Tract 141.55; Dallas County; Texas","204125","88849",
"1500000US481130141561","Block Group 1; Census Tract 141.56; Dallas County; Texas","168859","49519",
"1500000US481130141562","Block Group 2; Census Tract 141.56; Dallas County; Texas","242417","68686",
"1500000US481130141571","Block Group 1; Census Tract 141.57; Dallas County; Texas","90669","31255",
"1500000US481130141572","Block Group 2; Census Tract 141.57; Dallas County; Texas","152575","47352",
"1500000US481130141581","Block Group 1; Census Tract 141.58; Dallas County; Texas","62250","20492",
"1500000US481130141582","Block Group 2; Census Tract 141.58; Dallas County; Texas","51261","11752",
"1500000US481130141591","Block Group 1; Census Tract 141.59; Dallas County; Texas","230722","32641",
"1500000US481130141592","Block Group 2; Census Tract 141.59; Dallas County; Texas","250,000+","***",
"1500000US481130141601","Block Group 1; Census Tract 141.60; Dallas County; Texas","93333","27611",
"1500000US481130141611","Block Group 1; Census Tract 141.61; Dallas County; Texas","48792","7472",
"1500000US481130141612","Block Group 2; Census Tract 141.61; Dallas County; Texas","55232","6979",
"1500000US481130142031","Block Group 1; Census Tract 142.03; Dallas County; Texas","57604","29498",
"1500000US481130142032","Block Group 2; Census Tract 142.03; Dallas County; Texas","127759","58051",
"1500000US481130142041","Block Group 1; Census Tract 142.04; Dallas County; Texas","82292","20495",
"1500000US481130142051","Block Group 1; Census Tract 142.05; Dallas County; Texas","182266","22222",
"1500000US481130142071","Block Group 1; Census Tract 142.07; Dallas County; Texas","98692","14502",
"1500000US481130142081","Block Group 1; Census Tract 142.08; Dallas County; Texas","72159","44413",
"1500000US481130142082","Block Group 2; Census Tract 142.08; Dallas County; Texas","73472","13957",
"1500000US481130142091","Block Group 1; Census Tract 142.09; Dallas County; Texas","122306","10406",
"1500000US481130143061","Block Group 1; Census Tract 143.06; Dallas County; Texas","77815","11944",
"1500000US481130143062","Block Group 2; Census Tract 143.06; Dallas County; Texas","83750","40423",
"1500000US481130143063","Block Group 3; Census Tract 143.06; Dallas County; Texas","57327","9033",
"1500000US481130143064","Block Group 4; Census Tract 143.06; Dallas County; Texas","87552","44838",
"1500000US481130143081","Block Group 1; Census Tract 143.08; Dallas County; Texas","87930","32584",
"1500000US481130143082","Block Group 2; Census Tract 143.08; Dallas County; Texas","60931","10953",
"1500000US481130143091","Block Group 1; Census Tract 143.09; Dallas County; Texas","49756","7902",
"1500000US481130143092","Block Group 2; Census Tract 143.09; Dallas County; Texas","71225","20171",
"1500000US481130143093","Block Group 3; Census Tract 143.09; Dallas County; Texas","45000","23503",
"1500000US481130143101","Block Group 1; Census Tract 143.10; Dallas County; Texas","91813","58410",
"1500000US481130143102","Block Group 2; Census Tract 143.10; Dallas County; Texas","79167","48055",
"1500000US481130143103","Block Group 3; Census Tract 143.10; Dallas County; Texas","70028","64780",
"1500000US481130143131","Block Group 1; Census Tract 143.13; Dallas County; Texas","146613","30399",
"1500000US481130143132","Block Group 2; Census Tract 143.13; Dallas County; Texas","111101","17975",
"1500000US481130143141","Block Group 1; Census Tract 143.14; Dallas County; Texas","63592","27634",
"1500000US481130143142","Block Group 2; Census Tract 143.14; Dallas County; Texas","132589","87175",
"1500000US481130143151","Block Group 1; Census Tract 143.15; Dallas County; Texas","163977","75700",
"1500000US481130143152","Block Group 2; Census Tract 143.15; Dallas County; Texas","77997","65515",
"1500000US481130143161","Block Group 1; Census Tract 143.16; Dallas County; Texas","96096","1887",
"1500000US481130143162","Block Group 2; Census Tract 143.16; Dallas County; Texas","73571","21911",
"1500000US481130143163","Block Group 3; Census Tract 143.16; Dallas County; Texas","55566","14128",
"1500000US481130143171","Block Group 1; Census Tract 143.17; Dallas County; Texas","74654","11974",
"1500000US481130143181","Block Group 1; Census Tract 143.18; Dallas County; Texas","121010","63817",
"1500000US481130143182","Block Group 2; Census Tract 143.18; Dallas County; Texas","-","**",
"1500000US481130143183","Block Group 3; Census Tract 143.18; Dallas County; Texas","136167","57311",
"1500000US481130143191","Block Group 1; Census Tract 143.19; Dallas County; Texas","69873","69149",
"1500000US481130143192","Block Group 2; Census Tract 143.19; Dallas County; Texas","61750","7855",
"1500000US481130143201","Block Group 1; Census Tract 143.20; Dallas County; Texas","83801","30948",
"1500000US481130143202","Block Group 2; Census Tract 143.20; Dallas County; Texas","120056","28467",
"1500000US481130144051","Block Group 1; Census Tract 144.05; Dallas County; Texas","33098","11009",
"1500000US481130144052","Block Group 2; Census Tract 144.05; Dallas County; Texas","60000","29766",
"1500000US481130144061","Block Group 1; Census Tract 144.06; Dallas County; Texas","96140","20771",
"1500000US481130144062","Block Group 2; Census Tract 144.06; Dallas County; Texas","71705","7198",
"1500000US481130144071","Block Group 1; Census Tract 144.07; Dallas County; Texas","51438","31822",
"1500000US481130144072","Block Group 2; Census Tract 144.07; Dallas County; Texas","73426","30909",
"1500000US481130144073","Block Group 3; Census Tract 144.07; Dallas County; Texas","46591","9968",
"1500000US481130144081","Block Group 1; Census Tract 144.08; Dallas County; Texas","84500","25543",
"1500000US481130144082","Block Group 2; Census Tract 144.08; Dallas County; Texas","72500","24077",
"1500000US481130144083","Block Group 3; Census Tract 144.08; Dallas County; Texas","56833","16831",
"1500000US481130144091","Block Group 1; Census Tract 144.09; Dallas County; Texas","43553","8976",
"1500000US481130144101","Block Group 1; Census Tract 144.10; Dallas County; Texas","54643","16767",
"1500000US481130144102","Block Group 2; Census Tract 144.10; Dallas County; Texas","68646","41622",
"1500000US481130145011","Block Group 1; Census Tract 145.01; Dallas County; Texas","145125","99759",
"1500000US481130145012","Block Group 2; Census Tract 145.01; Dallas County; Texas","98733","23789",
"1500000US481130145013","Block Group 3; Census Tract 145.01; Dallas County; Texas","160250","31755",
"1500000US481130145021","Block Group 1; Census Tract 145.02; Dallas County; Texas","135060","38012",
"1500000US481130145022","Block Group 2; Census Tract 145.02; Dallas County; Texas","57841","25357",
"1500000US481130145023","Block Group 3; Census Tract 145.02; Dallas County; Texas","59007","14097",
"1500000US481130146011","Block Group 1; Census Tract 146.01; Dallas County; Texas","64135","6544",
"1500000US481130146021","Block Group 1; Census Tract 146.02; Dallas County; Texas","71612","17850",
"1500000US481130146022","Block Group 2; Census Tract 146.02; Dallas County; Texas","26829","10864",
"1500000US481130146023","Block Group 3; Census Tract 146.02; Dallas County; Texas","53077","20266",
"1500000US481130146031","Block Group 1; Census Tract 146.03; Dallas County; Texas","54145","24957",
"1500000US481130147011","Block Group 1; Census Tract 147.01; Dallas County; Texas","-","**",
"1500000US481130147012","Block Group 2; Census Tract 147.01; Dallas County; Texas","59268","25553",
"1500000US481130147013","Block Group 3; Census Tract 147.01; Dallas County; Texas","87544","18773",
"1500000US481130147041","Block Group 1; Census Tract 147.04; Dallas County; Texas","52024","30261",
"1500000US481130147042","Block Group 2; Census Tract 147.04; Dallas County; Texas","79135","64192",
"1500000US481130147043","Block Group 3; Census Tract 147.04; Dallas County; Texas","58971","11086",
"1500000US481130149031","Block Group 1; Census Tract 149.03; Dallas County; Texas","73947","15163",
"1500000US481130149032","Block Group 2; Census Tract 149.03; Dallas County; Texas","73684","13214",
"1500000US481130150011","Block Group 1; Census Tract 150.01; Dallas County; Texas","73641","31298",
"1500000US481130150012","Block Group 2; Census Tract 150.01; Dallas County; Texas","63510","33035",
"1500000US481130150021","Block Group 1; Census Tract 150.02; Dallas County; Texas","69609","36702",
"1500000US481130150022","Block Group 2; Census Tract 150.02; Dallas County; Texas","85495","16783",
"1500000US481130151011","Block Group 1; Census Tract 151.01; Dallas County; Texas","61367","42661",
"1500000US481130151012","Block Group 2; Census Tract 151.01; Dallas County; Texas","81750","28462",
"1500000US481130151021","Block Group 1; Census Tract 151.02; Dallas County; Texas","52794","16294",
"1500000US481130152021","Block Group 1; Census Tract 152.02; Dallas County; Texas","69933","7906",
"1500000US481130152022","Block Group 2; Census Tract 152.02; Dallas County; Texas","64460","32423",
"1500000US481130152051","Block Group 1; Census Tract 152.05; Dallas County; Texas","52679","16845",
"1500000US481130152052","Block Group 2; Census Tract 152.05; Dallas County; Texas","55368","18634",
"1500000US481130152061","Block Group 1; Census Tract 152.06; Dallas County; Texas","73351","30384",
"1500000US481130152062","Block Group 2; Census Tract 152.06; Dallas County; Texas","-","**",
"1500000US481130152071","Block Group 1; Census Tract 152.07; Dallas County; Texas","-","**",
"1500000US481130152072","Block Group 2; Census Tract 152.07; Dallas County; Texas","64744","24029",
"1500000US481130152081","Block Group 1; Census Tract 152.08; Dallas County; Texas","72367","19158",
"1500000US481130152082","Block Group 2; Census Tract 152.08; Dallas County; Texas","49722","4924",
"1500000US481130153031","Block Group 1; Census Tract 153.03; Dallas County; Texas","61458","19929",
"1500000US481130153041","Block Group 1; Census Tract 153.04; Dallas County; Texas","56657","39534",
"1500000US481130153042","Block Group 2; Census Tract 153.04; Dallas County; Texas","71004","14052",
"1500000US481130153051","Block Group 1; Census Tract 153.05; Dallas County; Texas","121964","52562",
"1500000US481130153052","Block Group 2; Census Tract 153.05; Dallas County; Texas","-","**",
"1500000US481130153053","Block Group 3; Census Tract 153.05; Dallas County; Texas","77017","4787",
"1500000US481130153061","Block Group 1; Census Tract 153.06; Dallas County; Texas","105893","30372",
"1500000US481130153062","Block Group 2; Census Tract 153.06; Dallas County; Texas","98179","11193",
"1500000US481130153063","Block Group 3; Census Tract 153.06; Dallas County; Texas","55469","43145",
"1500000US481130154031","Block Group 1; Census Tract 154.03; Dallas County; Texas","29212","16140",
"1500000US481130154032","Block Group 2; Census Tract 154.03; Dallas County; Texas","54167","34512",
"1500000US481130154041","Block Group 1; Census Tract 154.04; Dallas County; Texas","60385","18888",
"1500000US481130154042","Block Group 2; Census Tract 154.04; Dallas County; Texas","66026","15094",
"1500000US481130154051","Block Group 1; Census Tract 154.05; Dallas County; Texas","116607","42393",
"1500000US481130154052","Block Group 2; Census Tract 154.05; Dallas County; Texas","-","**",
"1500000US481130154061","Block Group 1; Census Tract 154.06; Dallas County; Texas","41875","38419",
"1500000US481130154062","Block Group 2; Census Tract 154.06; Dallas County; Texas","68438","22692",
"1500000US481130154063","Block Group 3; Census Tract 154.06; Dallas County; Texas","122039","25336",
"1500000US481130155001","Block Group 1; Census Tract 155; Dallas County; Texas","-","**",
"1500000US481130155002","Block Group 2; Census Tract 155; Dallas County; Texas","84485","70104",
"1500000US481130156001","Block Group 1; Census Tract 156; Dallas County; Texas","91989","60596",
"1500000US481130156002","Block Group 2; Census Tract 156; Dallas County; Texas","-","**",
"1500000US481130156003","Block Group 3; Census Tract 156; Dallas County; Texas","82070","55882",
"1500000US481130157001","Block Group 1; Census Tract 157; Dallas County; Texas","60341","31284",
"1500000US481130157002","Block Group 2; Census Tract 157; Dallas County; Texas","64963","13852",
"1500000US481130159001","Block Group 1; Census Tract 159; Dallas County; Texas","43947","13629",
"1500000US481130159002","Block Group 2; Census Tract 159; Dallas County; Texas","-","**",
"1500000US481130159003","Block Group 3; Census Tract 159; Dallas County; Texas","67003","20784",
"1500000US481130160011","Block Group 1; Census Tract 160.01; Dallas County; Texas","49643","17323",
"1500000US481130160012","Block Group 2; Census Tract 160.01; Dallas County; Texas","55125","32962",
"1500000US481130160013","Block Group 3; Census Tract 160.01; Dallas County; Texas","58412","4739",
"1500000US481130160021","Block Group 1; Census Tract 160.02; Dallas County; Texas","28963","28291",
"1500000US481130160022","Block Group 2; Census Tract 160.02; Dallas County; Texas","44741","37395",
"1500000US481130161001","Block Group 1; Census Tract 161; Dallas County; Texas","70347","29564",
"1500000US481130161002","Block Group 2; Census Tract 161; Dallas County; Texas","-","**",
"1500000US481130161003","Block Group 3; Census Tract 161; Dallas County; Texas","29639","10031",
"1500000US481130161004","Block Group 4; Census Tract 161; Dallas County; Texas","30450","10141",
"1500000US481130161005","Block Group 5; Census Tract 161; Dallas County; Texas","-","**",
"1500000US481130162011","Block Group 1; Census Tract 162.01; Dallas County; Texas","98781","8240",
"1500000US481130162012","Block Group 2; Census Tract 162.01; Dallas County; Texas","69640","40388",
"1500000US481130162031","Block Group 1; Census Tract 162.03; Dallas County; Texas","28810","7445",
"1500000US481130162032","Block Group 2; Census Tract 162.03; Dallas County; Texas","54487","17854",
"1500000US481130162041","Block Group 1; Census Tract 162.04; Dallas County; Texas","130893","65478",
"1500000US481130162042","Block Group 2; Census Tract 162.04; Dallas County; Texas","103889","81814",
"1500000US481130162043","Block Group 3; Census Tract 162.04; Dallas County; Texas","44247","8537",
"1500000US481130163011","Block Group 1; Census Tract 163.01; Dallas County; Texas","66824","12511",
"1500000US481130163012","Block Group 2; Census Tract 163.01; Dallas County; Texas","92202","19665",
"1500000US481130163013","Block Group 3; Census Tract 163.01; Dallas County; Texas","67404","29485",
"1500000US481130163021","Block Group 1; Census Tract 163.02; Dallas County; Texas","46422","8156",
"1500000US481130164061","Block Group 1; Census Tract 164.06; Dallas County; Texas","99322","21917",
"1500000US481130164062","Block Group 2; Census Tract 164.06; Dallas County; Texas","70066","34811",
"1500000US481130164063","Block Group 3; Census Tract 164.06; Dallas County; Texas","42689","11981",
"1500000US481130164071","Block Group 1; Census Tract 164.07; Dallas County; Texas","82905","24106",
"1500000US481130164072","Block Group 2; Census Tract 164.07; Dallas County; Texas","-","**",
"1500000US481130164073","Block Group 3; Census Tract 164.07; Dallas County; Texas","76053","1083",
"1500000US481130164074","Block Group 4; Census Tract 164.07; Dallas County; Texas","44144","18645",
"1500000US481130164091","Block Group 1; Census Tract 164.09; Dallas County; Texas","89732","27168",
"1500000US481130164092","Block Group 2; Census Tract 164.09; Dallas County; Texas","120924","38398",
"1500000US481130164101","Block Group 1; Census Tract 164.10; Dallas County; Texas","62179","12141",
"1500000US481130164102","Block Group 2; Census Tract 164.10; Dallas County; Texas","110948","45652",
"1500000US481130164103","Block Group 3; Census Tract 164.10; Dallas County; Texas","83466","39793",
"1500000US481130164121","Block Group 1; Census Tract 164.12; Dallas County; Texas","155982","23204",
"1500000US481130164122","Block Group 2; Census Tract 164.12; Dallas County; Texas","87917","19885",
"1500000US481130164141","Block Group 1; Census Tract 164.14; Dallas County; Texas","73750","18767",
"1500000US481130164151","Block Group 1; Census Tract 164.15; Dallas County; Texas","131346","36790",
"1500000US481130164152","Block Group 2; Census Tract 164.15; Dallas County; Texas","118261","27909",
"1500000US481130164161","Block Group 1; Census Tract 164.16; Dallas County; Texas","94850","14929",
"1500000US481130164171","Block Group 1; Census Tract 164.17; Dallas County; Texas","79091","34989",
"1500000US481130164172","Block Group 2; Census Tract 164.17; Dallas County; Texas","133924","42038",
"1500000US481130164173","Block Group 3; Census Tract 164.17; Dallas County; Texas","103902","26943",
"1500000US481130164181","Block Group 1; Census Tract 164.18; Dallas County; Texas","96844","39288",
"1500000US481130164182","Block Group 2; Census Tract 164.18; Dallas County; Texas","103041","25283",
"1500000US481130164191","Block Group 1; Census Tract 164.19; Dallas County; Texas","88393","11190",
"1500000US481130164192","Block Group 2; Census Tract 164.19; Dallas County; Texas","94028","22310",
"1500000US481130164201","Block Group 1; Census Tract 164.20; Dallas County; Texas","68750","1700",
"1500000US481130164202","Block Group 2; Census Tract 164.20; Dallas County; Texas","113101","50457",
"1500000US481130164211","Block Group 1; Census Tract 164.21; Dallas County; Texas","75883","4401",
"1500000US481130164212","Block Group 2; Census Tract 164.21; Dallas County; Texas","57188","18208",
"1500000US481130165111","Block Group 1; Census Tract 165.11; Dallas County; Texas","81667","37265",
"1500000US481130165112","Block Group 2; Census Tract 165.11; Dallas County; Texas","67355","13154",
"1500000US481130165131","Block Group 1; Census Tract 165.13; Dallas County; Texas","129896","35973",
"1500000US481130165132","Block Group 2; Census Tract 165.13; Dallas County; Texas","76652","57984",
"1500000US481130165133","Block Group 3; Census Tract 165.13; Dallas County; Texas","184318","85541",
"1500000US481130165134","Block Group 4; Census Tract 165.13; Dallas County; Texas","146477","127648",
"1500000US481130165161","Block Group 1; Census Tract 165.16; Dallas County; Texas","40938","29751",
"1500000US481130165162","Block Group 2; Census Tract 165.16; Dallas County; Texas","93407","9871",
"1500000US481130165163","Block Group 3; Census Tract 165.16; Dallas County; Texas","50944","30640",
"1500000US481130165171","Block Group 1; Census Tract 165.17; Dallas County; Texas","53533","31404",
"1500000US481130165172","Block Group 2; Census Tract 165.17; Dallas County; Texas","73365","26167",
"1500000US481130165173","Block Group 3; Census Tract 165.17; Dallas County; Texas","87847","21599",
"1500000US481130165181","Block Group 1; Census Tract 165.18; Dallas County; Texas","105231","30796",
"1500000US481130165182","Block Group 2; Census Tract 165.18; Dallas County; Texas","53583","33976",
"1500000US481130165183","Block Group 3; Census Tract 165.18; Dallas County; Texas","59542","18862",
"1500000US481130165191","Block Group 1; Census Tract 165.19; Dallas County; Texas","106852","27093",
"1500000US481130165192","Block Group 2; Census Tract 165.19; Dallas County; Texas","90333","11034",
"1500000US481130165211","Block Group 1; Census Tract 165.21; Dallas County; Texas","51678","12448",
"1500000US481130165212","Block Group 2; Census Tract 165.21; Dallas County; Texas","66713","22696",
"1500000US481130165221","Block Group 1; Census Tract 165.22; Dallas County; Texas","51474","30451",
"1500000US481130165222","Block Group 2; Census Tract 165.22; Dallas County; Texas","134861","61542",
"1500000US481130165241","Block Group 1; Census Tract 165.24; Dallas County; Texas","116750","48610",
"1500000US481130165242","Block Group 2; Census Tract 165.24; Dallas County; Texas","133472","56376",
"1500000US481130165251","Block Group 1; Census Tract 165.25; Dallas County; Texas","172083","52274",
"1500000US481130165261","Block Group 1; Census Tract 165.26; Dallas County; Texas","73029","11993",
"1500000US481130165262","Block Group 2; Census Tract 165.26; Dallas County; Texas","53438","4720",
"1500000US481130165271","Block Group 1; Census Tract 165.27; Dallas County; Texas","140323","2538",
"1500000US481130165272","Block Group 2; Census Tract 165.27; Dallas County; Texas","108304","64024",
"1500000US481130165273","Block Group 3; Census Tract 165.27; Dallas County; Texas","135625","61434",
"1500000US481130165281","Block Group 1; Census Tract 165.28; Dallas County; Texas","125763","19458",
"1500000US481130165282","Block Group 2; Census Tract 165.28; Dallas County; Texas","78146","5151",
"1500000US481130165283","Block Group 3; Census Tract 165.28; Dallas County; Texas","73353","26046",
"1500000US481130165291","Block Group 1; Census Tract 165.29; Dallas County; Texas","137647","46534",
"1500000US481130165292","Block Group 2; Census Tract 165.29; Dallas County; Texas","89559","72530",
"1500000US481130165301","Block Group 1; Census Tract 165.30; Dallas County; Texas","89123","9505",
"1500000US481130165302","Block Group 2; Census Tract 165.30; Dallas County; Texas","85181","34494",
"1500000US481130165311","Block Group 1; Census Tract 165.31; Dallas County; Texas","80872","32672",
"1500000US481130165312","Block Group 2; Census Tract 165.31; Dallas County; Texas","70000","21380",
"1500000US481130165321","Block Group 1; Census Tract 165.32; Dallas County; Texas","63750","13624",
"1500000US481130165322","Block Group 2; Census Tract 165.32; Dallas County; Texas","-","**",
"1500000US481130165331","Block Group 1; Census Tract 165.33; Dallas County; Texas","-","**",
"1500000US481130165332","Block Group 2; Census Tract 165.33; Dallas County; Texas","-","**",
"1500000US481130165333","Block Group 3; Census Tract 165.33; Dallas County; Texas","99307","11689",
"1500000US481130165341","Block Group 1; Census Tract 165.34; Dallas County; Texas","41029","8229",
"1500000US481130165342","Block Group 2; Census Tract 165.34; Dallas County; Texas","73224","27834",
"1500000US481130165351","Block Group 1; Census Tract 165.35; Dallas County; Texas","90000","3347",
"1500000US481130165352","Block Group 2; Census Tract 165.35; Dallas County; Texas","72127","13192",
"1500000US481130165361","Block Group 1; Census Tract 165.36; Dallas County; Texas","44470","27155",
"1500000US481130165362","Block Group 2; Census Tract 165.36; Dallas County; Texas","92989","31974",
"1500000US481130166071","Block Group 1; Census Tract 166.07; Dallas County; Texas","28906","18253",
"1500000US481130166072","Block Group 2; Census Tract 166.07; Dallas County; Texas","-","**",
"1500000US481130166073","Block Group 3; Census Tract 166.07; Dallas County; Texas","25946","22928",
"1500000US481130166101","Block Group 1; Census Tract 166.10; Dallas County; Texas","41619","13146",
"1500000US481130166102","Block Group 2; Census Tract 166.10; Dallas County; Texas","46789","15549",
"1500000US481130166103","Block Group 3; Census Tract 166.10; Dallas County; Texas","41020","10904",
"1500000US481130166151","Block Group 1; Census Tract 166.15; Dallas County; Texas","69702","35662",
"1500000US481130166152","Block Group 2; Census Tract 166.15; Dallas County; Texas","91223","20127",
"1500000US481130166161","Block Group 1; Census Tract 166.16; Dallas County; Texas","-","**",
"1500000US481130166162","Block Group 2; Census Tract 166.16; Dallas County; Texas","99148","22513",
"1500000US481130166163","Block Group 3; Census Tract 166.16; Dallas County; Texas","82300","14809",
"1500000US481130166171","Block Group 1; Census Tract 166.17; Dallas County; Texas","126467","43711",
"1500000US481130166172","Block Group 2; Census Tract 166.17; Dallas County; Texas","121250","52474",
"1500000US481130166181","Block Group 1; Census Tract 166.18; Dallas County; Texas","55389","7820",
"1500000US481130166182","Block Group 2; Census Tract 166.18; Dallas County; Texas","72073","36713",
"1500000US481130166183","Block Group 3; Census Tract 166.18; Dallas County; Texas","92500","50174",
"1500000US481130166191","Block Group 1; Census Tract 166.19; Dallas County; Texas","74559","45167",
"1500000US481130166192","Block Group 2; Census Tract 166.19; Dallas County; Texas","29018","5098",
"1500000US481130166201","Block Group 1; Census Tract 166.20; Dallas County; Texas","-","**",
"1500000US481130166202","Block Group 2; Census Tract 166.20; Dallas County; Texas","120231","39235",
"1500000US481130166203","Block Group 3; Census Tract 166.20; Dallas County; Texas","87933","48145",
"1500000US481130166211","Block Group 1; Census Tract 166.21; Dallas County; Texas","98438","18037",
"1500000US481130166212","Block Group 2; Census Tract 166.21; Dallas County; Texas","47866","31481",
"1500000US481130166213","Block Group 3; Census Tract 166.21; Dallas County; Texas","47253","9862",
"1500000US481130166214","Block Group 4; Census Tract 166.21; Dallas County; Texas","132058","24123",
"1500000US481130166221","Block Group 1; Census Tract 166.22; Dallas County; Texas","96018","29193",
"1500000US481130166222","Block Group 2; Census Tract 166.22; Dallas County; Texas","92500","43403",
"1500000US481130166223","Block Group 3; Census Tract 166.22; Dallas County; Texas","66542","19321",
"1500000US481130166231","Block Group 1; Census Tract 166.23; Dallas County; Texas","148406","35122",
"1500000US481130166232","Block Group 2; Census Tract 166.23; Dallas County; Texas","58080","15114",
"1500000US481130166233","Block Group 3; Census Tract 166.23; Dallas County; Texas","90272","40565",
"1500000US481130166241","Block Group 1; Census Tract 166.24; Dallas County; Texas","120685","35420",
"1500000US481130166242","Block Group 2; Census Tract 166.24; Dallas County; Texas","101063","45462",
"1500000US481130166261","Block Group 1; Census Tract 166.26; Dallas County; Texas","70638","8130",
"1500000US481130166262","Block Group 2; Census Tract 166.26; Dallas County; Texas","47644","26071",
"1500000US481130166263","Block Group 3; Census Tract 166.26; Dallas County; Texas","72902","29341",
"1500000US481130166271","Block Group 1; Census Tract 166.27; Dallas County; Texas","96375","5190",
"1500000US481130166272","Block Group 2; Census Tract 166.27; Dallas County; Texas","101410","25518",
"1500000US481130166281","Block Group 1; Census Tract 166.28; Dallas County; Texas","71316","12629",
"1500000US481130166282","Block Group 2; Census Tract 166.28; Dallas County; Texas","80665","9716",
"1500000US481130166291","Block Group 1; Census Tract 166.29; Dallas County; Texas","-","**",
"1500000US481130166292","Block Group 2; Census Tract 166.29; Dallas County; Texas","143487","34267",
"1500000US481130166301","Block Group 1; Census Tract 166.30; Dallas County; Texas","119837","18962",
"1500000US481130166302","Block Group 2; Census Tract 166.30; Dallas County; Texas","157532","28252",
"1500000US481130166303","Block Group 3; Census Tract 166.30; Dallas County; Texas","42207","39792",
"1500000US481130166304","Block Group 4; Census Tract 166.30; Dallas County; Texas","124286","25412",
"1500000US481130166311","Block Group 1; Census Tract 166.31; Dallas County; Texas","151595","66391",
"1500000US481130166312","Block Group 2; Census Tract 166.31; Dallas County; Texas","112386","44508",
"1500000US481130166321","Block Group 1; Census Tract 166.32; Dallas County; Texas","98733","9697",
"1500000US481130166322","Block Group 2; Census Tract 166.32; Dallas County; Texas","79000","44873",
"1500000US481130166331","Block Group 1; Census Tract 166.33; Dallas County; Texas","148949","28239",
"1500000US481130166332","Block Group 2; Census Tract 166.33; Dallas County; Texas","77299","29289",
"1500000US481130166333","Block Group 3; Census Tract 166.33; Dallas County; Texas","86536","50595",
"1500000US481130166341","Block Group 1; Census Tract 166.34; Dallas County; Texas","77259","13883",
"1500000US481130166342","Block Group 2; Census Tract 166.34; Dallas County; Texas","36293","18050",
"1500000US481130166351","Block Group 1; Census Tract 166.35; Dallas County; Texas","22705","10399",
"1500000US481130166352","Block Group 2; Census Tract 166.35; Dallas County; Texas","46071","43580",
"1500000US481130166353","Block Group 3; Census Tract 166.35; Dallas County; Texas","38363","26415",
"1500000US481130166361","Block Group 1; Census Tract 166.36; Dallas County; Texas","76786","16200",
"1500000US481130166362","Block Group 2; Census Tract 166.36; Dallas County; Texas","78954","33450",
"1500000US481130166371","Block Group 1; Census Tract 166.37; Dallas County; Texas","80990","18362",
"1500000US481130166381","Block Group 1; Census Tract 166.38; Dallas County; Texas","71391","8845",
"1500000US481130167041","Block Group 1; Census Tract 167.04; Dallas County; Texas","72204","16106",
"1500000US481130167042","Block Group 2; Census Tract 167.04; Dallas County; Texas","73657","7603",
"1500000US481130167061","Block Group 1; Census Tract 167.06; Dallas County; Texas","27128","18451",
"1500000US481130167062","Block Group 2; Census Tract 167.06; Dallas County; Texas","-","**",
"1500000US481130167071","Block Group 1; Census Tract 167.07; Dallas County; Texas","101071","71307",
"1500000US481130167072","Block Group 2; Census Tract 167.07; Dallas County; Texas","61140","895",
"1500000US481130167073","Block Group 3; Census Tract 167.07; Dallas County; Texas","54521","30118",
"1500000US481130167081","Block Group 1; Census Tract 167.08; Dallas County; Texas","72857","38977",
"1500000US481130167082","Block Group 2; Census Tract 167.08; Dallas County; Texas","148878","92110",
"1500000US481130167083","Block Group 3; Census Tract 167.08; Dallas County; Texas","120314","64726",
"1500000US481130167091","Block Group 1; Census Tract 167.09; Dallas County; Texas","78472","34668",
"1500000US481130167092","Block Group 2; Census Tract 167.09; Dallas County; Texas","34362","8024",
"1500000US481130167101","Block Group 1; Census Tract 167.10; Dallas County; Texas","67198","23393",
"1500000US481130167102","Block Group 2; Census Tract 167.10; Dallas County; Texas","59150","27082",
"1500000US481130167111","Block Group 1; Census Tract 167.11; Dallas County; Texas","59747","29357",
"1500000US481130168021","Block Group 1; Census Tract 168.02; Dallas County; Texas","-","**",
"1500000US481130168022","Block Group 2; Census Tract 168.02; Dallas County; Texas","79095","21898",
"1500000US481130168023","Block Group 3; Census Tract 168.02; Dallas County; Texas","111743","37883",
"1500000US481130168031","Block Group 1; Census Tract 168.03; Dallas County; Texas","51344","36495",
"1500000US481130168032","Block Group 2; Census Tract 168.03; Dallas County; Texas","52362","44707",
"1500000US481130168033","Block Group 3; Census Tract 168.03; Dallas County; Texas","72697","19980",
"1500000US481130168051","Block Group 1; Census Tract 168.05; Dallas County; Texas","78214","66290",
"1500000US481130168052","Block Group 2; Census Tract 168.05; Dallas County; Texas","110595","31201",
"1500000US481130168061","Block Group 1; Census Tract 168.06; Dallas County; Texas","68158","16061",
"1500000US481130168062","Block Group 2; Census Tract 168.06; Dallas County; Texas","66159","19342",
"1500000US481130169021","Block Group 1; Census Tract 169.02; Dallas County; Texas","41429","10707",
"1500000US481130169022","Block Group 2; Census Tract 169.02; Dallas County; Texas","-","**",
"1500000US481130169023","Block Group 3; Census Tract 169.02; Dallas County; Texas","81412","13324",
"1500000US481130169031","Block Group 1; Census Tract 169.03; Dallas County; Texas","58607","5060",
"1500000US481130169032","Block Group 2; Census Tract 169.03; Dallas County; Texas","77130","27487",
"1500000US481130169033","Block Group 3; Census Tract 169.03; Dallas County; Texas","-","**",
"1500000US481130170051","Block Group 1; Census Tract 170.05; Dallas County; Texas","74928","12178",
"1500000US481130170052","Block Group 2; Census Tract 170.05; Dallas County; Texas","68086","7515",
"1500000US481130170061","Block Group 1; Census Tract 170.06; Dallas County; Texas","61760","16801",
"1500000US481130170062","Block Group 2; Census Tract 170.06; Dallas County; Texas","50893","39313",
"1500000US481130170071","Block Group 1; Census Tract 170.07; Dallas County; Texas","49705","6168",
"1500000US481130170072","Block Group 2; Census Tract 170.07; Dallas County; Texas","62760","27452",
"1500000US481130170081","Block Group 1; Census Tract 170.08; Dallas County; Texas","113000","46508",
"1500000US481130170082","Block Group 2; Census Tract 170.08; Dallas County; Texas","61837","13241",
"1500000US481130170083","Block Group 3; Census Tract 170.08; Dallas County; Texas","99207","46470",
"1500000US481130170091","Block Group 1; Census Tract 170.09; Dallas County; Texas","47757","4516",
"1500000US481130170092","Block Group 2; Census Tract 170.09; Dallas County; Texas","52203","36036",
"1500000US481130170101","Block Group 1; Census Tract 170.10; Dallas County; Texas","81957","13197",
"1500000US481130170102","Block Group 2; Census Tract 170.10; Dallas County; Texas","53532","15520",
"1500000US481130171011","Block Group 1; Census Tract 171.01; Dallas County; Texas","54336","15969",
"1500000US481130171012","Block Group 2; Census Tract 171.01; Dallas County; Texas","53385","27840",
"1500000US481130171013","Block Group 3; Census Tract 171.01; Dallas County; Texas","49114","14965",
"1500000US481130171021","Block Group 1; Census Tract 171.02; Dallas County; Texas","53478","38545",
"1500000US481130171022","Block Group 2; Census Tract 171.02; Dallas County; Texas","62143","27956",
"1500000US481130171023","Block Group 3; Census Tract 171.02; Dallas County; Texas","50429","11596",
"1500000US481130172011","Block Group 1; Census Tract 172.01; Dallas County; Texas","51641","9087",
"1500000US481130172012","Block Group 2; Census Tract 172.01; Dallas County; Texas","48895","12880",
"1500000US481130172013","Block Group 3; Census Tract 172.01; Dallas County; Texas","42723","22719",
"1500000US481130172031","Block Group 1; Census Tract 172.03; Dallas County; Texas","74265","23306",
"1500000US481130172032","Block Group 2; Census Tract 172.03; Dallas County; Texas","78938","46615",
"1500000US481130172041","Block Group 1; Census Tract 172.04; Dallas County; Texas","44758","13607",
"1500000US481130172042","Block Group 2; Census Tract 172.04; Dallas County; Texas","83750","33332",
"1500000US481130173071","Block Group 1; Census Tract 173.07; Dallas County; Texas","-","**",
"1500000US481130173072","Block Group 2; Census Tract 173.07; Dallas County; Texas","72232","17280",
"1500000US481130173073","Block Group 3; Census Tract 173.07; Dallas County; Texas","140417","31423",
"1500000US481130173081","Block Group 1; Census Tract 173.08; Dallas County; Texas","80956","14359",
"1500000US481130173082","Block Group 2; Census Tract 173.08; Dallas County; Texas","123077","69878",
"1500000US481130173083","Block Group 3; Census Tract 173.08; Dallas County; Texas","127414","8268",
"1500000US481130173091","Block Group 1; Census Tract 173.09; Dallas County; Texas","75771","8785",
"1500000US481130173092","Block Group 2; Census Tract 173.09; Dallas County; Texas","120781","20060",
"1500000US481130173101","Block Group 1; Census Tract 173.10; Dallas County; Texas","108158","64622",
"1500000US481130173102","Block Group 2; Census Tract 173.10; Dallas County; Texas","100750","49376",
"1500000US481130173111","Block Group 1; Census Tract 173.11; Dallas County; Texas","55784","24238",
"1500000US481130173112","Block Group 2; Census Tract 173.11; Dallas County; Texas","77008","55297",
"1500000US481130173121","Block Group 1; Census Tract 173.12; Dallas County; Texas","126250","88832",
"1500000US481130173122","Block Group 2; Census Tract 173.12; Dallas County; Texas","89441","46382",
"1500000US481130173131","Block Group 1; Census Tract 173.13; Dallas County; Texas","153519","47754",
"1500000US481130173132","Block Group 2; Census Tract 173.13; Dallas County; Texas","118794","36932",
"1500000US481130173141","Block Group 1; Census Tract 173.14; Dallas County; Texas","99038","35510",
"1500000US481130173142","Block Group 2; Census Tract 173.14; Dallas County; Texas","144188","31761",
"1500000US481130173143","Block Group 3; Census Tract 173.14; Dallas County; Texas","67054","30747",
"1500000US481130173144","Block Group 4; Census Tract 173.14; Dallas County; Texas","148134","138698",
"1500000US481130173151","Block Group 1; Census Tract 173.15; Dallas County; Texas","82500","56836",
"1500000US481130173152","Block Group 2; Census Tract 173.15; Dallas County; Texas","70905","8843",
"1500000US481130173153","Block Group 3; Census Tract 173.15; Dallas County; Texas","108568","11589",
"1500000US481130174001","Block Group 1; Census Tract 174; Dallas County; Texas","74348","22270",
"1500000US481130174002","Block Group 2; Census Tract 174; Dallas County; Texas","76070","6846",
"1500000US481130174003","Block Group 3; Census Tract 174; Dallas County; Texas","73698","22172",
"1500000US481130175001","Block Group 1; Census Tract 175; Dallas County; Texas","112989","14025",
"1500000US481130175002","Block Group 2; Census Tract 175; Dallas County; Texas","112716","55264",
"1500000US481130176021","Block Group 1; Census Tract 176.02; Dallas County; Texas","68796","18919",
"1500000US481130176022","Block Group 2; Census Tract 176.02; Dallas County; Texas","88438","39087",
"1500000US481130176041","Block Group 1; Census Tract 176.04; Dallas County; Texas","41125","10875",
"1500000US481130176042","Block Group 2; Census Tract 176.04; Dallas County; Texas","60547","15071",
"1500000US481130176051","Block Group 1; Census Tract 176.05; Dallas County; Texas","61450","20474",
"1500000US481130176052","Block Group 2; Census Tract 176.05; Dallas County; Texas","84118","23871",
"1500000US481130176061","Block Group 1; Census Tract 176.06; Dallas County; Texas","-","**",
"1500000US481130176062","Block Group 2; Census Tract 176.06; Dallas County; Texas","63953","15882",
"1500000US481130176063","Block Group 3; Census Tract 176.06; Dallas County; Texas","55846","16191",
"1500000US481130177031","Block Group 1; Census Tract 177.03; Dallas County; Texas","30731","21033",
"1500000US481130177032","Block Group 2; Census Tract 177.03; Dallas County; Texas","93330","10653",
"1500000US481130177041","Block Group 1; Census Tract 177.04; Dallas County; Texas","69263","21094",
"1500000US481130177042","Block Group 2; Census Tract 177.04; Dallas County; Texas","-","**",
"1500000US481130177043","Block Group 3; Census Tract 177.04; Dallas County; Texas","51083","31669",
"1500000US481130177051","Block Group 1; Census Tract 177.05; Dallas County; Texas","48861","13658",
"1500000US481130177052","Block Group 2; Census Tract 177.05; Dallas County; Texas","-","**",
"1500000US481130177061","Block Group 1; Census Tract 177.06; Dallas County; Texas","127891","86473",
"1500000US481130177062","Block Group 2; Census Tract 177.06; Dallas County; Texas","101221","42130",
"1500000US481130177063","Block Group 3; Census Tract 177.06; Dallas County; Texas","91537","57341",
"1500000US481130178051","Block Group 1; Census Tract 178.05; Dallas County; Texas","-","**",
"1500000US481130178052","Block Group 2; Census Tract 178.05; Dallas County; Texas","102025","24745",
"1500000US481130178053","Block Group 3; Census Tract 178.05; Dallas County; Texas","125199","121238",
"1500000US481130178054","Block Group 4; Census Tract 178.05; Dallas County; Texas","35933","17076",
"1500000US481130178061","Block Group 1; Census Tract 178.06; Dallas County; Texas","48169","21648",
"1500000US481130178062","Block Group 2; Census Tract 178.06; Dallas County; Texas","47350","19530",
"1500000US481130178063","Block Group 3; Census Tract 178.06; Dallas County; Texas","79488","10190",
"1500000US481130178081","Block Group 1; Census Tract 178.08; Dallas County; Texas","50500","24916",
"1500000US481130178082","Block Group 2; Census Tract 178.08; Dallas County; Texas","102750","19034",
"1500000US481130178083","Block Group 3; Census Tract 178.08; Dallas County; Texas","85078","15398",
"1500000US481130178111","Block Group 1; Census Tract 178.11; Dallas County; Texas","103125","33917",
"1500000US481130178112","Block Group 2; Census Tract 178.11; Dallas County; Texas","94545","41283",
"1500000US481130178121","Block Group 1; Census Tract 178.12; Dallas County; Texas","80162","22530",
"1500000US481130178122","Block Group 2; Census Tract 178.12; Dallas County; Texas","87969","26860",
"1500000US481130178141","Block Group 1; Census Tract 178.14; Dallas County; Texas","81875","38201",
"1500000US481130178142","Block Group 2; Census Tract 178.14; Dallas County; Texas","104583","33058",
"1500000US481130178143","Block Group 3; Census Tract 178.14; Dallas County; Texas","66023","36336",
"1500000US481130178151","Block Group 1; Census Tract 178.15; Dallas County; Texas","59776","28300",
"1500000US481130178152","Block Group 2; Census Tract 178.15; Dallas County; Texas","103182","36050",
"1500000US481130178161","Block Group 1; Census Tract 178.16; Dallas County; Texas","83370","29955",
"1500000US481130178162","Block Group 2; Census Tract 178.16; Dallas County; Texas","71250","42116",
"1500000US481130178171","Block Group 1; Census Tract 178.17; Dallas County; Texas","42105","19113",
"1500000US481130178172","Block Group 2; Census Tract 178.17; Dallas County; Texas","52778","31661",
"1500000US481130178181","Block Group 1; Census Tract 178.18; Dallas County; Texas","-","**",
"1500000US481130178182","Block Group 2; Census Tract 178.18; Dallas County; Texas","61579","18240",
"1500000US481130178183","Block Group 3; Census Tract 178.18; Dallas County; Texas","66855","16990",
"1500000US481130178191","Block Group 1; Census Tract 178.19; Dallas County; Texas","107852","25035",
"1500000US481130178192","Block Group 2; Census Tract 178.19; Dallas County; Texas","33966","5392",
"1500000US481130178201","Block Group 1; Census Tract 178.20; Dallas County; Texas","56845","34924",
"1500000US481130178202","Block Group 2; Census Tract 178.20; Dallas County; Texas","128603","85788",
"1500000US481130179001","Block Group 1; Census Tract 179; Dallas County; Texas","55759","9640",
"1500000US481130179002","Block Group 2; Census Tract 179; Dallas County; Texas","57692","16329",
"1500000US481130179003","Block Group 3; Census Tract 179; Dallas County; Texas","52917","29622",
"1500000US481130180011","Block Group 1; Census Tract 180.01; Dallas County; Texas","55947","7416",
"1500000US481130180012","Block Group 2; Census Tract 180.01; Dallas County; Texas","-","**",
"1500000US481130180013","Block Group 3; Census Tract 180.01; Dallas County; Texas","56870","46267",
"1500000US481130180014","Block Group 4; Census Tract 180.01; Dallas County; Texas","45865","8826",
"1500000US481130180021","Block Group 1; Census Tract 180.02; Dallas County; Texas","125035","67313",
"1500000US481130180022","Block Group 2; Census Tract 180.02; Dallas County; Texas","58948","37135",
"1500000US481130181051","Block Group 1; Census Tract 181.05; Dallas County; Texas","60256","20818",
"1500000US481130181052","Block Group 2; Census Tract 181.05; Dallas County; Texas","74550","47306",
"1500000US481130181053","Block Group 3; Census Tract 181.05; Dallas County; Texas","67500","19486",
"1500000US481130181101","Block Group 1; Census Tract 181.10; Dallas County; Texas","94420","66181",
"1500000US481130181102","Block Group 2; Census Tract 181.10; Dallas County; Texas","94363","21327",
"1500000US481130181103","Block Group 3; Census Tract 181.10; Dallas County; Texas","77083","26002",
"1500000US481130181111","Block Group 1; Census Tract 181.11; Dallas County; Texas","66540","3833",
"1500000US481130181112","Block Group 2; Census Tract 181.11; Dallas County; Texas","-","**",
"1500000US481130181113","Block Group 3; Census Tract 181.11; Dallas County; Texas","70035","26664",
"1500000US481130181201","Block Group 1; Census Tract 181.20; Dallas County; Texas","84167","41892",
"1500000US481130181202","Block Group 2; Census Tract 181.20; Dallas County; Texas","106354","57379",
"1500000US481130181203","Block Group 3; Census Tract 181.20; Dallas County; Texas","91949","39066",
"1500000US481130181211","Block Group 1; Census Tract 181.21; Dallas County; Texas","74565","14814",
"1500000US481130181212","Block Group 2; Census Tract 181.21; Dallas County; Texas","74750","39729",
"1500000US481130181261","Block Group 1; Census Tract 181.26; Dallas County; Texas","98421","13133",
"1500000US481130181262","Block Group 2; Census Tract 181.26; Dallas County; Texas","75676","23941",
"1500000US481130181263","Block Group 3; Census Tract 181.26; Dallas County; Texas","-","**",
"1500000US481130181264","Block Group 4; Census Tract 181.26; Dallas County; Texas","114605","61360",
"1500000US481130181271","Block Group 1; Census Tract 181.27; Dallas County; Texas","58822","3334",
"1500000US481130181272","Block Group 2; Census Tract 181.27; Dallas County; Texas","102517","37612",
"1500000US481130181281","Block Group 1; Census Tract 181.28; Dallas County; Texas","68194","17158",
"1500000US481130181282","Block Group 2; Census Tract 181.28; Dallas County; Texas","90995","18483",
"1500000US481130181283","Block Group 3; Census Tract 181.28; Dallas County; Texas","72633","27958",
"1500000US481130181291","Block Group 1; Census Tract 181.29; Dallas County; Texas","115625","47158",
"1500000US481130181292","Block Group 2; Census Tract 181.29; Dallas County; Texas","-","**",
"1500000US481130181293","Block Group 3; Census Tract 181.29; Dallas County; Texas","-","**",
"1500000US481130181294","Block Group 4; Census Tract 181.29; Dallas County; Texas","57946","27884",
"1500000US481130181301","Block Group 1; Census Tract 181.30; Dallas County; Texas","47929","17165",
"1500000US481130181302","Block Group 2; Census Tract 181.30; Dallas County; Texas","50011","34000",
"1500000US481130181303","Block Group 3; Census Tract 181.30; Dallas County; Texas","30871","17147",
"1500000US481130181321","Block Group 1; Census Tract 181.32; Dallas County; Texas","118676","15923",
"1500000US481130181322","Block Group 2; Census Tract 181.32; Dallas County; Texas","85333","34653",
"1500000US481130181323","Block Group 3; Census Tract 181.32; Dallas County; Texas","89051","20785",
"1500000US481130181331","Block Group 1; Census Tract 181.33; Dallas County; Texas","72581","28034",
"1500000US481130181332","Block Group 2; Census Tract 181.33; Dallas County; Texas","104955","18918",
"1500000US481130181341","Block Group 1; Census Tract 181.34; Dallas County; Texas","86269","23314",
"1500000US481130181342","Block Group 2; Census Tract 181.34; Dallas County; Texas","103727","24291",
"1500000US481130181351","Block Group 1; Census Tract 181.35; Dallas County; Texas","102589","41855",
"1500000US481130181352","Block Group 2; Census Tract 181.35; Dallas County; Texas","90818","23360",
"1500000US481130181371","Block Group 1; Census Tract 181.37; Dallas County; Texas","56678","18506",
"1500000US481130181372","Block Group 2; Census Tract 181.37; Dallas County; Texas","36146","15497",
"1500000US481130181373","Block Group 3; Census Tract 181.37; Dallas County; Texas","120417","45499",
"1500000US481130181381","Block Group 1; Census Tract 181.38; Dallas County; Texas","67748","3451",
"1500000US481130181382","Block Group 2; Census Tract 181.38; Dallas County; Texas","50463","30308",
"1500000US481130181383","Block Group 3; Census Tract 181.38; Dallas County; Texas","103498","25009",
"1500000US481130181401","Block Group 1; Census Tract 181.40; Dallas County; Texas","94116","48188",
"1500000US481130181402","Block Group 2; Census Tract 181.40; Dallas County; Texas","-","**",
"1500000US481130181403","Block Group 3; Census Tract 181.40; Dallas County; Texas","82411","58068",
"1500000US481130181411","Block Group 1; Census Tract 181.41; Dallas County; Texas","41204","11650",
"1500000US481130181412","Block Group 2; Census Tract 181.41; Dallas County; Texas","46087","5522",
"1500000US481130181413","Block Group 3; Census Tract 181.41; Dallas County; Texas","43465","21169",
"1500000US481130181421","Block Group 1; Census Tract 181.42; Dallas County; Texas","103616","19665",
"1500000US481130181422","Block Group 2; Census Tract 181.42; Dallas County; Texas","104000","38761",
"1500000US481130181431","Block Group 1; Census Tract 181.43; Dallas County; Texas","189651","73133",
"1500000US481130181432","Block Group 2; Census Tract 181.43; Dallas County; Texas","107547","19424",
"1500000US481130181441","Block Group 1; Census Tract 181.44; Dallas County; Texas","134044","16631",
"1500000US481130181442","Block Group 2; Census Tract 181.44; Dallas County; Texas","108698","12250",
"1500000US481130181451","Block Group 1; Census Tract 181.45; Dallas County; Texas","131518","46243",
"1500000US481130181452","Block Group 2; Census Tract 181.45; Dallas County; Texas","130825","22018",
"1500000US481130181461","Block Group 1; Census Tract 181.46; Dallas County; Texas","133914","12599",
"1500000US481130181462","Block Group 2; Census Tract 181.46; Dallas County; Texas","125809","72747",
"1500000US481130181471","Block Group 1; Census Tract 181.47; Dallas County; Texas","150220","56298",
"1500000US481130181472","Block Group 2; Census Tract 181.47; Dallas County; Texas","115139","38433",
"1500000US481130181481","Block Group 1; Census Tract 181.48; Dallas County; Texas","62083","42773",
"1500000US481130181482","Block Group 2; Census Tract 181.48; Dallas County; Texas","87788","16423",
"1500000US481130181483","Block Group 3; Census Tract 181.48; Dallas County; Texas","71655","32904",
"1500000US481130181491","Block Group 1; Census Tract 181.49; Dallas County; Texas","146548","81328",
"1500000US481130181492","Block Group 2; Census Tract 181.49; Dallas County; Texas","137179","73065",
"1500000US481130181501","Block Group 1; Census Tract 181.50; Dallas County; Texas","106250","84553",
"1500000US481130181502","Block Group 2; Census Tract 181.50; Dallas County; Texas","98472","70297",
"1500000US481130181511","Block Group 1; Census Tract 181.51; Dallas County; Texas","65609","3696",
"1500000US481130181512","Block Group 2; Census Tract 181.51; Dallas County; Texas","110305","28790",
"1500000US481130181521","Block Group 1; Census Tract 181.52; Dallas County; Texas","71696","35827",
"1500000US481130181522","Block Group 2; Census Tract 181.52; Dallas County; Texas","85816","4215",
"1500000US481130181523","Block Group 3; Census Tract 181.52; Dallas County; Texas","75941","15379",
"1500000US481130181531","Block Group 1; Census Tract 181.53; Dallas County; Texas","126013","50067",
"1500000US481130181532","Block Group 2; Census Tract 181.53; Dallas County; Texas","86420","24696",
"1500000US481130181533","Block Group 3; Census Tract 181.53; Dallas County; Texas","105038","31043",
"1500000US481130181541","Block Group 1; Census Tract 181.54; Dallas County; Texas","59088","43910",
"1500000US481130181542","Block Group 2; Census Tract 181.54; Dallas County; Texas","154138","27132",
"1500000US481130181551","Block Group 1; Census Tract 181.55; Dallas County; Texas","103934","37531",
"1500000US481130181552","Block Group 2; Census Tract 181.55; Dallas County; Texas","151450","33007",
"1500000US481130181561","Block Group 1; Census Tract 181.56; Dallas County; Texas","100366","45573",
"1500000US481130181562","Block Group 2; Census Tract 181.56; Dallas County; Texas","141694","38943",
"1500000US481130181571","Block Group 1; Census Tract 181.57; Dallas County; Texas","93875","53835",
"1500000US481130181572","Block Group 2; Census Tract 181.57; Dallas County; Texas","89122","12742",
"1500000US481130181581","Block Group 1; Census Tract 181.58; Dallas County; Texas","90092","27497",
"1500000US481130181582","Block Group 2; Census Tract 181.58; Dallas County; Texas","113871","17734",
"1500000US481130181591","Block Group 1; Census Tract 181.59; Dallas County; Texas","164509","48587",
"1500000US481130181592","Block Group 2; Census Tract 181.59; Dallas County; Texas","198077","30656",
"1500000US481130182031","Block Group 1; Census Tract 182.03; Dallas County; Texas","75347","35378",
"1500000US481130182032","Block Group 2; Census Tract 182.03; Dallas County; Texas","80476","55440",
"1500000US481130182033","Block Group 3; Census Tract 182.03; Dallas County; Texas","135875","65217",
"1500000US481130182034","Block Group 4; Census Tract 182.03; Dallas County; Texas","62083","28677",
"1500000US481130182041","Block Group 1; Census Tract 182.04; Dallas County; Texas","69444","26167",
"1500000US481130182042","Block Group 2; Census Tract 182.04; Dallas County; Texas","76267","14394",
"1500000US481130182043","Block Group 3; Census Tract 182.04; Dallas County; Texas","75962","34930",
"1500000US481130182051","Block Group 1; Census Tract 182.05; Dallas County; Texas","47137","18290",
"1500000US481130182052","Block Group 2; Census Tract 182.05; Dallas County; Texas","77045","20956",
"1500000US481130182061","Block Group 1; Census Tract 182.06; Dallas County; Texas","56985","19316",
"1500000US481130182062","Block Group 2; Census Tract 182.06; Dallas County; Texas","56530","12479",
"1500000US481130182063","Block Group 3; Census Tract 182.06; Dallas County; Texas","70000","23487",
"1500000US481130183001","Block Group 1; Census Tract 183; Dallas County; Texas","101727","33417",
"1500000US481130183002","Block Group 2; Census Tract 183; Dallas County; Texas","-","**",
"1500000US481130183003","Block Group 3; Census Tract 183; Dallas County; Texas","80274","41584",
"1500000US481130183004","Block Group 4; Census Tract 183; Dallas County; Texas","79007","27332",
"1500000US481130184011","Block Group 1; Census Tract 184.01; Dallas County; Texas","94153","37052",
"1500000US481130184012","Block Group 2; Census Tract 184.01; Dallas County; Texas","66771","15649",
"1500000US481130184013","Block Group 3; Census Tract 184.01; Dallas County; Texas","59844","28441",
"1500000US481130184021","Block Group 1; Census Tract 184.02; Dallas County; Texas","73625","37188",
"1500000US481130184022","Block Group 2; Census Tract 184.02; Dallas County; Texas","84977","24546",
"1500000US481130184031","Block Group 1; Census Tract 184.03; Dallas County; Texas","44754","4144",
"1500000US481130185011","Block Group 1; Census Tract 185.01; Dallas County; Texas","98250","10445",
"1500000US481130185012","Block Group 2; Census Tract 185.01; Dallas County; Texas","61296","1838",
"1500000US481130185051","Block Group 1; Census Tract 185.05; Dallas County; Texas","26818","15708",
"1500000US481130185052","Block Group 2; Census Tract 185.05; Dallas County; Texas","38235","10331",
"1500000US481130185053","Block Group 3; Census Tract 185.05; Dallas County; Texas","43665","4176",
"1500000US481130185061","Block Group 1; Census Tract 185.06; Dallas County; Texas","41425","16781",
"1500000US481130185062","Block Group 2; Census Tract 185.06; Dallas County; Texas","46931","7994",
"1500000US481130185063","Block Group 3; Census Tract 185.06; Dallas County; Texas","-","**",
"1500000US481130185071","Block Group 1; Census Tract 185.07; Dallas County; Texas","52813","27953",
"1500000US481130185072","Block Group 2; Census Tract 185.07; Dallas County; Texas","37500","12065",
"1500000US481130185073","Block Group 3; Census Tract 185.07; Dallas County; Texas","41838","20530",
"1500000US481130185081","Block Group 1; Census Tract 185.08; Dallas County; Texas","41211","9931",
"1500000US481130186001","Block Group 1; Census Tract 186; Dallas County; Texas","80613","19769",
"1500000US481130186002","Block Group 2; Census Tract 186; Dallas County; Texas","82639","36649",
"1500000US481130186003","Block Group 3; Census Tract 186; Dallas County; Texas","64167","26904",
"1500000US481130187001","Block Group 1; Census Tract 187; Dallas County; Texas","61019","20775",
"1500000US481130187002","Block Group 2; Census Tract 187; Dallas County; Texas","36490","14955",
"1500000US481130187003","Block Group 3; Census Tract 187; Dallas County; Texas","74211","18838",
"1500000US481130188011","Block Group 1; Census Tract 188.01; Dallas County; Texas","75278","42937",
"1500000US481130188012","Block Group 2; Census Tract 188.01; Dallas County; Texas","68750","20102",
"1500000US481130188013","Block Group 3; Census Tract 188.01; Dallas County; Texas","53452","29846",
"1500000US481130188021","Block Group 1; Census Tract 188.02; Dallas County; Texas","56341","9672",
"1500000US481130189001","Block Group 1; Census Tract 189; Dallas County; Texas","160650","83749",
"1500000US481130189002","Block Group 2; Census Tract 189; Dallas County; Texas","49821","23279",
"1500000US481130189003","Block Group 3; Census Tract 189; Dallas County; Texas","70000","28716",
"1500000US481130189004","Block Group 4; Census Tract 189; Dallas County; Texas","40982","25543",
"1500000US481130190131","Block Group 1; Census Tract 190.13; Dallas County; Texas","40238","4813",
"1500000US481130190132","Block Group 2; Census Tract 190.13; Dallas County; Texas","35833","9584",
"1500000US481130190161","Block Group 1; Census Tract 190.16; Dallas County; Texas","96250","56264",
"1500000US481130190162","Block Group 2; Census Tract 190.16; Dallas County; Texas","83192","34051",
"1500000US481130190163","Block Group 3; Census Tract 190.16; Dallas County; Texas","34983","29231",
"1500000US481130190181","Block Group 1; Census Tract 190.18; Dallas County; Texas","85647","34512",
"1500000US481130190182","Block Group 2; Census Tract 190.18; Dallas County; Texas","210686","74196",
"1500000US481130190183","Block Group 3; Census Tract 190.18; Dallas County; Texas","-","**",
"1500000US481130190184","Block Group 4; Census Tract 190.18; Dallas County; Texas","56976","37551",
"1500000US481130190191","Block Group 1; Census Tract 190.19; Dallas County; Texas","34844","23169",
"1500000US481130190192","Block Group 2; Census Tract 190.19; Dallas County; Texas","116802","52986",
"1500000US481130190193","Block Group 3; Census Tract 190.19; Dallas County; Texas","-","**",
"1500000US481130190194","Block Group 4; Census Tract 190.19; Dallas County; Texas","33909","7371",
"1500000US481130190201","Block Group 1; Census Tract 190.20; Dallas County; Texas","88679","53669",
"1500000US481130190202","Block Group 2; Census Tract 190.20; Dallas County; Texas","136719","87679",
"1500000US481130190203","Block Group 3; Census Tract 190.20; Dallas County; Texas","52110","8638",
"1500000US481130190231","Block Group 1; Census Tract 190.23; Dallas County; Texas","95603","20156",
"1500000US481130190232","Block Group 2; Census Tract 190.23; Dallas County; Texas","138125","39776",
"1500000US481130190233","Block Group 3; Census Tract 190.23; Dallas County; Texas","-","**",
"1500000US481130190234","Block Group 4; Census Tract 190.23; Dallas County; Texas","118150","72165",
"1500000US481130190241","Block Group 1; Census Tract 190.24; Dallas County; Texas","112813","42798",
"1500000US481130190242","Block Group 2; Census Tract 190.24; Dallas County; Texas","95577","19229",
"1500000US481130190251","Block Group 1; Census Tract 190.25; Dallas County; Texas","108140","21089",
"1500000US481130190252","Block Group 2; Census Tract 190.25; Dallas County; Texas","105814","29070",
"1500000US481130190253","Block Group 3; Census Tract 190.25; Dallas County; Texas","110197","26843",
"1500000US481130190261","Block Group 1; Census Tract 190.26; Dallas County; Texas","111392","6769",
"1500000US481130190262","Block Group 2; Census Tract 190.26; Dallas County; Texas","61156","36208",
"1500000US481130190263","Block Group 3; Census Tract 190.26; Dallas County; Texas","70081","9591",
"1500000US481130190264","Block Group 4; Census Tract 190.26; Dallas County; Texas","117337","50693",
"1500000US481130190271","Block Group 1; Census Tract 190.27; Dallas County; Texas","86319","52664",
"1500000US481130190272","Block Group 2; Census Tract 190.27; Dallas County; Texas","74500","12200",
"1500000US481130190273","Block Group 3; Census Tract 190.27; Dallas County; Texas","67123","9509",
"1500000US481130190274","Block Group 4; Census Tract 190.27; Dallas County; Texas","-","**",
"1500000US481130190281","Block Group 1; Census Tract 190.28; Dallas County; Texas","109306","44585",
"1500000US481130190282","Block Group 2; Census Tract 190.28; Dallas County; Texas","80060","12395",
"1500000US481130190291","Block Group 1; Census Tract 190.29; Dallas County; Texas","85909","45371",
"1500000US481130190292","Block Group 2; Census Tract 190.29; Dallas County; Texas","74392","33095",
"1500000US481130190293","Block Group 3; Census Tract 190.29; Dallas County; Texas","79223","13809",
"1500000US481130190311","Block Group 1; Census Tract 190.31; Dallas County; Texas","101250","41580",
"1500000US481130190312","Block Group 2; Census Tract 190.31; Dallas County; Texas","170633","11927",
"1500000US481130190313","Block Group 3; Census Tract 190.31; Dallas County; Texas","93824","34620",
"1500000US481130190314","Block Group 4; Census Tract 190.31; Dallas County; Texas","117151","24809",
"1500000US481130190321","Block Group 1; Census Tract 190.32; Dallas County; Texas","82404","14393",
"1500000US481130190322","Block Group 2; Census Tract 190.32; Dallas County; Texas","61719","8788",
"1500000US481130190331","Block Group 1; Census Tract 190.33; Dallas County; Texas","54828","34989",
"1500000US481130190332","Block Group 2; Census Tract 190.33; Dallas County; Texas","64028","29343",
"1500000US481130190341","Block Group 1; Census Tract 190.34; Dallas County; Texas","54132","27368",
"1500000US481130190342","Block Group 2; Census Tract 190.34; Dallas County; Texas","-","**",
"1500000US481130190343","Block Group 3; Census Tract 190.34; Dallas County; Texas","47596","10829",
"1500000US481130190351","Block Group 1; Census Tract 190.35; Dallas County; Texas","39023","11165",
"1500000US481130190352","Block Group 2; Census Tract 190.35; Dallas County; Texas","-","**",
"1500000US481130190353","Block Group 3; Census Tract 190.35; Dallas County; Texas","117361","90282",
"1500000US481130190361","Block Group 1; Census Tract 190.36; Dallas County; Texas","131895","22262",
"1500000US481130190362","Block Group 2; Census Tract 190.36; Dallas County; Texas","152311","5548",
"1500000US481130190371","Block Group 1; Census Tract 190.37; Dallas County; Texas","187188","98149",
"1500000US481130190372","Block Group 2; Census Tract 190.37; Dallas County; Texas","94140","7904",
"1500000US481130190373","Block Group 3; Census Tract 190.37; Dallas County; Texas","124083","28727",
"1500000US481130190391","Block Group 1; Census Tract 190.39; Dallas County; Texas","57407","15204",
"1500000US481130190392","Block Group 2; Census Tract 190.39; Dallas County; Texas","86313","64654",
"1500000US481130190393","Block Group 3; Census Tract 190.39; Dallas County; Texas","82669","35583",
"1500000US481130190401","Block Group 1; Census Tract 190.40; Dallas County; Texas","83949","29878",
"1500000US481130190402","Block Group 2; Census Tract 190.40; Dallas County; Texas","118795","69003",
"1500000US481130190403","Block Group 3; Census Tract 190.40; Dallas County; Texas","107105","24905",
"1500000US481130190404","Block Group 4; Census Tract 190.40; Dallas County; Texas","78830","52939",
"1500000US481130190405","Block Group 5; Census Tract 190.40; Dallas County; Texas","-","**",
"1500000US481130190406","Block Group 6; Census Tract 190.40; Dallas County; Texas","47852","28897",
"1500000US481130190411","Block Group 1; Census Tract 190.41; Dallas County; Texas","75208","26451",
"1500000US481130190412","Block Group 2; Census Tract 190.41; Dallas County; Texas","129968","42105",
"1500000US481130190421","Block Group 1; Census Tract 190.42; Dallas County; Texas","168594","32000",
"1500000US481130190422","Block Group 2; Census Tract 190.42; Dallas County; Texas","102059","78967",
"1500000US481130190423","Block Group 3; Census Tract 190.42; Dallas County; Texas","84766","11855",
"1500000US481130190424","Block Group 4; Census Tract 190.42; Dallas County; Texas","101250","35296",
"1500000US481130190425","Block Group 5; Census Tract 190.42; Dallas County; Texas","-","**",
"1500000US481130190426","Block Group 6; Census Tract 190.42; Dallas County; Texas","71588","42233",
"1500000US481130190441","Block Group 1; Census Tract 190.44; Dallas County; Texas","-","**",
"1500000US481130190442","Block Group 2; Census Tract 190.44; Dallas County; Texas","55662","25733",
"1500000US481130190451","Block Group 1; Census Tract 190.45; Dallas County; Texas","-","**",
"1500000US481130190452","Block Group 2; Census Tract 190.45; Dallas County; Texas","93897","25781",
"1500000US481130190461","Block Group 1; Census Tract 190.46; Dallas County; Texas","74875","74709",
"1500000US481130190462","Block Group 2; Census Tract 190.46; Dallas County; Texas","75745","21600",
"1500000US481130190471","Block Group 1; Census Tract 190.47; Dallas County; Texas","102256","5599",
"1500000US481130190472","Block Group 2; Census Tract 190.47; Dallas County; Texas","49920","48418",
"1500000US481130190481","Block Group 1; Census Tract 190.48; Dallas County; Texas","76125","14219",
"1500000US481130190482","Block Group 2; Census Tract 190.48; Dallas County; Texas","103036","36666",
"1500000US481130190491","Block Group 1; Census Tract 190.49; Dallas County; Texas","98977","34463",
"1500000US481130190492","Block Group 2; Census Tract 190.49; Dallas County; Texas","59514","9894",
"1500000US481130190501","Block Group 1; Census Tract 190.50; Dallas County; Texas","206500","108676",
"1500000US481130190502","Block Group 2; Census Tract 190.50; Dallas County; Texas","-","**",
"1500000US481130190511","Block Group 1; Census Tract 190.51; Dallas County; Texas","180227","29190",
"1500000US481130190512","Block Group 2; Census Tract 190.51; Dallas County; Texas","126076","13749",
"1500000US481130190513","Block Group 3; Census Tract 190.51; Dallas County; Texas","185491","34415",
"1500000US481130190521","Block Group 1; Census Tract 190.52; Dallas County; Texas","99926","12118",
"1500000US481130190531","Block Group 1; Census Tract 190.53; Dallas County; Texas","88558","8040",
"1500000US481130190532","Block Group 2; Census Tract 190.53; Dallas County; Texas","82857","36688",
"1500000US481130191011","Block Group 1; Census Tract 191.01; Dallas County; Texas","79655","10413",
"1500000US481130191021","Block Group 1; Census Tract 191.02; Dallas County; Texas","140598","58620",
"1500000US481130191022","Block Group 2; Census Tract 191.02; Dallas County; Texas","55750","31441",
"1500000US481130191023","Block Group 3; Census Tract 191.02; Dallas County; Texas","99531","43917",
"1500000US481130192021","Block Group 1; Census Tract 192.02; Dallas County; Texas","91667","25073",
"1500000US481130192022","Block Group 2; Census Tract 192.02; Dallas County; Texas","77708","55585",
"1500000US481130192023","Block Group 3; Census Tract 192.02; Dallas County; Texas","116250","42824",
"1500000US481130192031","Block Group 1; Census Tract 192.03; Dallas County; Texas","117500","59111",
"1500000US481130192032","Block Group 2; Census Tract 192.03; Dallas County; Texas","106979","37381",
"1500000US481130192033","Block Group 3; Census Tract 192.03; Dallas County; Texas","160703","31323",
"1500000US481130192051","Block Group 1; Census Tract 192.05; Dallas County; Texas","183611","67277",
"1500000US481130192052","Block Group 2; Census Tract 192.05; Dallas County; Texas","218750","65596",
"1500000US481130192053","Block Group 3; Census Tract 192.05; Dallas County; Texas","200625","30129",
"1500000US481130192081","Block Group 1; Census Tract 192.08; Dallas County; Texas","54850","25659",
"1500000US481130192082","Block Group 2; Census Tract 192.08; Dallas County; Texas","76500","38466",
"1500000US481130192083","Block Group 3; Census Tract 192.08; Dallas County; Texas","57893","32427",
"1500000US481130192084","Block Group 4; Census Tract 192.08; Dallas County; Texas","-","**",
"1500000US481130192101","Block Group 1; Census Tract 192.10; Dallas County; Texas","227000","24010",
"1500000US481130192102","Block Group 2; Census Tract 192.10; Dallas County; Texas","151513","69707",
"1500000US481130192111","Block Group 1; Census Tract 192.11; Dallas County; Texas","136250","61809",
"1500000US481130192112","Block Group 2; Census Tract 192.11; Dallas County; Texas","66089","11312",
"1500000US481130192113","Block Group 3; Census Tract 192.11; Dallas County; Texas","118603","43719",
"1500000US481130192114","Block Group 4; Census Tract 192.11; Dallas County; Texas","115087","36360",
"1500000US481130192115","Block Group 5; Census Tract 192.11; Dallas County; Texas","51141","35637",
"1500000US481130192121","Block Group 1; Census Tract 192.12; Dallas County; Texas","53462","44063",
"1500000US481130192122","Block Group 2; Census Tract 192.12; Dallas County; Texas","35948","30026",
"1500000US481130192131","Block Group 1; Census Tract 192.13; Dallas County; Texas","16250","11073",
"1500000US481130192132","Block Group 2; Census Tract 192.13; Dallas County; Texas","26789","10921",
"1500000US481130192141","Block Group 1; Census Tract 192.14; Dallas County; Texas","-","**",
"1500000US481130192142","Block Group 2; Census Tract 192.14; Dallas County; Texas","68843","32463",
"1500000US481130192143","Block Group 3; Census Tract 192.14; Dallas County; Texas","49192","4900",
"1500000US481130192151","Block Group 1; Census Tract 192.15; Dallas County; Texas","95385","89457",
"1500000US481130192152","Block Group 2; Census Tract 192.15; Dallas County; Texas","104427","27438",
"1500000US481130192153","Block Group 3; Census Tract 192.15; Dallas County; Texas","132796","21225",
"1500000US481130192161","Block Group 1; Census Tract 192.16; Dallas County; Texas","113750","26252",
"1500000US481130192162","Block Group 2; Census Tract 192.16; Dallas County; Texas","67143","40679",
"1500000US481130192163","Block Group 3; Census Tract 192.16; Dallas County; Texas","86739","14066",
"1500000US481130193011","Block Group 1; Census Tract 193.01; Dallas County; Texas","250,000+","***",
"1500000US481130193012","Block Group 2; Census Tract 193.01; Dallas County; Texas","250,000+","***",
"1500000US481130193021","Block Group 1; Census Tract 193.02; Dallas County; Texas","85313","48886",
"1500000US481130193022","Block Group 2; Census Tract 193.02; Dallas County; Texas","250,000+","***",
"1500000US481130194001","Block Group 1; Census Tract 194; Dallas County; Texas","164107","93022",
"1500000US481130194002","Block Group 2; Census Tract 194; Dallas County; Texas","197406","74754",
"1500000US481130195011","Block Group 1; Census Tract 195.01; Dallas County; Texas","250,000+","***",
"1500000US481130195012","Block Group 2; Census Tract 195.01; Dallas County; Texas","250,000+","***",
"1500000US481130195013","Block Group 3; Census Tract 195.01; Dallas County; Texas","250,000+","***",
"1500000US481130195014","Block Group 4; Census Tract 195.01; Dallas County; Texas","224350","86682",
"1500000US481130195021","Block Group 1; Census Tract 195.02; Dallas County; Texas","181181","51570",
"1500000US481130195022","Block Group 2; Census Tract 195.02; Dallas County; Texas","250,000+","***",
"1500000US481130196001","Block Group 1; Census Tract 196; Dallas County; Texas","250,000+","***",
"1500000US481130196002","Block Group 2; Census Tract 196; Dallas County; Texas","250,000+","***",
"1500000US481130197001","Block Group 1; Census Tract 197; Dallas County; Texas","250,000+","***",
"1500000US481130198001","Block Group 1; Census Tract 198; Dallas County; Texas","250,000+","***",
"1500000US481130198002","Block Group 2; Census Tract 198; Dallas County; Texas","209493","66975",
"1500000US481130198003","Block Group 3; Census Tract 198; Dallas County; Texas","212031","139006",
"1500000US481130199001","Block Group 1; Census Tract 199; Dallas County; Texas","71016","27997",
"1500000US481130199002","Block Group 2; Census Tract 199; Dallas County; Texas","42825","8245",
"1500000US481130200001","Block Group 1; Census Tract 200; Dallas County; Texas","173333","66461",
"1500000US481130200002","Block Group 2; Census Tract 200; Dallas County; Texas","208333","40358",
"1500000US481130201001","Block Group 1; Census Tract 201; Dallas County; Texas","62917","34054",
"1500000US481130201002","Block Group 2; Census Tract 201; Dallas County; Texas","73056","16964",
"1500000US481130202001","Block Group 1; Census Tract 202; Dallas County; Texas","-","**",
"1500000US481130202002","Block Group 2; Census Tract 202; Dallas County; Texas","41250","13594",
"1500000US481130203001","Block Group 1; Census Tract 203; Dallas County; Texas","-","**",
"1500000US481130203002","Block Group 2; Census Tract 203; Dallas County; Texas","46319","37999",
"1500000US481130203003","Block Group 3; Census Tract 203; Dallas County; Texas","-","**",
"1500000US481130204011","Block Group 1; Census Tract 204.01; Dallas County; Texas","68318","25722",
"1500000US481130204012","Block Group 2; Census Tract 204.01; Dallas County; Texas","78500","37536",
"1500000US481130204021","Block Group 1; Census Tract 204.02; Dallas County; Texas","72481","19902",
"1500000US481130204022","Block Group 2; Census Tract 204.02; Dallas County; Texas","117121","17461",
"1500000US481130205001","Block Group 1; Census Tract 205; Dallas County; Texas","13379","3832",
"1500000US481130205002","Block Group 2; Census Tract 205; Dallas County; Texas","50236","29949",
"1500000US481130205003","Block Group 3; Census Tract 205; Dallas County; Texas","142755","93234",
"1500000US481130206001","Block Group 1; Census Tract 206; Dallas County; Texas","250,000+","***",
"1500000US481130206002","Block Group 2; Census Tract 206; Dallas County; Texas","250,000+","***",
"1500000US481130207001","Block Group 1; Census Tract 207; Dallas County; Texas","95625","46837",
"1500000US481130207002","Block Group 2; Census Tract 207; Dallas County; Texas","74138","19047",
"1500000US481130207003","Block Group 3; Census Tract 207; Dallas County; Texas","184181","134588",
"1500000US481130207004","Block Group 4; Census Tract 207; Dallas County; Texas","86638","25290",
"1500000US481130208001","Block Group 1; Census Tract 208; Dallas County; Texas","33786","17895",
"1500000US481130208002","Block Group 2; Census Tract 208; Dallas County; Texas","-","**",
"1500000US481130208003","Block Group 3; Census Tract 208; Dallas County; Texas","43030","22134",
"1500000US481130208004","Block Group 4; Census Tract 208; Dallas County; Texas","85275","32848",
"1500000US481130209001","Block Group 1; Census Tract 209; Dallas County; Texas","66594","27719",
"1500000US481130209002","Block Group 2; Census Tract 209; Dallas County; Texas","23661","20920",
"1500000US481130210001","Block Group 1; Census Tract 210; Dallas County; Texas","48228","19552",
"1500000US481130210002","Block Group 2; Census Tract 210; Dallas County; Texas","-","**",
"1500000US481130210003","Block Group 3; Census Tract 210; Dallas County; Texas","67771","47051",
"1500000US481130210004","Block Group 4; Census Tract 210; Dallas County; Texas","-","**",
"1500000US481130211001","Block Group 1; Census Tract 211; Dallas County; Texas","-","**",
"1500000US481130211002","Block Group 2; Census Tract 211; Dallas County; Texas","51292","19798",
"1500000US481130212001","Block Group 1; Census Tract 212; Dallas County; Texas","60925","16194",
"1500000US481130212002","Block Group 2; Census Tract 212; Dallas County; Texas","64885","11794",
"1500000US481130212003","Block Group 3; Census Tract 212; Dallas County; Texas","83889","37607",
"1500000US481139800001","Block Group 1; Census Tract 9800; Dallas County; Texas","-","**",
"1500000US481139801001","Block Group 1; Census Tract 9801; Dallas County; Texas","-","**",
"1500000US481139802001","Block Group 1; Census Tract 9802; Dallas County; Texas","-","**",
