"GEO_ID","NAME","B17010_001E","B17010_001M","B17010_002E","B17010_002M","B17010_003E","B17010_003M","B17010_004E","B17010_004M","B17010_005E","B17010_005M","B17010_006E","B17010_006M","B17010_007E","B17010_007M","B17010_008E","B17010_008M","B17010_009E","B17010_009M","B17010_010E","B17010_010M","B17010_011E","B17010_011M","B17010_012E","B17010_012M","B17010_013E","B17010_013M","B17010_014E","B17010_014M","B17010_015E","B17010_015M","B17010_016E","B17010_016M","B17010_017E","B17010_017M","B17010_018E","B17010_018M","B17010_019E","B17010_019M","B17010_020E","B17010_020M","B17010_021E","B17010_021M","B17010_022E","B17010_022M","B17010_023E","B17010_023M","B17010_024E","B17010_024M","B17010_025E","B17010_025M","B17010_026E","B17010_026M","B17010_027E","B17010_027M","B17010_028E","B17010_028M","B17010_029E","B17010_029M","B17010_030E","B17010_030M","B17010_031E","B17010_031M","B17010_032E","B17010_032M","B17010_033E","B17010_033M","B17010_034E","B17010_034M","B17010_035E","B17010_035M","B17010_036E","B17010_036M","B17010_037E","B17010_037M","B17010_038E","B17010_038M","B17010_039E","B17010_039M","B17010_040E","B17010_040M","B17010_041E","B17010_041M",
"Geography","Geographic Area Name","Estimate!!Total:","Margin of Error!!Total:","Estimate!!Total:!!Income in the past 12 months below poverty level:","Margin of Error!!Total:!!Income in the past 12 months below poverty level:","Estimate!!Total:!!Income in the past 12 months below poverty level:!!Married-couple family:","Margin of Error!!Total:!!Income in the past 12 months below poverty level:!!Married-couple family:","Estimate!!Total:!!Income in the past 12 months below poverty level:!!Married-couple family:!!With related children of the householder under 18 years:","Margin of Error!!Total:!!Income in the past 12 months below poverty level:!!Married-couple family:!!With related children of the householder under 18 years:","Estimate!!Total:!!Income in the past 12 months below poverty level:!!Married-couple family:!!With related children of the householder under 18 years:!!Under 5 years only","Margin of Error!!Total:!!Income in the past 12 months below poverty level:!!Married-couple family:!!With related children of the householder under 18 years:!!Under 5 years only","Estimate!!Total:!!Income in the past 12 months below poverty level:!!Married-couple family:!!With related children of the householder under 18 years:!!Under 5 years and 5 to 17 years","Margin of Error!!Total:!!Income in the past 12 months below poverty level:!!Married-couple family:!!With related children of the householder under 18 years:!!Under 5 years and 5 to 17 years","Estimate!!Total:!!Income in the past 12 months below poverty level:!!Married-couple family:!!With related children of the householder under 18 years:!!5 to 17 years only","Margin of Error!!Total:!!Income in the past 12 months below poverty level:!!Married-couple family:!!With related children of the householder under 18 years:!!5 to 17 years only","Estimate!!Total:!!Income in the past 12 months below poverty level:!!Married-couple family:!!No related children of the householder under 18 years","Margin of Error!!Total:!!Income in the past 12 months below poverty level:!!Married-couple family:!!No related children of the householder under 18 years","Estimate!!Total:!!Income in the past 12 months below poverty level:!!Other family:","Margin of Error!!Total:!!Income in the past 12 months below poverty level:!!Other family:","Estimate!!Total:!!Income in the past 12 months below poverty level:!!Other family:!!Male householder, no spouse present:","Margin of Error!!Total:!!Income in the past 12 months below poverty level:!!Other family:!!Male householder, no spouse present:","Estimate!!Total:!!Income in the past 12 months below poverty level:!!Other family:!!Male householder, no spouse present:!!With related children of the householder under 18 years:","Margin of Error!!Total:!!Income in the past 12 months below poverty level:!!Other family:!!Male householder, no spouse present:!!With related children of the householder under 18 years:","Estimate!!Total:!!Income in the past 12 months below poverty level:!!Other family:!!Male householder, no spouse present:!!With related children of the householder under 18 years:!!Under 5 years only","Margin of Error!!Total:!!Income in the past 12 months below poverty level:!!Other family:!!Male householder, no spouse present:!!With related children of the householder under 18 years:!!Under 5 years only","Estimate!!Total:!!Income in the past 12 months below poverty level:!!Other family:!!Male householder, no spouse present:!!With related children of the householder under 18 years:!!Under 5 years and 5 to 17 years","Margin of Error!!Total:!!Income in the past 12 months below poverty level:!!Other family:!!Male householder, no spouse present:!!With related children of the householder under 18 years:!!Under 5 years and 5 to 17 years","Estimate!!Total:!!Income in the past 12 months below poverty level:!!Other family:!!Male householder, no spouse present:!!With related children of the householder under 18 years:!!5 to 17 years only","Margin of Error!!Total:!!Income in the past 12 months below poverty level:!!Other family:!!Male householder, no spouse present:!!With related children of the householder under 18 years:!!5 to 17 years only","Estimate!!Total:!!Income in the past 12 months below poverty level:!!Other family:!!Male householder, no spouse present:!!No related children of the householder under 18 years","Margin of Error!!Total:!!Income in the past 12 months below poverty level:!!Other family:!!Male householder, no spouse present:!!No related children of the householder under 18 years","Estimate!!Total:!!Income in the past 12 months below poverty level:!!Other family:!!Female householder, no spouse present:","Margin of Error!!Total:!!Income in the past 12 months below poverty level:!!Other family:!!Female householder, no spouse present:","Estimate!!Total:!!Income in the past 12 months below poverty level:!!Other family:!!Female householder, no spouse present:!!With related children of the householder under 18 years:","Margin of Error!!Total:!!Income in the past 12 months below poverty level:!!Other family:!!Female householder, no spouse present:!!With related children of the householder under 18 years:","Estimate!!Total:!!Income in the past 12 months below poverty level:!!Other family:!!Female householder, no spouse present:!!With related children of the householder under 18 years:!!Under 5 years only","Margin of Error!!Total:!!Income in the past 12 months below poverty level:!!Other family:!!Female householder, no spouse present:!!With related children of the householder under 18 years:!!Under 5 years only","Estimate!!Total:!!Income in the past 12 months below poverty level:!!Other family:!!Female householder, no spouse present:!!With related children of the householder under 18 years:!!Under 5 years and 5 to 17 years","Margin of Error!!Total:!!Income in the past 12 months below poverty level:!!Other family:!!Female householder, no spouse present:!!With related children of the householder under 18 years:!!Under 5 years and 5 to 17 years","Estimate!!Total:!!Income in the past 12 months below poverty level:!!Other family:!!Female householder, no spouse present:!!With related children of the householder under 18 years:!!5 to 17 years only","Margin of Error!!Total:!!Income in the past 12 months below poverty level:!!Other family:!!Female householder, no spouse present:!!With related children of the householder under 18 years:!!5 to 17 years only","Estimate!!Total:!!Income in the past 12 months below poverty level:!!Other family:!!Female householder, no spouse present:!!No related children of the householder under 18 years","Margin of Error!!Total:!!Income in the past 12 months below poverty level:!!Other family:!!Female householder, no spouse present:!!No related children of the householder under 18 years","Estimate!!Total:!!Income in the past 12 months at or above poverty level:","Margin of Error!!Total:!!Income in the past 12 months at or above poverty level:","Estimate!!Total:!!Income in the past 12 months at or above poverty level:!!Married-couple family:","Margin of Error!!Total:!!Income in the past 12 months at or above poverty level:!!Married-couple family:","Estimate!!Total:!!Income in the past 12 months at or above poverty level:!!Married-couple family:!!With related children of the householder under 18 years:","Margin of Error!!Total:!!Income in the past 12 months at or above poverty level:!!Married-couple family:!!With related children of the householder under 18 years:","Estimate!!Total:!!Income in the past 12 months at or above poverty level:!!Married-couple family:!!With related children of the householder under 18 years:!!Under 5 years only","Margin of Error!!Total:!!Income in the past 12 months at or above poverty level:!!Married-couple family:!!With related children of the householder under 18 years:!!Under 5 years only","Estimate!!Total:!!Income in the past 12 months at or above poverty level:!!Married-couple family:!!With related children of the householder under 18 years:!!Under 5 years and 5 to 17 years","Margin of Error!!Total:!!Income in the past 12 months at or above poverty level:!!Married-couple family:!!With related children of the householder under 18 years:!!Under 5 years and 5 to 17 years","Estimate!!Total:!!Income in the past 12 months at or above poverty level:!!Married-couple family:!!With related children of the householder under 18 years:!!5 to 17 years only","Margin of Error!!Total:!!Income in the past 12 months at or above poverty level:!!Married-couple family:!!With related children of the householder under 18 years:!!5 to 17 years only","Estimate!!Total:!!Income in the past 12 months at or above poverty level:!!Married-couple family:!!No related children of the householder under 18 years","Margin of Error!!Total:!!Income in the past 12 months at or above poverty level:!!Married-couple family:!!No related children of the householder under 18 years","Estimate!!Total:!!Income in the past 12 months at or above poverty level:!!Other family:","Margin of Error!!Total:!!Income in the past 12 months at or above poverty level:!!Other family:","Estimate!!Total:!!Income in the past 12 months at or above poverty level:!!Other family:!!Male householder, no spouse present:","Margin of Error!!Total:!!Income in the past 12 months at or above poverty level:!!Other family:!!Male householder, no spouse present:","Estimate!!Total:!!Income in the past 12 months at or above poverty level:!!Other family:!!Male householder, no spouse present:!!With related children of the householder under 18 years:","Margin of Error!!Total:!!Income in the past 12 months at or above poverty level:!!Other family:!!Male householder, no spouse present:!!With related children of the householder under 18 years:","Estimate!!Total:!!Income in the past 12 months at or above poverty level:!!Other family:!!Male householder, no spouse present:!!With related children of the householder under 18 years:!!Under 5 years only","Margin of Error!!Total:!!Income in the past 12 months at or above poverty level:!!Other family:!!Male householder, no spouse present:!!With related children of the householder under 18 years:!!Under 5 years only","Estimate!!Total:!!Income in the past 12 months at or above poverty level:!!Other family:!!Male householder, no spouse present:!!With related children of the householder under 18 years:!!Under 5 years and 5 to 17 years","Margin of Error!!Total:!!Income in the past 12 months at or above poverty level:!!Other family:!!Male householder, no spouse present:!!With related children of the householder under 18 years:!!Under 5 years and 5 to 17 years","Estimate!!Total:!!Income in the past 12 months at or above poverty level:!!Other family:!!Male householder, no spouse present:!!With related children of the householder under 18 years:!!5 to 17 years only","Margin of Error!!Total:!!Income in the past 12 months at or above poverty level:!!Other family:!!Male householder, no spouse present:!!With related children of the householder under 18 years:!!5 to 17 years only","Estimate!!Total:!!Income in the past 12 months at or above poverty level:!!Other family:!!Male householder, no spouse present:!!No related children of the householder under 18 years","Margin of Error!!Total:!!Income in the past 12 months at or above poverty level:!!Other family:!!Male householder, no spouse present:!!No related children of the householder under 18 years","Estimate!!Total:!!Income in the past 12 months at or above poverty level:!!Other family:!!Female householder, no spouse present:","Margin of Error!!Total:!!Income in the past 12 months at or above poverty level:!!Other family:!!Female householder, no spouse present:","Estimate!!Total:!!Income in the past 12 months at or above poverty level:!!Other family:!!Female householder, no spouse present:!!With related children of the householder under 18 years:","Margin of Error!!Total:!!Income in the past 12 months at or above poverty level:!!Other family:!!Female householder, no spouse present:!!With related children of the householder under 18 years:","Estimate!!Total:!!Income in the past 12 months at or above poverty level:!!Other family:!!Female householder, no spouse present:!!With related children of the householder under 18 years:!!Under 5 years only","Margin of Error!!Total:!!Income in the past 12 months at or above poverty level:!!Other family:!!Female householder, no spouse present:!!With related children of the householder under 18 years:!!Under 5 years only","Estimate!!Total:!!Income in the past 12 months at or above poverty level:!!Other family:!!Female householder, no spouse present:!!With related children of the householder under 18 years:!!Under 5 years and 5 to 17 years","Margin of Error!!Total:!!Income in the past 12 months at or above poverty level:!!Other family:!!Female householder, no spouse present:!!With related children of the householder under 18 years:!!Under 5 years and 5 to 17 years","Estimate!!Total:!!Income in the past 12 months at or above poverty level:!!Other family:!!Female householder, no spouse present:!!With related children of the householder under 18 years:!!5 to 17 years only","Margin of Error!!Total:!!Income in the past 12 months at or above poverty level:!!Other family:!!Female householder, no spouse present:!!With related children of the householder under 18 years:!!5 to 17 years only","Estimate!!Total:!!Income in the past 12 months at or above poverty level:!!Other family:!!Female householder, no spouse present:!!No related children of the householder under 18 years","Margin of Error!!Total:!!Income in the past 12 months at or above poverty level:!!Other family:!!Female householder, no spouse present:!!No related children of the householder under 18 years",
"1500000US481130001001","Block Group 1; Census Tract 1; Dallas County; Texas","302","128","0","15","0","15","0","15","0","15","0","15","0","15","0","15","0","15","0","15","0","15","0","15","0","15","0","15","0","15","0","15","0","15","0","15","0","15","0","15","0","15","302","128","279","118","201","114","27","43","30","47","144","92","78","54","23","41","0","15","0","15","0","15","0","15","0","15","0","15","23","41","23","41","0","15","0","15","23","41","0","15",
"1500000US481130001002","Block Group 2; Census Tract 1; Dallas County; Texas","356","109","0","15","0","15","0","15","0","15","0","15","0","15","0","15","0","15","0","15","0","15","0","15","0","15","0","15","0","15","0","15","0","15","0","15","0","15","0","15","0","15","356","109","340","115","215","91","96","63","0","15","119","91","125","78","16","29","0","15","0","15","0","15","0","15","0","15","0","15","16","29","0","15","0","15","0","15","0","15","16","29",
"1500000US481130001003","Block Group 3; Census Tract 1; Dallas County; Texas","406","109","0","15","0","15","0","15","0","15","0","15","0","15","0","15","0","15","0","15","0","15","0","15","0","15","0","15","0","15","0","15","0","15","0","15","0","15","0","15","0","15","406","109","343","98","183","78","0","15","11","17","172","79","160","64","63","61","63","61","44","56","0","15","0","15","44","56","19","34","0","15","0","15","0","15","0","15","0","15","0","15",
"1500000US481130002011","Block Group 1; Census Tract 2.01; Dallas County; Texas","215","61","6","11","6","11","0","15","0","15","0","15","0","15","6","11","0","15","0","15","0","15","0","15","0","15","0","15","0","15","0","15","0","15","0","15","0","15","0","15","0","15","209","63","209","63","141","52","46","35","6","9","89","44","68","41","0","15","0","15","0","15","0","15","0","15","0","15","0","15","0","15","0","15","0","15","0","15","0","15","0","15",
"1500000US481130002012","Block Group 2; Census Tract 2.01; Dallas County; Texas","292","79","9","15","0","15","0","15","0","15","0","15","0","15","0","15","9","15","0","15","0","15","0","15","0","15","0","15","0","15","9","15","9","15","0","15","0","15","9","15","0","15","283","80","269","82","92","45","47","32","34","29","11","18","177","75","14","15","0","15","0","15","0","15","0","15","0","15","0","15","14","15","0","15","0","15","0","15","0","15","14","15",
"1500000US481130002013","Block Group 3; Census Tract 2.01; Dallas County; Texas","244","66","0","15","0","15","0","15","0","15","0","15","0","15","0","15","0","15","0","15","0","15","0","15","0","15","0","15","0","15","0","15","0","15","0","15","0","15","0","15","0","15","244","66","235","63","150","66","0","15","22","24","128","65","85","43","9","15","9","15","0","15","0","15","0","15","0","15","9","15","0","15","0","15","0","15","0","15","0","15","0","15",
"1500000US481130002021","Block Group 1; Census Tract 2.02; Dallas County; Texas","316","171","23","34","0","15","0","15","0","15","0","15","0","15","0","15","23","34","0","15","0","15","0","15","0","15","0","15","0","15","23","34","23","34","23","34","0","15","0","15","0","15","293","171","278","170","113","104","86","101","0","15","27","26","165","127","15","17","0","15","0","15","0","15","0","15","0","15","0","15","15","17","7","11","0","15","0","15","7","11","8","11",
"1500000US481130002022","Block Group 2; Census Tract 2.02; Dallas County; Texas","304","82","0","15","0","15","0","15","0","15","0","15","0","15","0","15","0","15","0","15","0","15","0","15","0","15","0","15","0","15","0","15","0","15","0","15","0","15","0","15","0","15","304","82","249","77","65","42","30","34","7","11","28","27","184","63","55","45","22","24","0","15","0","15","0","15","0","15","22","24","33","36","12","19","0","15","12","19","0","15","21","32",
"1500000US481130002023","Block Group 3; Census Tract 2.02; Dallas County; Texas","347","101","17","24","17","24","0","15","0","15","0","15","0","15","17","24","0","15","0","15","0","15","0","15","0","15","0","15","0","15","0","15","0","15","0","15","0","15","0","15","0","15","330","104","281","101","140","60","55","45","8","13","77","34","141","72","49","55","0","15","0","15","0","15","0","15","0","15","0","15","49","55","49","55","0","15","0","15","49","55","0","15",
"1500000US481130003001","Block Group 1; Census Tract 3; Dallas County; Texas","513","203","0","15","0","15","0","15","0","15","0","15","0","15","0","15","0","15","0","15","0","15","0","15","0","15","0","15","0","15","0","15","0","15","0","15","0","15","0","15","0","15","513","203","481","201","48","45","0","15","14","25","34","37","433","204","32","38","11","18","0","15","0","15","0","15","0","15","11","18","21","33","21","33","0","15","0","15","21","33","0","15",
"1500000US481130003002","Block Group 2; Census Tract 3; Dallas County; Texas","334","117","15","24","15","24","0","15","0","15","0","15","0","15","15","24","0","15","0","15","0","15","0","15","0","15","0","15","0","15","0","15","0","15","0","15","0","15","0","15","0","15","319","116","319","116","97","74","63","54","34","42","0","15","222","90","0","15","0","15","0","15","0","15","0","15","0","15","0","15","0","15","0","15","0","15","0","15","0","15","0","15",
"1500000US481130003003","Block Group 3; Census Tract 3; Dallas County; Texas","87","72","0","15","0","15","0","15","0","15","0","15","0","15","0","15","0","15","0","15","0","15","0","15","0","15","0","15","0","15","0","15","0","15","0","15","0","15","0","15","0","15","87","72","87","72","45","45","45","45","0","15","0","15","42","55","0","15","0","15","0","15","0","15","0","15","0","15","0","15","0","15","0","15","0","15","0","15","0","15","0","15",
"1500000US481130003004","Block Group 4; Census Tract 3; Dallas County; Texas","152","181","0","15","0","15","0","15","0","15","0","15","0","15","0","15","0","15","0","15","0","15","0","15","0","15","0","15","0","15","0","15","0","15","0","15","0","15","0","15","0","15","152","181","152","181","117","174","0","15","100","171","17","28","35","36","0","15","0","15","0","15","0","15","0","15","0","15","0","15","0","15","0","15","0","15","0","15","0","15","0","15",
"1500000US481130004011","Block Group 1; Census Tract 4.01; Dallas County; Texas","213","144","16","25","0","15","0","15","0","15","0","15","0","15","0","15","16","25","0","15","0","15","0","15","0","15","0","15","0","15","16","25","16","25","0","15","0","15","16","25","0","15","197","141","21","37","21","37","0","15","0","15","21","37","0","15","176","139","106","100","49","71","0","15","49","71","0","15","57","78","70","103","0","15","0","15","0","15","0","15","70","103",
"1500000US481130004012","Block Group 2; Census Tract 4.01; Dallas County; Texas","207","79","0","15","0","15","0","15","0","15","0","15","0","15","0","15","0","15","0","15","0","15","0","15","0","15","0","15","0","15","0","15","0","15","0","15","0","15","0","15","0","15","207","79","175","81","37","49","0","15","0","15","37","49","138","62","32","31","32","31","15","25","0","15","0","15","15","25","17","21","0","15","0","15","0","15","0","15","0","15","0","15",
"1500000US481130004013","Block Group 3; Census Tract 4.01; Dallas County; Texas","0","15","0","15","0","15","0","15","0","15","0","15","0","15","0","15","0","15","0","15","0","15","0","15","0","15","0","15","0","15","0","15","0","15","0","15","0","15","0","15","0","15","0","15","0","15","0","15","0","15","0","15","0","15","0","15","0","15","0","15","0","15","0","15","0","15","0","15","0","15","0","15","0","15","0","15","0","15","0","15","0","15",
"1500000US481130004014","Block Group 4; Census Tract 4.01; Dallas County; Texas","369","167","0","15","0","15","0","15","0","15","0","15","0","15","0","15","0","15","0","15","0","15","0","15","0","15","0","15","0","15","0","15","0","15","0","15","0","15","0","15","0","15","369","167","285","155","85","55","49","59","0","15","36","50","200","147","84","81","6","13","0","15","0","15","0","15","0","15","6","13","78","80","57","81","0","15","0","15","57","81","21","33",
"1500000US481130004051","Block Group 1; Census Tract 4.05; Dallas County; Texas","175","107","0","15","0","15","0","15","0","15","0","15","0","15","0","15","0","15","0","15","0","15","0","15","0","15","0","15","0","15","0","15","0","15","0","15","0","15","0","15","0","15","175","107","94","69","0","15","0","15","0","15","0","15","94","69","81","85","40","60","0","15","0","15","0","15","0","15","40","60","41","62","41","62","0","15","41","62","0","15","0","15",
"1500000US481130004052","Block Group 2; Census Tract 4.05; Dallas County; Texas","63","43","0","15","0","15","0","15","0","15","0","15","0","15","0","15","0","15","0","15","0","15","0","15","0","15","0","15","0","15","0","15","0","15","0","15","0","15","0","15","0","15","63","43","32","33","21","27","0","15","0","15","21","27","11","16","31","32","14","21","0","15","0","15","0","15","0","15","14","21","17","22","12","20","0","15","0","15","12","20","5","9",
"1500000US481130004071","Block Group 1; Census Tract 4.07; Dallas County; Texas","318","137","30","79","30","79","30","79","0","15","0","15","30","79","0","15","0","15","0","15","0","15","0","15","0","15","0","15","0","15","0","15","0","15","0","15","0","15","0","15","0","15","288","164","217","163","205","165","0","15","59","86","146","141","12","20","71","82","0","15","0","15","0","15","0","15","0","15","0","15","71","82","28","51","0","15","0","15","28","51","43","68",
"1500000US481130004072","Block Group 2; Census Tract 4.07; Dallas County; Texas","169","110","0","15","0","15","0","15","0","15","0","15","0","15","0","15","0","15","0","15","0","15","0","15","0","15","0","15","0","15","0","15","0","15","0","15","0","15","0","15","0","15","169","110","150","104","54","87","54","87","0","15","0","15","96","61","19","34","0","15","0","15","0","15","0","15","0","15","0","15","19","34","0","15","0","15","0","15","0","15","19","34",
"1500000US481130004081","Block Group 1; Census Tract 4.08; Dallas County; Texas","154","88","5","8","5","8","0","15","0","15","0","15","0","15","5","8","0","15","0","15","0","15","0","15","0","15","0","15","0","15","0","15","0","15","0","15","0","15","0","15","0","15","149","88","91","74","32","52","0","15","32","52","0","15","59","55","58","62","0","15","0","15","0","15","0","15","0","15","0","15","58","62","58","62","58","62","0","15","0","15","0","15",
"1500000US481130004082","Block Group 2; Census Tract 4.08; Dallas County; Texas","186","111","9","15","0","15","0","15","0","15","0","15","0","15","0","15","9","15","0","15","0","15","0","15","0","15","0","15","0","15","9","15","0","15","0","15","0","15","0","15","9","15","177","110","124","96","72","81","0","15","0","15","72","81","52","51","53","57","19","31","0","15","0","15","0","15","0","15","19","31","34","50","0","15","0","15","0","15","0","15","34","50",
"1500000US481130004091","Block Group 1; Census Tract 4.09; Dallas County; Texas","0","15","0","15","0","15","0","15","0","15","0","15","0","15","0","15","0","15","0","15","0","15","0","15","0","15","0","15","0","15","0","15","0","15","0","15","0","15","0","15","0","15","0","15","0","15","0","15","0","15","0","15","0","15","0","15","0","15","0","15","0","15","0","15","0","15","0","15","0","15","0","15","0","15","0","15","0","15","0","15","0","15",
"1500000US481130004092","Block Group 2; Census Tract 4.09; Dallas County; Texas","407","198","0","15","0","15","0","15","0","15","0","15","0","15","0","15","0","15","0","15","0","15","0","15","0","15","0","15","0","15","0","15","0","15","0","15","0","15","0","15","0","15","407","198","388","198","75","91","75","91","0","15","0","15","313","194","19","35","19","35","0","15","0","15","0","15","0","15","19","35","0","15","0","15","0","15","0","15","0","15","0","15",
"1500000US481130004101","Block Group 1; Census Tract 4.10; Dallas County; Texas","308","134","135","105","69","111","0","15","0","15","0","15","0","15","69","111","66","75","0","15","0","15","0","15","0","15","0","15","0","15","66","75","41","63","0","15","0","15","41","63","25","42","173","81","126","80","126","80","0","15","45","76","81","86","0","15","47","49","22","35","0","15","0","15","0","15","0","15","22","35","25","37","0","15","0","15","0","15","0","15","25","37",
"1500000US481130004102","Block Group 2; Census Tract 4.10; Dallas County; Texas","441","221","60","81","0","15","0","15","0","15","0","15","0","15","0","15","60","81","0","15","0","15","0","15","0","15","0","15","0","15","60","81","60","81","0","15","60","81","0","15","0","15","381","204","260","189","78","84","0","15","22","36","56","81","182","175","121","84","0","15","0","15","0","15","0","15","0","15","0","15","121","84","89","57","0","15","0","15","89","57","32","52",
"1500000US481130004103","Block Group 3; Census Tract 4.10; Dallas County; Texas","436","235","205","219","162","198","0","15","0","15","0","15","0","15","162","198","43","85","0","15","0","15","0","15","0","15","0","15","0","15","43","85","43","85","0","15","0","15","43","85","0","15","231","121","114","93","0","15","0","15","0","15","0","15","114","93","117","116","11","22","0","15","0","15","0","15","0","15","11","22","106","113","0","15","0","15","0","15","0","15","106","113",
"1500000US481130005011","Block Group 1; Census Tract 5.01; Dallas County; Texas","58","23","0","15","0","15","0","15","0","15","0","15","0","15","0","15","0","15","0","15","0","15","0","15","0","15","0","15","0","15","0","15","0","15","0","15","0","15","0","15","0","15","58","23","14","23","0","15","0","15","0","15","0","15","14","23","44","3","0","15","0","15","0","15","0","15","0","15","0","15","44","3","44","3","0","15","0","15","44","3","0","15",
"1500000US481130005012","Block Group 2; Census Tract 5.01; Dallas County; Texas","134","83","10","18","10","18","0","15","0","15","0","15","0","15","10","18","0","15","0","15","0","15","0","15","0","15","0","15","0","15","0","15","0","15","0","15","0","15","0","15","0","15","124","79","124","79","0","15","0","15","0","15","0","15","124","79","0","15","0","15","0","15","0","15","0","15","0","15","0","15","0","15","0","15","0","15","0","15","0","15","0","15",
"1500000US481130005021","Block Group 1; Census Tract 5.02; Dallas County; Texas","179","98","0","15","0","15","0","15","0","15","0","15","0","15","0","15","0","15","0","15","0","15","0","15","0","15","0","15","0","15","0","15","0","15","0","15","0","15","0","15","0","15","179","98","143","69","0","15","0","15","0","15","0","15","143","69","36","48","0","15","0","15","0","15","0","15","0","15","0","15","36","48","0","15","0","15","0","15","0","15","36","48",
"1500000US481130005022","Block Group 2; Census Tract 5.02; Dallas County; Texas","261","190","0","15","0","15","0","15","0","15","0","15","0","15","0","15","0","15","0","15","0","15","0","15","0","15","0","15","0","15","0","15","0","15","0","15","0","15","0","15","0","15","261","190","137","81","13","10","13","10","0","15","0","15","124","82","124","163","124","163","0","15","0","15","0","15","0","15","124","163","0","15","0","15","0","15","0","15","0","15","0","15",
"1500000US481130005031","Block Group 1; Census Tract 5.03; Dallas County; Texas","138","60","0","15","0","15","0","15","0","15","0","15","0","15","0","15","0","15","0","15","0","15","0","15","0","15","0","15","0","15","0","15","0","15","0","15","0","15","0","15","0","15","138","60","57","58","0","15","0","15","0","15","0","15","57","58","81","18","23","2","0","15","0","15","0","15","0","15","23","2","58","18","51","3","0","15","0","15","51","3","7","18",
"1500000US481130005032","Block Group 2; Census Tract 5.03; Dallas County; Texas","225","117","0","15","0","15","0","15","0","15","0","15","0","15","0","15","0","15","0","15","0","15","0","15","0","15","0","15","0","15","0","15","0","15","0","15","0","15","0","15","0","15","225","117","213","115","21","32","0","15","0","15","21","32","192","114","12","18","12","18","0","15","0","15","0","15","0","15","12","18","0","15","0","15","0","15","0","15","0","15","0","15",
"1500000US481130006051","Block Group 1; Census Tract 6.05; Dallas County; Texas","168","105","0","15","0","15","0","15","0","15","0","15","0","15","0","15","0","15","0","15","0","15","0","15","0","15","0","15","0","15","0","15","0","15","0","15","0","15","0","15","0","15","168","105","105","77","0","15","0","15","0","15","0","15","105","77","63","64","0","15","0","15","0","15","0","15","0","15","0","15","63","64","42","60","0","15","42","60","0","15","21","33",
"1500000US481130006052","Block Group 2; Census Tract 6.05; Dallas County; Texas","127","86","0","15","0","15","0","15","0","15","0","15","0","15","0","15","0","15","0","15","0","15","0","15","0","15","0","15","0","15","0","15","0","15","0","15","0","15","0","15","0","15","127","86","127","86","0","15","0","15","0","15","0","15","127","86","0","15","0","15","0","15","0","15","0","15","0","15","0","15","0","15","0","15","0","15","0","15","0","15","0","15",
"1500000US481130006053","Block Group 3; Census Tract 6.05; Dallas County; Texas","63","41","0","15","0","15","0","15","0","15","0","15","0","15","0","15","0","15","0","15","0","15","0","15","0","15","0","15","0","15","0","15","0","15","0","15","0","15","0","15","0","15","63","41","48","35","0","15","0","15","0","15","0","15","48","35","15","22","15","22","0","15","0","15","0","15","0","15","15","22","0","15","0","15","0","15","0","15","0","15","0","15",
"1500000US481130006061","Block Group 1; Census Tract 6.06; Dallas County; Texas","303","104","22","31","22","31","0","15","0","15","0","15","0","15","22","31","0","15","0","15","0","15","0","15","0","15","0","15","0","15","0","15","0","15","0","15","0","15","0","15","0","15","281","98","230","92","31","40","25","39","0","15","6","11","199","89","51","56","21","33","0","15","0","15","0","15","0","15","21","33","30","47","30","47","0","15","0","15","30","47","0","15",
"1500000US481130006062","Block Group 2; Census Tract 6.06; Dallas County; Texas","97","67","0","15","0","15","0","15","0","15","0","15","0","15","0","15","0","15","0","15","0","15","0","15","0","15","0","15","0","15","0","15","0","15","0","15","0","15","0","15","0","15","97","67","97","67","18","29","0","15","0","15","18","29","79","59","0","15","0","15","0","15","0","15","0","15","0","15","0","15","0","15","0","15","0","15","0","15","0","15","0","15",
"1500000US481130006063","Block Group 3; Census Tract 6.06; Dallas County; Texas","200","85","0","15","0","15","0","15","0","15","0","15","0","15","0","15","0","15","0","15","0","15","0","15","0","15","0","15","0","15","0","15","0","15","0","15","0","15","0","15","0","15","200","85","200","85","21","35","1","12","20","32","0","15","179","80","0","15","0","15","0","15","0","15","0","15","0","15","0","15","0","15","0","15","0","15","0","15","0","15","0","15",
"1500000US481130006071","Block Group 1; Census Tract 6.07; Dallas County; Texas","122","88","0","15","0","15","0","15","0","15","0","15","0","15","0","15","0","15","0","15","0","15","0","15","0","15","0","15","0","15","0","15","0","15","0","15","0","15","0","15","0","15","122","88","106","84","9","21","0","15","0","15","9","21","97","82","16","18","0","15","0","15","0","15","0","15","0","15","0","15","16","18","7","10","0","15","0","15","7","10","9","15",
"1500000US481130006072","Block Group 2; Census Tract 6.07; Dallas County; Texas","268","87","7","12","7","12","0","15","0","15","0","15","0","15","7","12","0","15","0","15","0","15","0","15","0","15","0","15","0","15","0","15","0","15","0","15","0","15","0","15","0","15","261","85","261","85","19","25","7","11","0","15","12","23","242","86","0","15","0","15","0","15","0","15","0","15","0","15","0","15","0","15","0","15","0","15","0","15","0","15","0","15",
"1500000US481130006081","Block Group 1; Census Tract 6.08; Dallas County; Texas","139","70","0","15","0","15","0","15","0","15","0","15","0","15","0","15","0","15","0","15","0","15","0","15","0","15","0","15","0","15","0","15","0","15","0","15","0","15","0","15","0","15","139","70","123","69","1","9","0","15","0","15","1","9","122","69","16","26","0","15","0","15","0","15","0","15","0","15","0","15","16","26","16","26","0","15","16","26","0","15","0","15",
"1500000US481130006082","Block Group 2; Census Tract 6.08; Dallas County; Texas","327","126","0","15","0","15","0","15","0","15","0","15","0","15","0","15","0","15","0","15","0","15","0","15","0","15","0","15","0","15","0","15","0","15","0","15","0","15","0","15","0","15","327","126","180","105","35","37","17","27","0","15","18","27","145","95","147","109","39","54","39","54","0","15","0","15","39","54","0","15","108","96","54","57","0","15","0","15","54","57","54","77",
"1500000US481130006091","Block Group 1; Census Tract 6.09; Dallas County; Texas","251","101","0","15","0","15","0","15","0","15","0","15","0","15","0","15","0","15","0","15","0","15","0","15","0","15","0","15","0","15","0","15","0","15","0","15","0","15","0","15","0","15","251","101","123","56","18","32","18","32","0","15","0","15","105","41","128","81","27","31","27","31","0","15","0","15","27","31","0","15","101","72","56","60","11","17","0","15","45","57","45","42",
"1500000US481130006101","Block Group 1; Census Tract 6.10; Dallas County; Texas","313","254","56","80","56","80","0","15","0","15","0","15","0","15","56","80","0","15","0","15","0","15","0","15","0","15","0","15","0","15","0","15","0","15","0","15","0","15","0","15","0","15","257","239","48","47","0","15","0","15","0","15","0","15","48","47","209","235","0","15","0","15","0","15","0","15","0","15","0","15","209","235","51","54","0","15","0","15","51","54","158","247",
"1500000US481130006102","Block Group 2; Census Tract 6.10; Dallas County; Texas","254","190","79","132","79","132","79","132","0","15","0","15","79","132","0","15","0","15","0","15","0","15","0","15","0","15","0","15","0","15","0","15","0","15","0","15","0","15","0","15","0","15","175","105","113","86","74","67","61","73","0","15","13","23","39","46","62","66","39","44","0","15","0","15","0","15","0","15","39","44","23","35","0","15","0","15","0","15","0","15","23","35",
"1500000US481130006111","Block Group 1; Census Tract 6.11; Dallas County; Texas","192","57","0","15","0","15","0","15","0","15","0","15","0","15","0","15","0","15","0","15","0","15","0","15","0","15","0","15","0","15","0","15","0","15","0","15","0","15","0","15","0","15","192","57","184","54","184","54","124","80","0","15","60","57","0","15","8","15","8","15","0","15","0","15","0","15","0","15","8","15","0","15","0","15","0","15","0","15","0","15","0","15",
"1500000US481130006112","Block Group 2; Census Tract 6.11; Dallas County; Texas","155","98","44","68","0","15","0","15","0","15","0","15","0","15","0","15","44","68","0","15","0","15","0","15","0","15","0","15","0","15","44","68","0","15","0","15","0","15","0","15","44","68","111","75","94","72","14","22","0","15","0","15","14","22","80","67","17","28","17","28","0","15","0","15","0","15","0","15","17","28","0","15","0","15","0","15","0","15","0","15","0","15",
"1500000US481130007031","Block Group 1; Census Tract 7.03; Dallas County; Texas","320","107","0","15","0","15","0","15","0","15","0","15","0","15","0","15","0","15","0","15","0","15","0","15","0","15","0","15","0","15","0","15","0","15","0","15","0","15","0","15","0","15","320","107","217","104","20","37","20","37","0","15","0","15","197","99","103","49","0","15","0","15","0","15","0","15","0","15","0","15","103","49","77","6","0","15","0","15","77","6","26","48",
"1500000US481130007032","Block Group 2; Census Tract 7.03; Dallas County; Texas","169","112","0","15","0","15","0","15","0","15","0","15","0","15","0","15","0","15","0","15","0","15","0","15","0","15","0","15","0","15","0","15","0","15","0","15","0","15","0","15","0","15","169","112","169","112","30","44","30","44","0","15","0","15","139","102","0","15","0","15","0","15","0","15","0","15","0","15","0","15","0","15","0","15","0","15","0","15","0","15","0","15",
"1500000US481130007041","Block Group 1; Census Tract 7.04; Dallas County; Texas","367","196","0","15","0","15","0","15","0","15","0","15","0","15","0","15","0","15","0","15","0","15","0","15","0","15","0","15","0","15","0","15","0","15","0","15","0","15","0","15","0","15","367","196","367","196","0","15","0","15","0","15","0","15","367","196","0","15","0","15","0","15","0","15","0","15","0","15","0","15","0","15","0","15","0","15","0","15","0","15","0","15",
"1500000US481130007042","Block Group 2; Census Tract 7.04; Dallas County; Texas","37","46","0","15","0","15","0","15","0","15","0","15","0","15","0","15","0","15","0","15","0","15","0","15","0","15","0","15","0","15","0","15","0","15","0","15","0","15","0","15","0","15","37","46","37","46","20","32","20","32","0","15","0","15","17","29","0","15","0","15","0","15","0","15","0","15","0","15","0","15","0","15","0","15","0","15","0","15","0","15","0","15",
"1500000US481130007051","Block Group 1; Census Tract 7.05; Dallas County; Texas","283","237","0","15","0","15","0","15","0","15","0","15","0","15","0","15","0","15","0","15","0","15","0","15","0","15","0","15","0","15","0","15","0","15","0","15","0","15","0","15","0","15","283","237","283","237","5","11","5","11","0","15","0","15","278","238","0","15","0","15","0","15","0","15","0","15","0","15","0","15","0","15","0","15","0","15","0","15","0","15","0","15",
"1500000US481130007052","Block Group 2; Census Tract 7.05; Dallas County; Texas","313","168","0","15","0","15","0","15","0","15","0","15","0","15","0","15","0","15","0","15","0","15","0","15","0","15","0","15","0","15","0","15","0","15","0","15","0","15","0","15","0","15","313","168","313","168","85","66","85","66","0","15","0","15","228","159","0","15","0","15","0","15","0","15","0","15","0","15","0","15","0","15","0","15","0","15","0","15","0","15","0","15",
"1500000US481130007061","Block Group 1; Census Tract 7.06; Dallas County; Texas","130","82","0","15","0","15","0","15","0","15","0","15","0","15","0","15","0","15","0","15","0","15","0","15","0","15","0","15","0","15","0","15","0","15","0","15","0","15","0","15","0","15","130","82","113","79","0","15","0","15","0","15","0","15","113","79","17","30","0","15","0","15","0","15","0","15","0","15","0","15","17","30","0","15","0","15","0","15","0","15","17","30",
"1500000US481130007062","Block Group 2; Census Tract 7.06; Dallas County; Texas","159","59","0","15","0","15","0","15","0","15","0","15","0","15","0","15","0","15","0","15","0","15","0","15","0","15","0","15","0","15","0","15","0","15","0","15","0","15","0","15","0","15","159","59","159","59","14","2","0","15","14","2","0","15","145","59","0","15","0","15","0","15","0","15","0","15","0","15","0","15","0","15","0","15","0","15","0","15","0","15","0","15",
"1500000US481130008011","Block Group 1; Census Tract 8.01; Dallas County; Texas","313","162","40","67","0","15","0","15","0","15","0","15","0","15","0","15","40","67","0","15","0","15","0","15","0","15","0","15","0","15","40","67","40","67","0","15","40","67","0","15","0","15","273","154","202","136","126","116","100","111","0","15","26","41","76","60","71","95","0","15","0","15","0","15","0","15","0","15","0","15","71","95","0","15","0","15","0","15","0","15","71","95",
"1500000US481130008012","Block Group 2; Census Tract 8.01; Dallas County; Texas","157","82","0","15","0","15","0","15","0","15","0","15","0","15","0","15","0","15","0","15","0","15","0","15","0","15","0","15","0","15","0","15","0","15","0","15","0","15","0","15","0","15","157","82","144","76","26","29","13","21","0","15","13","22","118","76","13","24","0","15","0","15","0","15","0","15","0","15","0","15","13","24","0","15","0","15","0","15","0","15","13","24",
"1500000US481130008013","Block Group 3; Census Tract 8.01; Dallas County; Texas","280","201","67","67","34","45","34","45","0","15","0","15","34","45","0","15","33","50","0","15","0","15","0","15","0","15","0","15","0","15","33","50","33","50","0","15","0","15","33","50","0","15","213","192","110","90","64","60","11","17","0","15","53","62","46","64","103","178","0","15","0","15","0","15","0","15","0","15","0","15","103","178","103","178","0","15","0","15","103","178","0","15",
"1500000US481130008021","Block Group 1; Census Tract 8.02; Dallas County; Texas","138","112","0","15","0","15","0","15","0","15","0","15","0","15","0","15","0","15","0","15","0","15","0","15","0","15","0","15","0","15","0","15","0","15","0","15","0","15","0","15","0","15","138","112","102","87","23","37","23","37","0","15","0","15","79","76","36","70","0","15","0","15","0","15","0","15","0","15","0","15","36","70","36","70","36","70","0","15","0","15","0","15",
"1500000US481130008022","Block Group 2; Census Tract 8.02; Dallas County; Texas","435","212","33","39","13","22","0","15","0","15","0","15","0","15","13","22","20","32","0","15","0","15","0","15","0","15","0","15","0","15","20","32","0","15","0","15","0","15","0","15","20","32","402","214","138","151","84","143","0","15","0","15","84","143","54","55","264","159","0","15","0","15","0","15","0","15","0","15","0","15","264","159","0","15","0","15","0","15","0","15","264","159",
"1500000US481130009011","Block Group 1; Census Tract 9.01; Dallas County; Texas","41","33","0","15","0","15","0","15","0","15","0","15","0","15","0","15","0","15","0","15","0","15","0","15","0","15","0","15","0","15","0","15","0","15","0","15","0","15","0","15","0","15","41","33","41","33","7","12","7","12","0","15","0","15","34","31","0","15","0","15","0","15","0","15","0","15","0","15","0","15","0","15","0","15","0","15","0","15","0","15","0","15",
"1500000US481130009012","Block Group 2; Census Tract 9.01; Dallas County; Texas","198","87","0","15","0","15","0","15","0","15","0","15","0","15","0","15","0","15","0","15","0","15","0","15","0","15","0","15","0","15","0","15","0","15","0","15","0","15","0","15","0","15","198","87","198","87","49","23","13","20","0","15","36","9","149","79","0","15","0","15","0","15","0","15","0","15","0","15","0","15","0","15","0","15","0","15","0","15","0","15","0","15",
"1500000US481130009021","Block Group 1; Census Tract 9.02; Dallas County; Texas","127","87","53","74","5","12","0","15","0","15","0","15","0","15","5","12","48","72","0","15","0","15","0","15","0","15","0","15","0","15","48","72","48","72","0","15","0","15","48","72","0","15","74","44","74","44","41","25","0","15","41","25","0","15","33","34","0","15","0","15","0","15","0","15","0","15","0","15","0","15","0","15","0","15","0","15","0","15","0","15","0","15",
"1500000US481130009022","Block Group 2; Census Tract 9.02; Dallas County; Texas","73","63","29","48","0","15","0","15","0","15","0","15","0","15","0","15","29","48","0","15","0","15","0","15","0","15","0","15","0","15","29","48","29","48","29","48","0","15","0","15","0","15","44","38","44","38","0","15","0","15","0","15","0","15","44","38","0","15","0","15","0","15","0","15","0","15","0","15","0","15","0","15","0","15","0","15","0","15","0","15","0","15",
"1500000US481130009023","Block Group 3; Census Tract 9.02; Dallas County; Texas","119","86","0","15","0","15","0","15","0","15","0","15","0","15","0","15","0","15","0","15","0","15","0","15","0","15","0","15","0","15","0","15","0","15","0","15","0","15","0","15","0","15","119","86","119","86","47","61","12","19","35","58","0","15","72","57","0","15","0","15","0","15","0","15","0","15","0","15","0","15","0","15","0","15","0","15","0","15","0","15","0","15",
"1500000US481130010011","Block Group 1; Census Tract 10.01; Dallas County; Texas","190","57","0","15","0","15","0","15","0","15","0","15","0","15","0","15","0","15","0","15","0","15","0","15","0","15","0","15","0","15","0","15","0","15","0","15","0","15","0","15","0","15","190","57","173","53","64","41","64","41","0","15","0","15","109","45","17","22","17","22","0","15","0","15","0","15","0","15","17","22","0","15","0","15","0","15","0","15","0","15","0","15",
"1500000US481130010012","Block Group 2; Census Tract 10.01; Dallas County; Texas","162","70","0","15","0","15","0","15","0","15","0","15","0","15","0","15","0","15","0","15","0","15","0","15","0","15","0","15","0","15","0","15","0","15","0","15","0","15","0","15","0","15","162","70","157","68","67","57","63","56","0","15","4","7","90","54","5","9","0","15","0","15","0","15","0","15","0","15","0","15","5","9","0","15","0","15","0","15","0","15","5","9",
"1500000US481130010021","Block Group 1; Census Tract 10.02; Dallas County; Texas","184","57","0","15","0","15","0","15","0","15","0","15","0","15","0","15","0","15","0","15","0","15","0","15","0","15","0","15","0","15","0","15","0","15","0","15","0","15","0","15","0","15","184","57","166","54","110","32","6","12","6","11","98","34","56","42","18","27","18","27","0","15","0","15","0","15","0","15","18","27","0","15","0","15","0","15","0","15","0","15","0","15",
"1500000US481130010022","Block Group 2; Census Tract 10.02; Dallas County; Texas","253","120","0","15","0","15","0","15","0","15","0","15","0","15","0","15","0","15","0","15","0","15","0","15","0","15","0","15","0","15","0","15","0","15","0","15","0","15","0","15","0","15","253","120","226","119","104","110","89","107","0","15","15","28","122","83","27","30","2","7","0","15","0","15","0","15","0","15","2","7","25","29","6","11","0","15","0","15","6","11","19","26",
"1500000US481130011011","Block Group 1; Census Tract 11.01; Dallas County; Texas","370","269","24","40","0","15","0","15","0","15","0","15","0","15","0","15","24","40","0","15","0","15","0","15","0","15","0","15","0","15","24","40","0","15","0","15","0","15","0","15","24","40","346","258","346","258","0","15","0","15","0","15","0","15","346","258","0","15","0","15","0","15","0","15","0","15","0","15","0","15","0","15","0","15","0","15","0","15","0","15","0","15",
"1500000US481130011012","Block Group 2; Census Tract 11.01; Dallas County; Texas","295","100","0","15","0","15","0","15","0","15","0","15","0","15","0","15","0","15","0","15","0","15","0","15","0","15","0","15","0","15","0","15","0","15","0","15","0","15","0","15","0","15","295","100","224","97","127","81","112","79","0","15","15","24","97","71","71","64","0","15","0","15","0","15","0","15","0","15","0","15","71","64","47","56","0","15","0","15","47","56","24","28",
"1500000US481130011013","Block Group 3; Census Tract 11.01; Dallas County; Texas","279","128","0","15","0","15","0","15","0","15","0","15","0","15","0","15","0","15","0","15","0","15","0","15","0","15","0","15","0","15","0","15","0","15","0","15","0","15","0","15","0","15","279","128","205","117","45","42","15","27","17","28","13","23","160","122","74","70","25","39","25","39","25","39","0","15","0","15","0","15","49","57","49","57","0","15","0","15","49","57","0","15",
"1500000US481130011014","Block Group 4; Census Tract 11.01; Dallas County; Texas","20","34","0","15","0","15","0","15","0","15","0","15","0","15","0","15","0","15","0","15","0","15","0","15","0","15","0","15","0","15","0","15","0","15","0","15","0","15","0","15","0","15","20","34","20","34","0","15","0","15","0","15","0","15","20","34","0","15","0","15","0","15","0","15","0","15","0","15","0","15","0","15","0","15","0","15","0","15","0","15","0","15",
"1500000US481130011021","Block Group 1; Census Tract 11.02; Dallas County; Texas","122","55","0","15","0","15","0","15","0","15","0","15","0","15","0","15","0","15","0","15","0","15","0","15","0","15","0","15","0","15","0","15","0","15","0","15","0","15","0","15","0","15","122","55","122","55","14","17","14","17","0","15","0","15","108","52","0","15","0","15","0","15","0","15","0","15","0","15","0","15","0","15","0","15","0","15","0","15","0","15","0","15",
"1500000US481130011022","Block Group 2; Census Tract 11.02; Dallas County; Texas","500","203","10","17","10","17","10","17","0","15","0","15","10","17","0","15","0","15","0","15","0","15","0","15","0","15","0","15","0","15","0","15","0","15","0","15","0","15","0","15","0","15","490","204","451","199","178","35","51","39","38","39","89","46","273","190","39","36","13","20","13","20","0","15","0","15","13","20","0","15","26","29","12","20","0","15","0","15","12","20","14","24",
"1500000US481130012021","Block Group 1; Census Tract 12.02; Dallas County; Texas","232","189","0","15","0","15","0","15","0","15","0","15","0","15","0","15","0","15","0","15","0","15","0","15","0","15","0","15","0","15","0","15","0","15","0","15","0","15","0","15","0","15","232","189","113","123","0","15","0","15","0","15","0","15","113","123","119","138","77","122","0","15","0","15","0","15","0","15","77","122","42","70","0","15","0","15","0","15","0","15","42","70",
"1500000US481130012022","Block Group 2; Census Tract 12.02; Dallas County; Texas","219","150","0","15","0","15","0","15","0","15","0","15","0","15","0","15","0","15","0","15","0","15","0","15","0","15","0","15","0","15","0","15","0","15","0","15","0","15","0","15","0","15","219","150","163","140","52","86","0","15","0","15","52","86","111","98","56","54","38","43","19","29","19","29","0","15","0","15","19","33","18","33","0","15","0","15","0","15","0","15","18","33",
"1500000US481130012023","Block Group 3; Census Tract 12.02; Dallas County; Texas","404","120","0","15","0","15","0","15","0","15","0","15","0","15","0","15","0","15","0","15","0","15","0","15","0","15","0","15","0","15","0","15","0","15","0","15","0","15","0","15","0","15","404","120","285","103","113","54","69","56","31","36","13","32","172","103","119","114","42","77","0","15","0","15","0","15","0","15","42","77","77","69","37","44","0","15","0","15","37","44","40","53",
"1500000US481130012031","Block Group 1; Census Tract 12.03; Dallas County; Texas","327","60","55","34","50","33","32","19","0","15","0","15","32","19","18","28","5","7","0","15","0","15","0","15","0","15","0","15","0","15","5","7","0","15","0","15","0","15","0","15","5","7","272","65","221","62","113","50","12","13","27","17","74","43","108","46","51","35","11","14","8","13","0","15","0","15","8","13","3","4","40","35","23","23","13","20","0","15","10","11","17","28",
"1500000US481130012041","Block Group 1; Census Tract 12.04; Dallas County; Texas","424","74","0","15","0","15","0","15","0","15","0","15","0","15","0","15","0","15","0","15","0","15","0","15","0","15","0","15","0","15","0","15","0","15","0","15","0","15","0","15","0","15","424","74","268","88","159","65","7","15","6","9","146","63","109","62","156","71","60","45","18","27","0","15","0","15","18","27","42","37","96","55","85","59","21","34","8","12","56","48","11","15",
"1500000US481130013011","Block Group 1; Census Tract 13.01; Dallas County; Texas","95","119","0","15","0","15","0","15","0","15","0","15","0","15","0","15","0","15","0","15","0","15","0","15","0","15","0","15","0","15","0","15","0","15","0","15","0","15","0","15","0","15","95","119","86","117","0","15","0","15","0","15","0","15","86","117","9","16","0","15","0","15","0","15","0","15","0","15","0","15","9","16","0","15","0","15","0","15","0","15","9","16",
"1500000US481130013012","Block Group 2; Census Tract 13.01; Dallas County; Texas","174","68","0","15","0","15","0","15","0","15","0","15","0","15","0","15","0","15","0","15","0","15","0","15","0","15","0","15","0","15","0","15","0","15","0","15","0","15","0","15","0","15","174","68","146","55","87","38","25","30","7","12","55","35","59","45","28","38","20","34","20","34","0","15","0","15","20","34","0","15","8","15","0","15","0","15","0","15","0","15","8","15",
"1500000US481130013013","Block Group 3; Census Tract 13.01; Dallas County; Texas","259","181","0","15","0","15","0","15","0","15","0","15","0","15","0","15","0","15","0","15","0","15","0","15","0","15","0","15","0","15","0","15","0","15","0","15","0","15","0","15","0","15","259","181","222","178","32","34","15","23","17","26","0","15","190","176","37","42","37","42","0","15","0","15","0","15","0","15","37","42","0","15","0","15","0","15","0","15","0","15","0","15",
"1500000US481130013021","Block Group 1; Census Tract 13.02; Dallas County; Texas","257","170","131","153","0","15","0","15","0","15","0","15","0","15","0","15","131","153","0","15","0","15","0","15","0","15","0","15","0","15","131","153","131","153","0","15","0","15","131","153","0","15","126","108","52","59","0","15","0","15","0","15","0","15","52","59","74","93","52","83","52","83","0","15","0","15","52","83","0","15","22","38","0","15","0","15","0","15","0","15","22","38",
"1500000US481130013022","Block Group 2; Census Tract 13.02; Dallas County; Texas","217","107","0","15","0","15","0","15","0","15","0","15","0","15","0","15","0","15","0","15","0","15","0","15","0","15","0","15","0","15","0","15","0","15","0","15","0","15","0","15","0","15","217","107","213","106","64","58","0","15","7","15","57","53","149","99","4","10","4","10","4","10","0","15","0","15","4","10","0","15","0","15","0","15","0","15","0","15","0","15","0","15",
"1500000US481130014001","Block Group 1; Census Tract 14; Dallas County; Texas","262","141","0","15","0","15","0","15","0","15","0","15","0","15","0","15","0","15","0","15","0","15","0","15","0","15","0","15","0","15","0","15","0","15","0","15","0","15","0","15","0","15","262","141","262","141","149","126","13","17","0","15","136","125","113","52","0","15","0","15","0","15","0","15","0","15","0","15","0","15","0","15","0","15","0","15","0","15","0","15","0","15",
"1500000US481130014002","Block Group 2; Census Tract 14; Dallas County; Texas","81","67","29","46","0","15","0","15","0","15","0","15","0","15","0","15","29","46","0","15","0","15","0","15","0","15","0","15","0","15","29","46","29","46","29","46","0","15","0","15","0","15","52","50","42","48","23","36","23","36","0","15","0","15","19","30","10","16","0","15","0","15","0","15","0","15","0","15","0","15","10","16","10","16","0","15","0","15","10","16","0","15",
"1500000US481130014003","Block Group 3; Census Tract 14; Dallas County; Texas","139","60","22","36","22","36","0","15","0","15","0","15","0","15","22","36","0","15","0","15","0","15","0","15","0","15","0","15","0","15","0","15","0","15","0","15","0","15","0","15","0","15","117","53","87","42","20","32","0","15","0","15","20","32","67","33","30","32","0","15","0","15","0","15","0","15","0","15","0","15","30","32","19","25","0","15","0","15","19","25","11","16",
"1500000US481130015021","Block Group 1; Census Tract 15.02; Dallas County; Texas","163","116","0","15","0","15","0","15","0","15","0","15","0","15","0","15","0","15","0","15","0","15","0","15","0","15","0","15","0","15","0","15","0","15","0","15","0","15","0","15","0","15","163","116","84","101","20","28","0","15","0","15","20","28","64","99","79","43","38","37","23","41","0","15","0","15","23","41","15","22","41","34","32","35","0","15","0","15","32","35","9","17",
"1500000US481130015022","Block Group 2; Census Tract 15.02; Dallas County; Texas","144","89","0","15","0","15","0","15","0","15","0","15","0","15","0","15","0","15","0","15","0","15","0","15","0","15","0","15","0","15","0","15","0","15","0","15","0","15","0","15","0","15","144","89","89","73","49","59","0","15","0","15","49","59","40","49","55","56","19","33","19","33","19","33","0","15","0","15","0","15","36","53","36","53","0","15","0","15","36","53","0","15",
"1500000US481130015023","Block Group 3; Census Tract 15.02; Dallas County; Texas","247","98","20","31","20","31","0","15","0","15","0","15","0","15","20","31","0","15","0","15","0","15","0","15","0","15","0","15","0","15","0","15","0","15","0","15","0","15","0","15","0","15","227","100","121","53","8","13","0","15","0","15","8","13","113","52","106","88","0","15","0","15","0","15","0","15","0","15","0","15","106","88","0","15","0","15","0","15","0","15","106","88",
"1500000US481130015031","Block Group 1; Census Tract 15.03; Dallas County; Texas","21","33","0","15","0","15","0","15","0","15","0","15","0","15","0","15","0","15","0","15","0","15","0","15","0","15","0","15","0","15","0","15","0","15","0","15","0","15","0","15","0","15","21","33","0","15","0","15","0","15","0","15","0","15","0","15","21","33","21","33","0","15","0","15","0","15","0","15","21","33","0","15","0","15","0","15","0","15","0","15","0","15",
"1500000US481130015032","Block Group 2; Census Tract 15.03; Dallas County; Texas","61","54","0","15","0","15","0","15","0","15","0","15","0","15","0","15","0","15","0","15","0","15","0","15","0","15","0","15","0","15","0","15","0","15","0","15","0","15","0","15","0","15","61","54","44","45","44","45","44","45","0","15","0","15","0","15","17","27","0","15","0","15","0","15","0","15","0","15","0","15","17","27","0","15","0","15","0","15","0","15","17","27",
"1500000US481130015033","Block Group 3; Census Tract 15.03; Dallas County; Texas","45","43","18","27","18","27","0","15","0","15","0","15","0","15","18","27","0","15","0","15","0","15","0","15","0","15","0","15","0","15","0","15","0","15","0","15","0","15","0","15","0","15","27","32","16","26","0","15","0","15","0","15","0","15","16","26","11","18","0","15","0","15","0","15","0","15","0","15","0","15","11","18","0","15","0","15","0","15","0","15","11","18",
"1500000US481130015041","Block Group 1; Census Tract 15.04; Dallas County; Texas","214","85","0","15","0","15","0","15","0","15","0","15","0","15","0","15","0","15","0","15","0","15","0","15","0","15","0","15","0","15","0","15","0","15","0","15","0","15","0","15","0","15","214","85","130","88","0","15","0","15","0","15","0","15","130","88","84","73","63","57","0","15","0","15","0","15","0","15","63","57","21","46","21","46","0","15","0","15","21","46","0","15",
"1500000US481130015042","Block Group 2; Census Tract 15.04; Dallas County; Texas","38","42","13","29","13","29","13","29","13","29","0","15","0","15","0","15","0","15","0","15","0","15","0","15","0","15","0","15","0","15","0","15","0","15","0","15","0","15","0","15","0","15","25","33","25","33","0","15","0","15","0","15","0","15","25","33","0","15","0","15","0","15","0","15","0","15","0","15","0","15","0","15","0","15","0","15","0","15","0","15","0","15",
"1500000US481130016011","Block Group 1; Census Tract 16.01; Dallas County; Texas","634","234","172","133","0","15","0","15","0","15","0","15","0","15","0","15","172","133","0","15","0","15","0","15","0","15","0","15","0","15","172","133","143","133","143","133","0","15","0","15","29","35","462","197","227","151","12","20","12","20","0","15","0","15","215","149","235","145","14","23","0","15","0","15","0","15","0","15","14","23","221","144","171","131","35","54","105","119","31","28","50","63",
"1500000US481130016021","Block Group 1; Census Tract 16.02; Dallas County; Texas","407","185","0","15","0","15","0","15","0","15","0","15","0","15","0","15","0","15","0","15","0","15","0","15","0","15","0","15","0","15","0","15","0","15","0","15","0","15","0","15","0","15","407","185","261","131","68","83","68","83","0","15","0","15","193","108","146","161","85","138","0","15","0","15","0","15","0","15","85","138","61","92","0","15","0","15","0","15","0","15","61","92",
"1500000US481130016022","Block Group 2; Census Tract 16.02; Dallas County; Texas","297","152","22","35","22","35","0","15","0","15","0","15","0","15","22","35","0","15","0","15","0","15","0","15","0","15","0","15","0","15","0","15","0","15","0","15","0","15","0","15","0","15","275","148","247","154","119","130","54","86","0","15","65","94","128","79","28","32","0","15","0","15","0","15","0","15","0","15","0","15","28","32","0","15","0","15","0","15","0","15","28","32",
"1500000US481130017031","Block Group 1; Census Tract 17.03; Dallas County; Texas","252","124","0","15","0","15","0","15","0","15","0","15","0","15","0","15","0","15","0","15","0","15","0","15","0","15","0","15","0","15","0","15","0","15","0","15","0","15","0","15","0","15","252","124","252","124","29","43","0","15","0","15","29","43","223","130","0","15","0","15","0","15","0","15","0","15","0","15","0","15","0","15","0","15","0","15","0","15","0","15","0","15",
"1500000US481130017032","Block Group 2; Census Tract 17.03; Dallas County; Texas","123","81","0","15","0","15","0","15","0","15","0","15","0","15","0","15","0","15","0","15","0","15","0","15","0","15","0","15","0","15","0","15","0","15","0","15","0","15","0","15","0","15","123","81","123","81","0","15","0","15","0","15","0","15","123","81","0","15","0","15","0","15","0","15","0","15","0","15","0","15","0","15","0","15","0","15","0","15","0","15","0","15",
"1500000US481130017033","Block Group 3; Census Tract 17.03; Dallas County; Texas","142","73","0","15","0","15","0","15","0","15","0","15","0","15","0","15","0","15","0","15","0","15","0","15","0","15","0","15","0","15","0","15","0","15","0","15","0","15","0","15","0","15","142","73","132","76","34","30","34","30","0","15","0","15","98","69","10","16","0","15","0","15","0","15","0","15","0","15","0","15","10","16","0","15","0","15","0","15","0","15","10","16",
"1500000US481130017051","Block Group 1; Census Tract 17.05; Dallas County; Texas","305","130","45","64","0","15","0","15","0","15","0","15","0","15","0","15","45","64","0","15","0","15","0","15","0","15","0","15","0","15","45","64","0","15","0","15","0","15","0","15","45","64","260","113","260","113","5","9","0","15","0","15","5","9","255","113","0","15","0","15","0","15","0","15","0","15","0","15","0","15","0","15","0","15","0","15","0","15","0","15","0","15",
"1500000US481130018011","Block Group 1; Census Tract 18.01; Dallas County; Texas","235","153","0","15","0","15","0","15","0","15","0","15","0","15","0","15","0","15","0","15","0","15","0","15","0","15","0","15","0","15","0","15","0","15","0","15","0","15","0","15","0","15","235","153","172","119","42","49","23","37","0","15","19","30","130","105","63","101","0","15","0","15","0","15","0","15","0","15","0","15","63","101","0","15","0","15","0","15","0","15","63","101",
"1500000US481130018012","Block Group 2; Census Tract 18.01; Dallas County; Texas","19","30","0","15","0","15","0","15","0","15","0","15","0","15","0","15","0","15","0","15","0","15","0","15","0","15","0","15","0","15","0","15","0","15","0","15","0","15","0","15","0","15","19","30","19","30","0","15","0","15","0","15","0","15","19","30","0","15","0","15","0","15","0","15","0","15","0","15","0","15","0","15","0","15","0","15","0","15","0","15","0","15",
"1500000US481130018021","Block Group 1; Census Tract 18.02; Dallas County; Texas","172","135","0","15","0","15","0","15","0","15","0","15","0","15","0","15","0","15","0","15","0","15","0","15","0","15","0","15","0","15","0","15","0","15","0","15","0","15","0","15","0","15","172","135","152","131","0","15","0","15","0","15","0","15","152","131","20","33","20","33","0","15","0","15","0","15","0","15","20","33","0","15","0","15","0","15","0","15","0","15","0","15",
"1500000US481130018022","Block Group 2; Census Tract 18.02; Dallas County; Texas","98","61","0","15","0","15","0","15","0","15","0","15","0","15","0","15","0","15","0","15","0","15","0","15","0","15","0","15","0","15","0","15","0","15","0","15","0","15","0","15","0","15","98","61","85","62","0","15","0","15","0","15","0","15","85","62","13","19","0","15","0","15","0","15","0","15","0","15","0","15","13","19","0","15","0","15","0","15","0","15","13","19",
"1500000US481130019011","Block Group 1; Census Tract 19.01; Dallas County; Texas","171","98","20","31","20","31","0","15","0","15","0","15","0","15","20","31","0","15","0","15","0","15","0","15","0","15","0","15","0","15","0","15","0","15","0","15","0","15","0","15","0","15","151","93","151","93","0","15","0","15","0","15","0","15","151","93","0","15","0","15","0","15","0","15","0","15","0","15","0","15","0","15","0","15","0","15","0","15","0","15","0","15",
"1500000US481130019012","Block Group 2; Census Tract 19.01; Dallas County; Texas","146","108","0","15","0","15","0","15","0","15","0","15","0","15","0","15","0","15","0","15","0","15","0","15","0","15","0","15","0","15","0","15","0","15","0","15","0","15","0","15","0","15","146","108","146","108","0","15","0","15","0","15","0","15","146","108","0","15","0","15","0","15","0","15","0","15","0","15","0","15","0","15","0","15","0","15","0","15","0","15","0","15",
"1500000US481130019013","Block Group 3; Census Tract 19.01; Dallas County; Texas","438","148","0","15","0","15","0","15","0","15","0","15","0","15","0","15","0","15","0","15","0","15","0","15","0","15","0","15","0","15","0","15","0","15","0","15","0","15","0","15","0","15","438","148","350","125","0","15","0","15","0","15","0","15","350","125","88","110","60","98","0","15","0","15","0","15","0","15","60","98","28","48","28","48","28","48","0","15","0","15","0","15",
"1500000US481130019021","Block Group 1; Census Tract 19.02; Dallas County; Texas","111","105","0","15","0","15","0","15","0","15","0","15","0","15","0","15","0","15","0","15","0","15","0","15","0","15","0","15","0","15","0","15","0","15","0","15","0","15","0","15","0","15","111","105","91","99","47","69","0","15","0","15","47","69","44","72","20","34","0","15","0","15","0","15","0","15","0","15","0","15","20","34","20","34","20","34","0","15","0","15","0","15",
"1500000US481130019022","Block Group 2; Census Tract 19.02; Dallas County; Texas","89","86","0","15","0","15","0","15","0","15","0","15","0","15","0","15","0","15","0","15","0","15","0","15","0","15","0","15","0","15","0","15","0","15","0","15","0","15","0","15","0","15","89","86","89","86","60","84","12","19","0","15","48","80","29","39","0","15","0","15","0","15","0","15","0","15","0","15","0","15","0","15","0","15","0","15","0","15","0","15","0","15",
"1500000US481130020011","Block Group 1; Census Tract 20.01; Dallas County; Texas","79","88","22","35","0","15","0","15","0","15","0","15","0","15","0","15","22","35","0","15","0","15","0","15","0","15","0","15","0","15","22","35","22","35","0","15","22","35","0","15","0","15","57","78","10","16","10","16","0","15","10","16","0","15","0","15","47","76","47","76","0","15","0","15","0","15","0","15","47","76","0","15","0","15","0","15","0","15","0","15","0","15",
"1500000US481130020012","Block Group 2; Census Tract 20.01; Dallas County; Texas","340","187","0","15","0","15","0","15","0","15","0","15","0","15","0","15","0","15","0","15","0","15","0","15","0","15","0","15","0","15","0","15","0","15","0","15","0","15","0","15","0","15","340","187","259","150","50","82","50","82","0","15","0","15","209","116","81","101","10","24","10","24","0","15","10","24","0","15","0","15","71","106","0","15","0","15","0","15","0","15","71","106",
"1500000US481130020021","Block Group 1; Census Tract 20.02; Dallas County; Texas","276","161","72","112","0","15","0","15","0","15","0","15","0","15","0","15","72","112","0","15","0","15","0","15","0","15","0","15","0","15","72","112","72","112","0","15","0","15","72","112","0","15","204","129","204","129","131","115","0","15","0","15","131","115","73","87","0","15","0","15","0","15","0","15","0","15","0","15","0","15","0","15","0","15","0","15","0","15","0","15","0","15",
"1500000US481130020022","Block Group 2; Census Tract 20.02; Dallas County; Texas","247","156","65","100","65","100","52","92","0","15","52","92","0","15","13","24","0","15","0","15","0","15","0","15","0","15","0","15","0","15","0","15","0","15","0","15","0","15","0","15","0","15","182","132","131","117","131","117","32","51","0","15","99","113","0","15","51","59","0","15","0","15","0","15","0","15","0","15","0","15","51","59","23","37","0","15","0","15","23","37","28","45",
"1500000US481130021001","Block Group 1; Census Tract 21; Dallas County; Texas","448","153","24","37","24","37","0","15","0","15","0","15","0","15","24","37","0","15","0","15","0","15","0","15","0","15","0","15","0","15","0","15","0","15","0","15","0","15","0","15","0","15","424","158","322","154","23","35","23","35","0","15","0","15","299","151","102","64","31","28","0","15","0","15","0","15","0","15","31","28","71","57","71","57","12","19","0","15","59","60","0","15",
"1500000US481130022001","Block Group 1; Census Tract 22; Dallas County; Texas","160","90","0","15","0","15","0","15","0","15","0","15","0","15","0","15","0","15","0","15","0","15","0","15","0","15","0","15","0","15","0","15","0","15","0","15","0","15","0","15","0","15","160","90","77","49","28","29","28","29","0","15","0","15","49","46","83","70","19","30","0","15","0","15","0","15","0","15","19","30","64","64","0","15","0","15","0","15","0","15","64","64",
"1500000US481130022002","Block Group 2; Census Tract 22; Dallas County; Texas","107","71","0","15","0","15","0","15","0","15","0","15","0","15","0","15","0","15","0","15","0","15","0","15","0","15","0","15","0","15","0","15","0","15","0","15","0","15","0","15","0","15","107","71","107","71","9","14","9","14","0","15","0","15","98","69","0","15","0","15","0","15","0","15","0","15","0","15","0","15","0","15","0","15","0","15","0","15","0","15","0","15",
"1500000US481130022003","Block Group 3; Census Tract 22; Dallas County; Texas","297","114","62","51","62","51","20","30","0","15","20","30","0","15","42","45","0","15","0","15","0","15","0","15","0","15","0","15","0","15","0","15","0","15","0","15","0","15","0","15","0","15","235","110","211","112","66","50","50","43","0","15","16","25","145","100","24","24","0","15","0","15","0","15","0","15","0","15","0","15","24","24","24","24","0","15","0","15","24","24","0","15",
"1500000US481130024001","Block Group 1; Census Tract 24; Dallas County; Texas","218","108","12","19","12","19","0","15","0","15","0","15","0","15","12","19","0","15","0","15","0","15","0","15","0","15","0","15","0","15","0","15","0","15","0","15","0","15","0","15","0","15","206","107","137","91","65","71","0","15","0","15","65","71","72","62","69","74","69","74","30","52","0","15","0","15","30","52","39","52","0","15","0","15","0","15","0","15","0","15","0","15",
"1500000US481130024002","Block Group 2; Census Tract 24; Dallas County; Texas","245","119","0","15","0","15","0","15","0","15","0","15","0","15","0","15","0","15","0","15","0","15","0","15","0","15","0","15","0","15","0","15","0","15","0","15","0","15","0","15","0","15","245","119","204","121","78","61","47","51","10","15","21","33","126","97","41","31","19","21","19","21","10","17","9","15","0","15","0","15","22","25","10","15","0","15","0","15","10","15","12","19",
"1500000US481130024003","Block Group 3; Census Tract 24; Dallas County; Texas","277","128","0","15","0","15","0","15","0","15","0","15","0","15","0","15","0","15","0","15","0","15","0","15","0","15","0","15","0","15","0","15","0","15","0","15","0","15","0","15","0","15","277","128","139","93","54","67","0","15","0","15","54","67","85","74","138","93","99","104","10","17","0","15","0","15","10","17","89","102","39","37","8","12","0","15","0","15","8","12","31","34",
"1500000US481130025001","Block Group 1; Census Tract 25; Dallas County; Texas","301","149","15","23","0","15","0","15","0","15","0","15","0","15","0","15","15","23","0","15","0","15","0","15","0","15","0","15","0","15","15","23","0","15","0","15","0","15","0","15","15","23","286","150","152","127","137","125","12","20","0","15","125","122","15","24","134","77","61","55","0","15","0","15","0","15","0","15","61","55","73","58","11","18","0","15","0","15","11","18","62","56",
"1500000US481130025002","Block Group 2; Census Tract 25; Dallas County; Texas","275","102","59","80","12","19","12","19","0","15","0","15","12","19","0","15","47","78","0","15","0","15","0","15","0","15","0","15","0","15","47","78","0","15","0","15","0","15","0","15","47","78","216","98","151","88","38","55","38","55","0","15","0","15","113","82","65","46","16","27","0","15","0","15","0","15","0","15","16","27","49","34","26","30","15","24","0","15","11","18","23","26",
"1500000US481130025003","Block Group 3; Census Tract 25; Dallas County; Texas","188","98","13","20","13","20","13","20","0","15","0","15","13","20","0","15","0","15","0","15","0","15","0","15","0","15","0","15","0","15","0","15","0","15","0","15","0","15","0","15","0","15","175","97","78","59","40","36","13","19","0","15","27","31","38","47","97","82","42","67","42","67","0","15","0","15","42","67","0","15","55","52","0","15","0","15","0","15","0","15","55","52",
"1500000US481130025004","Block Group 4; Census Tract 25; Dallas County; Texas","258","115","24","27","15","23","0","15","0","15","0","15","0","15","15","23","9","14","0","15","0","15","0","15","0","15","0","15","0","15","9","14","9","14","0","15","0","15","9","14","0","15","234","116","186","111","31","46","0","15","0","15","31","46","155","109","48","58","34","55","0","15","0","15","0","15","0","15","34","55","14","21","14","21","14","21","0","15","0","15","0","15",
"1500000US481130027031","Block Group 1; Census Tract 27.03; Dallas County; Texas","171","119","38","58","0","15","0","15","0","15","0","15","0","15","0","15","38","58","0","15","0","15","0","15","0","15","0","15","0","15","38","58","38","58","0","15","38","58","0","15","0","15","133","104","80","71","25","39","0","15","0","15","25","39","55","59","53","61","0","15","0","15","0","15","0","15","0","15","0","15","53","61","20","29","0","15","0","15","20","29","33","52",
"1500000US481130027032","Block Group 2; Census Tract 27.03; Dallas County; Texas","464","231","0","15","0","15","0","15","0","15","0","15","0","15","0","15","0","15","0","15","0","15","0","15","0","15","0","15","0","15","0","15","0","15","0","15","0","15","0","15","0","15","464","231","307","205","83","131","0","15","83","131","0","15","224","150","157","158","133","156","0","15","0","15","0","15","0","15","133","156","24","28","0","15","0","15","0","15","0","15","24","28",
"1500000US481130027033","Block Group 3; Census Tract 27.03; Dallas County; Texas","538","299","24","39","0","15","0","15","0","15","0","15","0","15","0","15","24","39","0","15","0","15","0","15","0","15","0","15","0","15","24","39","24","39","0","15","0","15","24","39","0","15","514","298","161","141","28","59","0","15","0","15","28","59","133","130","353","277","54","88","0","15","0","15","0","15","0","15","54","88","299","263","299","263","87","151","0","15","212","219","0","15",
"1500000US481130031021","Block Group 1; Census Tract 31.02; Dallas County; Texas","310","105","0","15","0","15","0","15","0","15","0","15","0","15","0","15","0","15","0","15","0","15","0","15","0","15","0","15","0","15","0","15","0","15","0","15","0","15","0","15","0","15","310","105","298","101","0","15","0","15","0","15","0","15","298","101","12","18","0","15","0","15","0","15","0","15","0","15","0","15","12","18","12","18","0","15","0","15","12","18","0","15",
"1500000US481130031031","Block Group 1; Census Tract 31.03; Dallas County; Texas","209","121","103","79","6","15","0","15","0","15","0","15","0","15","6","15","97","80","0","15","0","15","0","15","0","15","0","15","0","15","97","80","90","94","0","15","0","15","90","94","7","32","106","83","75","68","21","35","21","35","0","15","0","15","54","56","31","39","18","30","18","30","0","15","0","15","18","30","0","15","13","24","0","15","0","15","0","15","0","15","13","24",
"1500000US481130037001","Block Group 1; Census Tract 37; Dallas County; Texas","373","134","107","82","15","26","0","15","0","15","0","15","0","15","15","26","92","80","0","15","0","15","0","15","0","15","0","15","0","15","92","80","53","70","53","70","0","15","0","15","39","48","266","132","198","128","128","148","112","146","0","15","16","24","70","68","68","72","17","28","0","15","0","15","0","15","0","15","17","28","51","69","0","15","0","15","0","15","0","15","51","69",
"1500000US481130037002","Block Group 2; Census Tract 37; Dallas County; Texas","368","169","57","74","0","15","0","15","0","15","0","15","0","15","0","15","57","74","23","36","0","15","0","15","0","15","0","15","23","36","34","65","0","15","0","15","0","15","0","15","34","65","311","154","149","103","41","33","0","15","19","29","22","33","108","97","162","140","79","98","63","95","0","15","0","15","63","95","16","24","83","90","24","32","0","15","0","15","24","32","59","85",
"1500000US481130042011","Block Group 1; Census Tract 42.01; Dallas County; Texas","581","146","34","51","0","15","0","15","0","15","0","15","0","15","0","15","34","51","0","15","0","15","0","15","0","15","0","15","0","15","34","51","34","51","0","15","34","51","0","15","0","15","547","139","487","118","70","57","0","15","0","15","70","57","417","124","60","66","52","64","52","64","0","15","0","15","52","64","0","15","8","12","0","15","0","15","0","15","0","15","8","12",
"1500000US481130042012","Block Group 2; Census Tract 42.01; Dallas County; Texas","179","98","14","22","0","15","0","15","0","15","0","15","0","15","0","15","14","22","0","15","0","15","0","15","0","15","0","15","0","15","14","22","14","22","0","15","14","22","0","15","0","15","165","98","103","64","0","15","0","15","0","15","0","15","103","64","62","73","15","23","15","23","0","15","15","23","0","15","0","15","47","70","47","70","0","15","0","15","47","70","0","15",
"1500000US481130042013","Block Group 3; Census Tract 42.01; Dallas County; Texas","200","76","27","32","17","27","17","27","0","15","0","15","17","27","0","15","10","18","0","15","0","15","0","15","0","15","0","15","0","15","10","18","10","18","10","18","0","15","0","15","0","15","173","72","158","74","99","62","0","15","75","61","24","26","59","41","15","23","0","15","0","15","0","15","0","15","0","15","0","15","15","23","15","23","0","15","0","15","15","23","0","15",
"1500000US481130042021","Block Group 1; Census Tract 42.02; Dallas County; Texas","342","97","30","43","30","43","0","15","0","15","0","15","0","15","30","43","0","15","0","15","0","15","0","15","0","15","0","15","0","15","0","15","0","15","0","15","0","15","0","15","0","15","312","82","282","82","90","55","40","41","20","23","30","28","192","99","30","29","0","15","0","15","0","15","0","15","0","15","0","15","30","29","0","15","0","15","0","15","0","15","30","29",
"1500000US481130042022","Block Group 2; Census Tract 42.02; Dallas County; Texas","156","68","20","26","9","16","0","15","0","15","0","15","0","15","9","16","11","19","0","15","0","15","0","15","0","15","0","15","0","15","11","19","0","15","0","15","0","15","0","15","11","19","136","64","107","63","31","32","15","23","10","16","6","13","76","54","29","33","17","26","17","26","0","15","0","15","17","26","0","15","12","20","0","15","0","15","0","15","0","15","12","20",
"1500000US481130043001","Block Group 1; Census Tract 43; Dallas County; Texas","1059","312","93","150","0","21","0","21","0","21","0","21","0","21","0","21","93","150","0","21","0","21","0","21","0","21","0","21","0","21","93","150","93","150","0","21","0","21","93","150","0","21","966","274","707","237","97","96","9","22","71","94","17","33","610","223","259","181","27","69","0","21","0","21","0","21","0","21","27","69","232","154","165","135","16","25","36","48","113","142","67","56",
"1500000US481130044001","Block Group 1; Census Tract 44; Dallas County; Texas","333","98","0","15","0","15","0","15","0","15","0","15","0","15","0","15","0","15","0","15","0","15","0","15","0","15","0","15","0","15","0","15","0","15","0","15","0","15","0","15","0","15","333","98","333","98","105","62","55","63","21","23","29","28","228","99","0","15","0","15","0","15","0","15","0","15","0","15","0","15","0","15","0","15","0","15","0","15","0","15","0","15",
"1500000US481130044002","Block Group 2; Census Tract 44; Dallas County; Texas","333","101","14","23","14","23","0","15","0","15","0","15","0","15","14","23","0","15","0","15","0","15","0","15","0","15","0","15","0","15","0","15","0","15","0","15","0","15","0","15","0","15","319","99","274","84","70","41","10","17","32","30","28","22","204","80","45","47","0","15","0","15","0","15","0","15","0","15","0","15","45","47","36","42","0","15","0","15","36","42","9","14",
"1500000US481130044003","Block Group 3; Census Tract 44; Dallas County; Texas","326","168","58","73","0","15","0","15","0","15","0","15","0","15","0","15","58","73","0","15","0","15","0","15","0","15","0","15","0","15","58","73","58","73","0","15","0","15","58","73","0","15","268","136","171","129","11","19","0","15","0","15","11","19","160","129","97","65","0","15","0","15","0","15","0","15","0","15","0","15","97","65","90","63","35","35","0","15","55","58","7","11",
"1500000US481130045001","Block Group 1; Census Tract 45; Dallas County; Texas","301","143","36","52","0","15","0","15","0","15","0","15","0","15","0","15","36","52","0","15","0","15","0","15","0","15","0","15","0","15","36","52","36","52","0","15","36","52","0","15","0","15","265","133","176","117","70","89","12","19","58","88","0","15","106","91","89","63","33","55","33","55","0","15","0","15","33","55","0","15","56","53","29","47","0","15","0","15","29","47","27","23",
"1500000US481130045002","Block Group 2; Census Tract 45; Dallas County; Texas","383","162","39","63","39","63","39","63","39","63","0","15","0","15","0","15","0","15","0","15","0","15","0","15","0","15","0","15","0","15","0","15","0","15","0","15","0","15","0","15","0","15","344","152","277","132","106","75","0","15","30","35","76","72","171","105","67","69","0","15","0","15","0","15","0","15","0","15","0","15","67","69","0","15","0","15","0","15","0","15","67","69",
"1500000US481130045003","Block Group 3; Census Tract 45; Dallas County; Texas","636","189","118","86","53","58","39","49","0","15","39","49","0","15","14","27","65","77","0","15","0","15","0","15","0","15","0","15","0","15","65","77","48","68","0","15","0","15","48","68","17","26","518","200","202","138","72","71","59","69","0","15","13","21","130","116","316","181","51","80","0","15","0","15","0","15","0","15","51","80","265","177","191","158","13","22","0","15","178","156","74","94",
"1500000US481130046001","Block Group 1; Census Tract 46; Dallas County; Texas","449","93","7","10","0","15","0","15","0","15","0","15","0","15","0","15","7","10","0","15","0","15","0","15","0","15","0","15","0","15","7","10","7","10","0","15","0","15","7","10","0","15","442","93","341","71","147","43","53","35","45","24","49","30","194","67","101","69","11","15","11","15","11","15","0","15","0","15","0","15","90","67","56","62","4","8","36","58","16","18","34","35",
"1500000US481130047001","Block Group 1; Census Tract 47; Dallas County; Texas","296","144","39","55","39","55","0","15","0","15","0","15","0","15","39","55","0","15","0","15","0","15","0","15","0","15","0","15","0","15","0","15","0","15","0","15","0","15","0","15","0","15","257","136","158","83","50","49","0","15","19","32","31","39","108","79","99","95","40","46","40","46","0","15","0","15","40","46","0","15","59","89","0","15","0","15","0","15","0","15","59","89",
"1500000US481130047002","Block Group 2; Census Tract 47; Dallas County; Texas","148","116","0","15","0","15","0","15","0","15","0","15","0","15","0","15","0","15","0","15","0","15","0","15","0","15","0","15","0","15","0","15","0","15","0","15","0","15","0","15","0","15","148","116","72","73","45","66","0","15","0","15","45","66","27","31","76","84","0","15","0","15","0","15","0","15","0","15","0","15","76","84","26","34","0","15","0","15","26","34","50","76",
"1500000US481130048001","Block Group 1; Census Tract 48; Dallas County; Texas","282","106","34","39","0","15","0","15","0","15","0","15","0","15","0","15","34","39","11","18","11","18","0","15","0","15","11","18","0","15","23","36","23","36","0","15","0","15","23","36","0","15","248","95","150","62","85","61","0","15","60","53","25","29","65","54","98","84","37","57","0","15","0","15","0","15","0","15","37","57","61","68","35","53","0","15","0","15","35","53","26","39",
"1500000US481130048002","Block Group 2; Census Tract 48; Dallas County; Texas","357","127","84","96","67","96","67","96","0","15","0","15","67","96","0","15","17","28","0","15","0","15","0","15","0","15","0","15","0","15","17","28","17","28","0","15","0","15","17","28","0","15","273","126","156","99","142","97","10","15","51","66","81","69","14","20","117","93","85","76","0","15","0","15","0","15","0","15","85","76","32","52","32","52","0","15","0","15","32","52","0","15",
"1500000US481130050001","Block Group 1; Census Tract 50; Dallas County; Texas","525","236","85","83","13","20","0","15","0","15","0","15","0","15","13","20","72","83","72","83","27","36","0","15","0","15","27","36","45","75","0","15","0","15","0","15","0","15","0","15","0","15","440","232","219","97","51","52","32","40","19","37","0","15","168","88","221","205","46","22","0","15","0","15","0","15","0","15","46","22","175","204","17","29","0","15","0","15","17","29","158","201",
"1500000US481130050002","Block Group 2; Census Tract 50; Dallas County; Texas","206","112","28","31","28","31","16","25","0","15","0","15","16","25","12","19","0","15","0","15","0","15","0","15","0","15","0","15","0","15","0","15","0","15","0","15","0","15","0","15","0","15","178","112","163","120","56","61","0","15","0","15","56","61","107","98","15","30","0","15","0","15","0","15","0","15","0","15","0","15","15","30","15","30","0","15","0","15","15","30","0","15",
"1500000US481130051001","Block Group 1; Census Tract 51; Dallas County; Texas","184","109","13","16","6","10","0","15","0","15","0","15","0","15","6","10","7","11","0","15","0","15","0","15","0","15","0","15","0","15","7","11","0","15","0","15","0","15","0","15","7","11","171","105","125","74","71","61","13","15","0","15","58","57","54","43","46","57","41","54","41","54","32","52","0","15","9","14","0","15","5","12","5","12","0","15","0","15","5","12","0","15",
"1500000US481130051002","Block Group 2; Census Tract 51; Dallas County; Texas","390","115","72","52","72","52","51","47","0","15","14","16","37","45","21","25","0","15","0","15","0","15","0","15","0","15","0","15","0","15","0","15","0","15","0","15","0","15","0","15","0","15","318","97","206","92","117","79","0","15","58","65","59","57","89","50","112","67","63","49","0","15","0","15","0","15","0","15","63","49","49","51","43","48","0","15","0","15","43","48","6","16",
"1500000US481130052001","Block Group 1; Census Tract 52; Dallas County; Texas","546","238","13","20","13","20","0","15","0","15","0","15","0","15","13","20","0","15","0","15","0","15","0","15","0","15","0","15","0","15","0","15","0","15","0","15","0","15","0","15","0","15","533","238","457","242","241","239","42","40","48","77","151","219","216","132","76","61","0","15","0","15","0","15","0","15","0","15","0","15","76","61","76","61","14","21","0","15","62","58","0","15",
"1500000US481130052002","Block Group 2; Census Tract 52; Dallas County; Texas","434","137","54","73","54","73","54","73","46","73","0","15","8","14","0","15","0","15","0","15","0","15","0","15","0","15","0","15","0","15","0","15","0","15","0","15","0","15","0","15","0","15","380","133","243","119","83","70","15","24","10","15","58","65","160","106","137","98","61","41","27","30","0","15","13","21","14","22","34","37","76","94","61","90","0","15","0","15","61","90","15","23",
"1500000US481130053001","Block Group 1; Census Tract 53; Dallas County; Texas","149","90","0","15","0","15","0","15","0","15","0","15","0","15","0","15","0","15","0","15","0","15","0","15","0","15","0","15","0","15","0","15","0","15","0","15","0","15","0","15","0","15","149","90","129","88","17","27","0","15","0","15","17","27","112","87","20","23","9","15","9","15","0","15","0","15","9","15","0","15","11","17","0","15","0","15","0","15","0","15","11","17",
"1500000US481130053002","Block Group 2; Census Tract 53; Dallas County; Texas","288","131","37","54","37","54","37","54","0","15","37","54","0","15","0","15","0","15","0","15","0","15","0","15","0","15","0","15","0","15","0","15","0","15","0","15","0","15","0","15","0","15","251","135","179","116","92","96","0","15","32","45","60","87","87","59","72","69","9","15","0","15","0","15","0","15","0","15","9","15","63","66","0","15","0","15","0","15","0","15","63","66",
"1500000US481130053003","Block Group 3; Census Tract 53; Dallas County; Texas","570","234","165","180","165","180","46","68","0","15","0","15","46","68","119","166","0","15","0","15","0","15","0","15","0","15","0","15","0","15","0","15","0","15","0","15","0","15","0","15","0","15","405","163","297","155","221","153","74","71","34","55","113","117","76","47","108","103","0","15","0","15","0","15","0","15","0","15","0","15","108","103","74","96","0","15","74","96","0","15","34","42",
"1500000US481130053004","Block Group 4; Census Tract 53; Dallas County; Texas","476","155","0","15","0","15","0","15","0","15","0","15","0","15","0","15","0","15","0","15","0","15","0","15","0","15","0","15","0","15","0","15","0","15","0","15","0","15","0","15","0","15","476","155","404","150","158","98","45","49","53","58","60","68","246","102","72","63","48","57","48","57","38","54","0","15","10","16","0","15","24","28","0","15","0","15","0","15","0","15","24","28",
"1500000US481130054001","Block Group 1; Census Tract 54; Dallas County; Texas","202","153","0","15","0","15","0","15","0","15","0","15","0","15","0","15","0","15","0","15","0","15","0","15","0","15","0","15","0","15","0","15","0","15","0","15","0","15","0","15","0","15","202","153","115","134","115","134","0","15","56","94","59","97","0","15","87","67","58","65","20","35","0","15","0","15","20","35","38","56","29","25","0","15","0","15","0","15","0","15","29","25",
"1500000US481130054002","Block Group 2; Census Tract 54; Dallas County; Texas","613","191","63","62","0","15","0","15","0","15","0","15","0","15","0","15","63","62","10","15","10","15","10","15","0","15","0","15","0","15","53","55","14","22","0","15","0","15","14","22","39","54","550","183","286","141","18","24","0","15","0","15","18","24","268","141","264","174","76","83","0","15","0","15","0","15","0","15","76","83","188","154","175","152","6","12","0","15","169","153","13","20",
"1500000US481130054003","Block Group 3; Census Tract 54; Dallas County; Texas","399","137","154","95","123","80","123","80","0","15","70","64","53","60","0","15","31","46","0","15","0","15","0","15","0","15","0","15","0","15","31","46","31","46","0","15","0","15","31","46","0","15","245","149","195","136","112","120","0","15","54","88","58","78","83","79","50","52","10","16","0","15","0","15","0","15","0","15","10","16","40","51","29","49","0","15","0","15","29","49","11","17",
"1500000US481130055001","Block Group 1; Census Tract 55; Dallas County; Texas","443","302","0","15","0","15","0","15","0","15","0","15","0","15","0","15","0","15","0","15","0","15","0","15","0","15","0","15","0","15","0","15","0","15","0","15","0","15","0","15","0","15","443","302","166","236","0","15","0","15","0","15","0","15","166","236","277","177","87","120","0","15","0","15","0","15","0","15","87","120","190","109","154","106","0","15","62","45","92","77","36","44",
"1500000US481130055002","Block Group 2; Census Tract 55; Dallas County; Texas","191","134","45","74","45","74","0","15","0","15","0","15","0","15","45","74","0","15","0","15","0","15","0","15","0","15","0","15","0","15","0","15","0","15","0","15","0","15","0","15","0","15","146","97","130","104","41","57","15","25","0","15","26","49","89","84","16","35","16","35","0","15","0","15","0","15","0","15","16","35","0","15","0","15","0","15","0","15","0","15","0","15",
"1500000US481130055003","Block Group 3; Census Tract 55; Dallas County; Texas","260","157","0","15","0","15","0","15","0","15","0","15","0","15","0","15","0","15","0","15","0","15","0","15","0","15","0","15","0","15","0","15","0","15","0","15","0","15","0","15","0","15","260","157","126","128","93","111","47","75","46","87","0","15","33","55","134","131","35","47","19","38","0","15","0","15","19","38","16","29","99","134","92","130","0","15","0","15","92","130","7","14",
"1500000US481130056001","Block Group 1; Census Tract 56; Dallas County; Texas","444","197","81","116","0","15","0","15","0","15","0","15","0","15","0","15","81","116","0","15","0","15","0","15","0","15","0","15","0","15","81","116","81","116","0","15","0","15","81","116","0","15","363","168","263","146","166","130","0","15","65","92","101","90","97","76","100","98","0","15","0","15","0","15","0","15","0","15","0","15","100","98","69","90","0","15","0","15","69","90","31","41",
"1500000US481130056002","Block Group 2; Census Tract 56; Dallas County; Texas","325","156","52","64","11","37","11","37","0","15","0","15","11","37","0","15","41","46","0","15","0","15","0","15","0","15","0","15","0","15","41","46","41","46","0","15","21","33","20","32","0","15","273","148","230","138","102","83","19","30","32","51","51","66","128","111","43","71","43","71","0","15","0","15","0","15","0","15","43","71","0","15","0","15","0","15","0","15","0","15","0","15",
"1500000US481130056003","Block Group 3; Census Tract 56; Dallas County; Texas","821","280","98","86","98","86","98","86","0","15","50","72","48","62","0","15","0","15","0","15","0","15","0","15","0","15","0","15","0","15","0","15","0","15","0","15","0","15","0","15","0","15","723","270","310","140","107","97","0","15","0","15","107","97","203","120","413","233","284","216","177","195","0","15","112","178","65","80","107","120","129","100","65","72","0","15","36","52","29","47","64","66",
"1500000US481130057001","Block Group 1; Census Tract 57; Dallas County; Texas","519","223","68","71","0","15","0","15","0","15","0","15","0","15","0","15","68","71","0","15","0","15","0","15","0","15","0","15","0","15","68","71","27","43","0","15","0","15","27","43","41","57","451","227","173","130","46","43","0","15","37","40","9","15","127","131","278","189","183","177","130","150","0","15","0","15","130","150","53","80","95","94","81","91","0","15","0","15","81","91","14","24",
"1500000US481130057002","Block Group 2; Census Tract 57; Dallas County; Texas","393","138","146","96","108","78","108","78","0","15","108","78","0","15","0","15","38","46","0","15","0","15","0","15","0","15","0","15","0","15","38","46","38","46","0","15","13","23","25","40","0","15","247","154","208","139","194","134","34","55","0","15","160","133","14","23","39","40","0","15","0","15","0","15","0","15","0","15","0","15","39","40","15","28","0","15","0","15","15","28","24","29",
"1500000US481130057003","Block Group 3; Census Tract 57; Dallas County; Texas","407","267","103","71","0","15","0","15","0","15","0","15","0","15","0","15","103","71","32","36","20","30","0","15","0","15","20","30","12","26","71","68","71","68","32","49","39","56","0","15","0","15","304","246","112","85","100","83","0","15","10","25","90","77","12","21","192","245","157","241","16","22","0","15","0","15","16","22","141","232","35","35","0","15","0","15","0","15","0","15","35","35",
"1500000US481130059011","Block Group 1; Census Tract 59.01; Dallas County; Texas","204","106","0","15","0","15","0","15","0","15","0","15","0","15","0","15","0","15","0","15","0","15","0","15","0","15","0","15","0","15","0","15","0","15","0","15","0","15","0","15","0","15","204","106","73","54","48","47","0","15","0","15","48","47","25","27","131","93","0","15","0","15","0","15","0","15","0","15","0","15","131","93","52","71","0","15","0","15","52","71","79","66",
"1500000US481130059012","Block Group 2; Census Tract 59.01; Dallas County; Texas","593","180","125","95","64","71","36","55","0","15","0","15","36","55","28","45","61","49","21","34","21","34","0","15","0","15","21","34","0","15","40","34","25","27","0","15","0","15","25","27","15","22","468","155","202","106","40","36","0","15","14","21","26","28","162","103","266","134","38","42","22","35","0","15","0","15","22","35","16","24","228","148","98","94","0","15","0","15","98","94","130","100",
"1500000US481130059013","Block Group 3; Census Tract 59.01; Dallas County; Texas","441","161","79","91","0","15","0","15","0","15","0","15","0","15","0","15","79","91","45","71","0","15","0","15","0","15","0","15","45","71","34","55","0","15","0","15","0","15","0","15","34","55","362","145","181","106","91","93","23","38","18","27","50","81","90","66","181","124","0","15","0","15","0","15","0","15","0","15","0","15","181","124","95","112","0","15","45","71","50","61","86","57",
"1500000US481130059021","Block Group 1; Census Tract 59.02; Dallas County; Texas","312","124","72","71","39","47","39","47","19","29","0","15","20","34","0","15","33","51","33","51","0","15","0","15","0","15","0","15","33","51","0","15","0","15","0","15","0","15","0","15","0","15","240","119","101","71","81","66","0","15","28","43","53","53","20","26","139","120","102","112","32","52","0","15","0","15","32","52","70","95","37","44","20","33","0","15","0","15","20","33","17","28",
"1500000US481130059022","Block Group 2; Census Tract 59.02; Dallas County; Texas","448","280","54","57","0","15","0","15","0","15","0","15","0","15","0","15","54","57","0","15","0","15","0","15","0","15","0","15","0","15","54","57","54","57","0","15","32","49","22","29","0","15","394","291","117","142","103","140","95","139","0","15","8","12","14","24","277","259","254","249","239","247","111","165","0","15","128","186","15","25","23","30","0","15","0","15","0","15","0","15","23","30",
"1500000US481130059023","Block Group 3; Census Tract 59.02; Dallas County; Texas","341","168","16","22","0","15","0","15","0","15","0","15","0","15","0","15","16","22","0","15","0","15","0","15","0","15","0","15","0","15","16","22","10","20","0","15","0","15","10","20","6","10","325","170","159","131","11","17","0","15","0","15","11","17","148","129","166","128","0","15","0","15","0","15","0","15","0","15","0","15","166","128","142","130","94","130","0","15","48","56","24","19",
"1500000US481130060011","Block Group 1; Census Tract 60.01; Dallas County; Texas","130","122","112","119","0","15","0","15","0","15","0","15","0","15","0","15","112","119","64","107","0","15","0","15","0","15","0","15","64","107","48","49","48","49","0","15","48","49","0","15","0","15","18","29","0","15","0","15","0","15","0","15","0","15","0","15","18","29","0","15","0","15","0","15","0","15","0","15","0","15","18","29","0","15","0","15","0","15","0","15","18","29",
"1500000US481130060012","Block Group 2; Census Tract 60.01; Dallas County; Texas","658","202","97","76","76","72","0","15","0","15","0","15","0","15","76","72","21","33","0","15","0","15","0","15","0","15","0","15","0","15","21","33","21","33","0","15","21","33","0","15","0","15","561","193","464","199","311","154","0","15","69","66","242","156","153","141","97","77","61","70","0","15","0","15","0","15","0","15","61","70","36","32","27","31","0","15","0","15","27","31","9","18",
"1500000US481130060021","Block Group 1; Census Tract 60.02; Dallas County; Texas","197","152","51","39","51","39","51","39","0","15","51","39","0","15","0","15","0","15","0","15","0","15","0","15","0","15","0","15","0","15","0","15","0","15","0","15","0","15","0","15","0","15","146","139","67","75","0","15","0","15","0","15","0","15","67","75","79","119","0","15","0","15","0","15","0","15","0","15","0","15","79","119","0","15","0","15","0","15","0","15","79","119",
"1500000US481130060022","Block Group 2; Census Tract 60.02; Dallas County; Texas","596","279","88","102","0","15","0","15","0","15","0","15","0","15","0","15","88","102","0","15","0","15","0","15","0","15","0","15","0","15","88","102","88","102","0","15","44","81","44","57","0","15","508","281","24","40","3","24","0","15","3","24","0","15","21","28","484","276","0","15","0","15","0","15","0","15","0","15","0","15","484","276","461","276","265","258","0","15","196","193","23","38",
"1500000US481130060023","Block Group 3; Census Tract 60.02; Dallas County; Texas","644","249","64","75","64","75","64","75","26","41","38","61","0","15","0","15","0","15","0","15","0","15","0","15","0","15","0","15","0","15","0","15","0","15","0","15","0","15","0","15","0","15","580","250","334","209","126","109","39","69","0","15","87","82","208","174","246","151","0","15","0","15","0","15","0","15","0","15","0","15","246","151","165","145","97","111","0","15","68","96","81","58",
"1500000US481130061001","Block Group 1; Census Tract 61; Dallas County; Texas","654","237","261","166","13","21","0","15","0","15","0","15","0","15","13","21","248","165","182","164","146","159","0","15","103","149","43","78","36","42","66","108","66","108","0","15","0","15","66","108","0","15","393","183","221","142","70","71","0","15","6","10","64","71","151","123","172","123","148","122","0","15","0","15","0","15","0","15","148","122","24","25","11","17","0","15","0","15","11","17","13","19",
"1500000US481130061002","Block Group 2; Census Tract 61; Dallas County; Texas","429","127","15","24","15","24","0","15","0","15","0","15","0","15","15","24","0","15","0","15","0","15","0","15","0","15","0","15","0","15","0","15","0","15","0","15","0","15","0","15","0","15","414","136","355","145","27","30","27","30","0","15","0","15","328","141","59","44","0","15","0","15","0","15","0","15","0","15","0","15","59","44","24","29","0","15","0","15","24","29","35","33",
"1500000US481130062001","Block Group 1; Census Tract 62; Dallas County; Texas","337","175","0","15","0","15","0","15","0","15","0","15","0","15","0","15","0","15","0","15","0","15","0","15","0","15","0","15","0","15","0","15","0","15","0","15","0","15","0","15","0","15","337","175","148","141","148","141","57","104","26","48","65","85","0","15","189","117","71","75","34","63","0","15","0","15","34","63","37","56","118","94","108","92","0","15","0","15","108","92","10","16",
"1500000US481130062002","Block Group 2; Census Tract 62; Dallas County; Texas","293","166","0","15","0","15","0","15","0","15","0","15","0","15","0","15","0","15","0","15","0","15","0","15","0","15","0","15","0","15","0","15","0","15","0","15","0","15","0","15","0","15","293","166","207","157","49","67","0","15","21","37","28","52","158","138","86","76","31","51","31","51","0","15","0","15","31","51","0","15","55","54","0","15","0","15","0","15","0","15","55","54",
"1500000US481130062003","Block Group 3; Census Tract 62; Dallas County; Texas","562","257","145","168","35","57","0","15","0","15","0","15","0","15","35","57","110","168","0","15","0","15","0","15","0","15","0","15","0","15","110","168","110","168","0","15","110","168","0","15","0","15","417","177","339","195","94","114","42","75","0","15","52","77","245","151","78","94","0","15","0","15","0","15","0","15","0","15","0","15","78","94","52","80","0","15","0","15","52","80","26","43",
"1500000US481130063011","Block Group 1; Census Tract 63.01; Dallas County; Texas","549","142","26","32","6","9","6","9","0","15","0","15","6","9","0","15","20","32","20","32","0","15","0","15","0","15","0","15","20","32","0","15","0","15","0","15","0","15","0","15","0","15","523","147","362","143","168","118","13","23","65","102","90","76","194","110","161","144","0","15","0","15","0","15","0","15","0","15","0","15","161","144","161","144","0","15","0","15","161","144","0","15",
"1500000US481130063012","Block Group 2; Census Tract 63.01; Dallas County; Texas","488","184","34","47","34","47","0","15","0","15","0","15","0","15","34","47","0","15","0","15","0","15","0","15","0","15","0","15","0","15","0","15","0","15","0","15","0","15","0","15","0","15","454","176","204","143","176","138","44","49","0","15","132","127","28","32","250","127","147","107","96","86","11","20","63","80","22","36","51","68","103","96","60","87","0","15","0","15","60","87","43","42",
"1500000US481130063013","Block Group 3; Census Tract 63.01; Dallas County; Texas","307","120","37","39","21","32","21","32","21","32","0","15","0","15","0","15","16","25","16","25","16","25","16","25","0","15","0","15","0","15","0","15","0","15","0","15","0","15","0","15","0","15","270","130","214","142","102","101","21","34","57","85","24","43","112","104","56","52","39","43","39","43","0","15","0","15","39","43","0","15","17","25","17","25","17","25","0","15","0","15","0","15",
"1500000US481130063021","Block Group 1; Census Tract 63.02; Dallas County; Texas","427","172","33","54","33","54","0","15","0","15","0","15","0","15","33","54","0","15","0","15","0","15","0","15","0","15","0","15","0","15","0","15","0","15","0","15","0","15","0","15","0","15","394","179","303","129","237","141","85","67","0","15","152","133","66","80","91","113","79","114","0","15","0","15","0","15","0","15","79","114","12","19","0","15","0","15","0","15","0","15","12","19",
"1500000US481130063022","Block Group 2; Census Tract 63.02; Dallas County; Texas","633","228","11","20","0","15","0","15","0","15","0","15","0","15","0","15","11","20","0","15","0","15","0","15","0","15","0","15","0","15","11","20","0","15","0","15","0","15","0","15","11","20","622","226","356","194","241","159","120","131","10","15","111","106","115","76","266","118","22","37","22","37","0","15","0","15","22","37","0","15","244","115","90","73","0","15","0","15","90","73","154","106",
"1500000US481130064011","Block Group 1; Census Tract 64.01; Dallas County; Texas","714","138","114","79","8","12","8","12","0","15","0","15","8","12","0","15","106","78","49","41","43","40","0","15","0","15","43","40","6","11","57","68","49","69","0","15","0","15","49","69","8","15","600","124","433","141","209","151","101","138","9","14","99","51","224","64","167","66","84","58","52","50","37","48","15","23","0","15","32","47","83","40","36","30","0","15","19","22","17","20","47","38",
"1500000US481130064021","Block Group 1; Census Tract 64.02; Dallas County; Texas","844","227","96","62","65","68","0","15","0","15","0","15","0","15","65","68","31","36","0","15","0","15","0","15","0","15","0","15","0","15","31","36","31","36","0","15","17","25","14","23","0","15","748","233","300","225","81","84","0","15","15","26","66","80","219","201","448","149","220","152","171","144","0","15","0","15","171","144","49","60","228","140","155","122","0","15","32","52","123","112","73","74",
"1500000US481130064022","Block Group 2; Census Tract 64.02; Dallas County; Texas","423","156","12","22","12","22","12","22","0","15","0","15","12","22","0","15","0","15","0","15","0","15","0","15","0","15","0","15","0","15","0","15","0","15","0","15","0","15","0","15","0","15","411","156","202","85","103","58","0","15","24","37","79","45","99","64","209","148","48","46","15","23","0","15","0","15","15","23","33","39","161","144","56","54","0","15","26","44","30","35","105","135",
"1500000US481130065011","Block Group 1; Census Tract 65.01; Dallas County; Texas","264","97","0","15","0","15","0","15","0","15","0","15","0","15","0","15","0","15","0","15","0","15","0","15","0","15","0","15","0","15","0","15","0","15","0","15","0","15","0","15","0","15","264","97","103","68","48","53","0","15","15","23","33","47","55","53","161","91","0","15","0","15","0","15","0","15","0","15","0","15","161","91","102","83","0","15","50","60","52","64","59","70",
"1500000US481130065012","Block Group 2; Census Tract 65.01; Dallas County; Texas","401","144","46","66","0","15","0","15","0","15","0","15","0","15","0","15","46","66","0","15","0","15","0","15","0","15","0","15","0","15","46","66","46","66","0","15","46","66","0","15","0","15","355","134","290","119","141","91","0","15","41","57","100","74","149","88","65","64","39","60","0","15","0","15","0","15","0","15","39","60","26","22","0","15","0","15","0","15","0","15","26","22",
"1500000US481130065013","Block Group 3; Census Tract 65.01; Dallas County; Texas","211","102","0","15","0","15","0","15","0","15","0","15","0","15","0","15","0","15","0","15","0","15","0","15","0","15","0","15","0","15","0","15","0","15","0","15","0","15","0","15","0","15","211","102","101","67","12","19","0","15","0","15","12","19","89","67","110","99","49","77","0","15","0","15","0","15","0","15","49","77","61","63","34","50","0","15","0","15","34","50","27","41",
"1500000US481130065014","Block Group 4; Census Tract 65.01; Dallas County; Texas","408","170","41","69","0","15","0","15","0","15","0","15","0","15","0","15","41","69","41","69","41","69","0","15","41","69","0","15","0","15","0","15","0","15","0","15","0","15","0","15","0","15","367","172","186","97","127","77","0","15","53","65","74","57","59","57","181","149","48","79","48","79","0","15","0","15","48","79","0","15","133","128","32","38","0","15","0","15","32","38","101","128",
"1500000US481130065021","Block Group 1; Census Tract 65.02; Dallas County; Texas","380","124","11","14","11","14","0","15","0","15","0","15","0","15","11","14","0","15","0","15","0","15","0","15","0","15","0","15","0","15","0","15","0","15","0","15","0","15","0","15","0","15","369","126","285","108","104","48","0","15","44","40","60","38","181","82","84","71","7","11","0","15","0","15","0","15","0","15","7","11","77","69","46","57","0","15","0","15","46","57","31","30",
"1500000US481130065022","Block Group 2; Census Tract 65.02; Dallas County; Texas","459","108","50","47","11","16","0","15","0","15","0","15","0","15","11","16","39","41","0","15","0","15","0","15","0","15","0","15","0","15","39","41","22","30","0","15","22","30","0","15","17","26","409","102","273","94","181","103","0","15","23","33","158","102","92","54","136","85","48","52","0","15","0","15","0","15","0","15","48","52","88","66","68","59","0","15","11","16","57","59","20","30",
"1500000US481130067011","Block Group 1; Census Tract 67.01; Dallas County; Texas","449","180","0","15","0","15","0","15","0","15","0","15","0","15","0","15","0","15","0","15","0","15","0","15","0","15","0","15","0","15","0","15","0","15","0","15","0","15","0","15","0","15","449","180","240","137","153","108","0","15","66","73","87","84","87","94","209","156","51","78","0","15","0","15","0","15","0","15","51","78","158","123","110","123","0","15","0","15","110","123","48","57",
"1500000US481130067012","Block Group 2; Census Tract 67.01; Dallas County; Texas","680","348","199","122","0","15","0","15","0","15","0","15","0","15","0","15","199","122","32","47","32","47","0","15","0","15","32","47","0","15","167","125","167","125","0","15","0","15","167","125","0","15","481","350","406","336","45","68","0","15","0","15","45","68","361","325","75","89","0","15","0","15","0","15","0","15","0","15","0","15","75","89","58","84","0","15","0","15","58","84","17","26",
"1500000US481130067021","Block Group 1; Census Tract 67.02; Dallas County; Texas","590","132","78","66","78","66","51","57","23","36","0","15","28","44","27","41","0","15","0","15","0","15","0","15","0","15","0","15","0","15","0","15","0","15","0","15","0","15","0","15","0","15","512","134","286","96","86","60","17","25","0","15","69","55","200","82","226","133","62","48","0","15","0","15","0","15","0","15","62","48","164","121","33","45","0","15","0","15","33","45","131","115",
"1500000US481130068001","Block Group 1; Census Tract 68; Dallas County; Texas","350","194","100","97","0","15","0","15","0","15","0","15","0","15","0","15","100","97","0","15","0","15","0","15","0","15","0","15","0","15","100","97","100","97","0","15","73","105","27","42","0","15","250","183","90","103","64","92","0","15","20","59","44","68","26","36","160","131","118","144","23","38","0","15","0","15","23","38","95","143","42","64","42","64","0","15","0","15","42","64","0","15",
"1500000US481130068002","Block Group 2; Census Tract 68; Dallas County; Texas","454","137","0","15","0","15","0","15","0","15","0","15","0","15","0","15","0","15","0","15","0","15","0","15","0","15","0","15","0","15","0","15","0","15","0","15","0","15","0","15","0","15","454","137","321","95","117","81","0","15","57","72","60","61","204","97","133","114","37","58","0","15","0","15","0","15","0","15","37","58","96","94","0","15","0","15","0","15","0","15","96","94",
"1500000US481130068003","Block Group 3; Census Tract 68; Dallas County; Texas","141","116","0","15","0","15","0","15","0","15","0","15","0","15","0","15","0","15","0","15","0","15","0","15","0","15","0","15","0","15","0","15","0","15","0","15","0","15","0","15","0","15","141","116","50","55","0","15","0","15","0","15","0","15","50","55","91","102","0","15","0","15","0","15","0","15","0","15","0","15","91","102","52","77","0","15","52","77","0","15","39","63",
"1500000US481130069001","Block Group 1; Census Tract 69; Dallas County; Texas","118","66","0","15","0","15","0","15","0","15","0","15","0","15","0","15","0","15","0","15","0","15","0","15","0","15","0","15","0","15","0","15","0","15","0","15","0","15","0","15","0","15","118","66","104","67","25","30","0","15","0","15","25","30","79","55","14","21","10","19","0","15","0","15","0","15","0","15","10","19","4","7","0","15","0","15","0","15","0","15","4","7",
"1500000US481130069002","Block Group 2; Census Tract 69; Dallas County; Texas","214","151","40","65","0","15","0","15","0","15","0","15","0","15","0","15","40","65","40","65","0","15","0","15","0","15","0","15","40","65","0","15","0","15","0","15","0","15","0","15","0","15","174","144","89","129","83","130","0","15","0","15","83","130","6","18","85","63","43","44","43","44","0","15","0","15","43","44","0","15","42","53","34","50","0","15","0","15","34","50","8","13",
"1500000US481130069003","Block Group 3; Census Tract 69; Dallas County; Texas","433","163","122","123","46","72","46","72","0","15","0","15","46","72","0","15","76","100","0","15","0","15","0","15","0","15","0","15","0","15","76","100","76","100","0","15","0","15","76","100","0","15","311","167","87","70","87","70","44","70","0","15","43","57","0","15","224","150","106","90","0","15","0","15","0","15","0","15","106","90","118","117","102","114","0","15","0","15","102","114","16","26",
"1500000US481130071011","Block Group 1; Census Tract 71.01; Dallas County; Texas","297","87","0","15","0","15","0","15","0","15","0","15","0","15","0","15","0","15","0","15","0","15","0","15","0","15","0","15","0","15","0","15","0","15","0","15","0","15","0","15","0","15","297","87","291","85","165","60","42","61","12","19","111","47","126","80","6","10","0","15","0","15","0","15","0","15","0","15","0","15","6","10","0","15","0","15","0","15","0","15","6","10",
"1500000US481130071012","Block Group 2; Census Tract 71.01; Dallas County; Texas","224","133","59","90","0","15","0","15","0","15","0","15","0","15","0","15","59","90","0","15","0","15","0","15","0","15","0","15","0","15","59","90","59","90","59","90","0","15","0","15","0","15","165","103","165","103","88","83","0","15","0","15","88","83","77","72","0","15","0","15","0","15","0","15","0","15","0","15","0","15","0","15","0","15","0","15","0","15","0","15","0","15",
"1500000US481130071021","Block Group 1; Census Tract 71.02; Dallas County; Texas","258","149","32","36","16","25","0","15","0","15","0","15","0","15","16","25","16","25","0","15","0","15","0","15","0","15","0","15","0","15","16","25","16","25","16","25","0","15","0","15","0","15","226","147","162","136","18","30","18","30","0","15","0","15","144","132","64","56","15","25","0","15","0","15","0","15","0","15","15","25","49","49","38","45","0","15","21","33","17","31","11","19",
"1500000US481130071022","Block Group 2; Census Tract 71.02; Dallas County; Texas","297","136","0","15","0","15","0","15","0","15","0","15","0","15","0","15","0","15","0","15","0","15","0","15","0","15","0","15","0","15","0","15","0","15","0","15","0","15","0","15","0","15","297","136","203","151","93","105","0","15","0","15","93","105","110","98","94","64","0","15","0","15","0","15","0","15","0","15","0","15","94","64","0","15","0","15","0","15","0","15","94","64",
"1500000US481130071023","Block Group 3; Census Tract 71.02; Dallas County; Texas","52","49","0","15","0","15","0","15","0","15","0","15","0","15","0","15","0","15","0","15","0","15","0","15","0","15","0","15","0","15","0","15","0","15","0","15","0","15","0","15","0","15","52","49","43","47","0","15","0","15","0","15","0","15","43","47","9","15","0","15","0","15","0","15","0","15","0","15","0","15","9","15","9","15","9","15","0","15","0","15","0","15",
"1500000US481130071024","Block Group 4; Census Tract 71.02; Dallas County; Texas","197","113","0","15","0","15","0","15","0","15","0","15","0","15","0","15","0","15","0","15","0","15","0","15","0","15","0","15","0","15","0","15","0","15","0","15","0","15","0","15","0","15","197","113","112","92","91","85","0","15","40","60","51","71","21","34","85","69","32","40","0","15","0","15","0","15","0","15","32","40","53","54","45","51","0","15","0","15","45","51","8","18",
"1500000US481130071025","Block Group 5; Census Tract 71.02; Dallas County; Texas","173","91","0","15","0","15","0","15","0","15","0","15","0","15","0","15","0","15","0","15","0","15","0","15","0","15","0","15","0","15","0","15","0","15","0","15","0","15","0","15","0","15","173","91","140","91","34","46","34","46","0","15","0","15","106","76","33","35","16","24","16","24","0","15","0","15","16","24","0","15","17","26","0","15","0","15","0","15","0","15","17","26",
"1500000US481130072031","Block Group 1; Census Tract 72.03; Dallas County; Texas","124","83","25","42","0","15","0","15","0","15","0","15","0","15","0","15","25","42","0","15","0","15","0","15","0","15","0","15","0","15","25","42","25","42","25","42","0","15","0","15","0","15","99","69","60","75","38","63","0","15","0","15","38","63","22","35","39","64","39","64","0","15","0","15","0","15","0","15","39","64","0","15","0","15","0","15","0","15","0","15","0","15",
"1500000US481130072032","Block Group 2; Census Tract 72.03; Dallas County; Texas","439","136","101","93","25","40","25","40","0","15","0","15","25","40","0","15","76","90","0","15","0","15","0","15","0","15","0","15","0","15","76","90","76","90","0","15","40","64","36","56","0","15","338","133","204","134","96","95","20","32","0","15","76","89","108","98","134","92","78","72","70","71","0","15","0","15","70","71","8","18","56","58","47","56","0","15","0","15","47","56","9","17",
"1500000US481130072041","Block Group 1; Census Tract 72.04; Dallas County; Texas","231","88","67","70","20","40","20","40","0","15","12","29","8","30","0","15","47","71","20","33","20","33","0","15","20","33","0","15","0","15","27","52","27","52","0","15","27","52","0","15","0","15","164","90","90","82","25","36","0","15","0","15","25","36","65","75","74","56","15","24","0","15","0","15","0","15","0","15","15","24","59","47","59","47","0","15","0","15","59","47","0","15",
"1500000US481130072042","Block Group 2; Census Tract 72.04; Dallas County; Texas","672","210","82","66","16","28","16","28","0","15","16","28","0","15","0","15","66","61","0","15","0","15","0","15","0","15","0","15","0","15","66","61","66","61","0","15","0","15","66","61","0","15","590","201","300","142","67","69","13","21","0","15","54","61","233","124","290","170","134","85","55","63","21","34","0","15","34","54","79","90","156","153","156","153","0","15","110","132","46","75","0","15",
"1500000US481130072051","Block Group 1; Census Tract 72.05; Dallas County; Texas","470","246","69","79","0","15","0","15","0","15","0","15","0","15","0","15","69","79","45","72","45","72","0","15","45","72","0","15","0","15","24","33","24","33","24","33","0","15","0","15","0","15","401","238","70","75","51","67","0","15","13","22","38","63","19","31","331","237","275","224","244","227","93","105","0","15","151","199","31","51","56","91","56","91","0","15","0","15","56","91","0","15",
"1500000US481130072052","Block Group 2; Census Tract 72.05; Dallas County; Texas","456","175","174","132","56","62","56","62","0","15","56","62","0","15","0","15","118","107","57","77","57","77","0","15","0","15","57","77","0","15","61","75","61","75","0","15","17","17","44","73","0","15","282","143","15","26","0","15","0","15","0","15","0","15","15","26","267","147","116","111","0","15","0","15","0","15","0","15","116","111","151","103","142","103","0","15","31","40","111","105","9","11",
"1500000US481130072061","Block Group 1; Census Tract 72.06; Dallas County; Texas","305","119","122","100","40","66","40","66","0","15","0","15","40","66","0","15","82","79","23","38","23","38","0","15","0","15","23","38","0","15","59","91","59","91","0","15","59","91","0","15","0","15","183","114","98","74","61","51","0","15","33","23","28","45","37","57","85","96","85","96","85","96","0","15","0","15","85","96","0","15","0","15","0","15","0","15","0","15","0","15","0","15",
"1500000US481130072062","Block Group 2; Census Tract 72.06; Dallas County; Texas","369","206","160","136","104","124","104","124","0","15","0","15","104","124","0","15","56","67","31","49","31","49","31","49","0","15","0","15","0","15","25","42","25","42","25","42","0","15","0","15","0","15","209","139","138","124","66","104","66","104","0","15","0","15","72","77","71","67","47","56","47","56","0","15","0","15","47","56","0","15","24","37","24","37","0","15","0","15","24","37","0","15",
"1500000US481130073011","Block Group 1; Census Tract 73.01; Dallas County; Texas","297","61","0","15","0","15","0","15","0","15","0","15","0","15","0","15","0","15","0","15","0","15","0","15","0","15","0","15","0","15","0","15","0","15","0","15","0","15","0","15","0","15","297","61","274","58","161","54","99","45","18","20","44","22","113","41","23","23","6","9","6","9","0","15","0","15","6","9","0","15","17","21","0","15","0","15","0","15","0","15","17","21",
"1500000US481130073012","Block Group 2; Census Tract 73.01; Dallas County; Texas","282","52","16","20","0","15","0","15","0","15","0","15","0","15","0","15","16","20","0","15","0","15","0","15","0","15","0","15","0","15","16","20","15","19","0","15","0","15","15","19","1","3","266","52","246","50","93","36","46","31","25","25","22","18","153","45","20","16","3","6","3","6","0","15","0","15","3","6","0","15","17","15","14","15","0","15","0","15","14","15","3","4",
"1500000US481130073021","Block Group 1; Census Tract 73.02; Dallas County; Texas","143","98","0","15","0","15","0","15","0","15","0","15","0","15","0","15","0","15","0","15","0","15","0","15","0","15","0","15","0","15","0","15","0","15","0","15","0","15","0","15","0","15","143","98","136","99","68","80","0","15","10","17","58","72","68","50","7","12","7","12","0","15","0","15","0","15","0","15","7","12","0","15","0","15","0","15","0","15","0","15","0","15",
"1500000US481130073022","Block Group 2; Census Tract 73.02; Dallas County; Texas","431","107","0","15","0","15","0","15","0","15","0","15","0","15","0","15","0","15","0","15","0","15","0","15","0","15","0","15","0","15","0","15","0","15","0","15","0","15","0","15","0","15","431","107","431","107","285","98","177","66","0","15","108","76","146","71","0","15","0","15","0","15","0","15","0","15","0","15","0","15","0","15","0","15","0","15","0","15","0","15","0","15",
"1500000US481130073023","Block Group 3; Census Tract 73.02; Dallas County; Texas","327","133","0","15","0","15","0","15","0","15","0","15","0","15","0","15","0","15","0","15","0","15","0","15","0","15","0","15","0","15","0","15","0","15","0","15","0","15","0","15","0","15","327","133","327","133","176","134","8","16","22","25","146","131","151","57","0","15","0","15","0","15","0","15","0","15","0","15","0","15","0","15","0","15","0","15","0","15","0","15","0","15",
"1500000US481130073024","Block Group 4; Census Tract 73.02; Dallas County; Texas","148","68","0","15","0","15","0","15","0","15","0","15","0","15","0","15","0","15","0","15","0","15","0","15","0","15","0","15","0","15","0","15","0","15","0","15","0","15","0","15","0","15","148","68","114","57","55","45","0","15","0","15","55","45","59","47","34","36","15","21","11","18","0","15","0","15","11","18","4","8","19","30","19","30","0","15","0","15","19","30","0","15",
"1500000US481130076011","Block Group 1; Census Tract 76.01; Dallas County; Texas","183","53","15","15","8","11","0","15","0","15","0","15","0","15","8","11","7","10","0","15","0","15","0","15","0","15","0","15","0","15","7","10","7","10","0","15","0","15","7","10","0","15","168","52","156","50","27","19","5","8","0","15","22","18","129","48","12","16","0","15","0","15","0","15","0","15","0","15","0","15","12","16","12","16","0","15","0","15","12","16","0","15",
"1500000US481130076012","Block Group 2; Census Tract 76.01; Dallas County; Texas","460","157","6","8","0","15","0","15","0","15","0","15","0","15","0","15","6","8","0","15","0","15","0","15","0","15","0","15","0","15","6","8","6","8","0","15","0","15","6","8","0","15","454","157","432","155","294","154","114","156","17","15","163","42","138","41","22","15","11","12","7","11","0","15","0","15","7","11","4","6","11","10","5","7","0","15","0","15","5","7","6","7",
"1500000US481130076041","Block Group 1; Census Tract 76.04; Dallas County; Texas","516","92","7","10","0","15","0","15","0","15","0","15","0","15","0","15","7","10","0","15","0","15","0","15","0","15","0","15","0","15","7","10","0","15","0","15","0","15","0","15","7","10","509","96","438","92","162","65","7","12","15","18","140","66","276","76","71","61","15","18","8","12","0","15","0","15","8","12","7","12","56","59","46","57","0","15","0","15","46","57","10","16",
"1500000US481130076042","Block Group 2; Census Tract 76.04; Dallas County; Texas","487","111","11","18","11","18","0","15","0","15","0","15","0","15","11","18","0","15","0","15","0","15","0","15","0","15","0","15","0","15","0","15","0","15","0","15","0","15","0","15","0","15","476","108","398","119","135","83","48","60","19","26","68","50","263","85","78","58","23","29","23","29","0","15","0","15","23","29","0","15","55","56","55","56","0","15","0","15","55","56","0","15",
"1500000US481130076051","Block Group 1; Census Tract 76.05; Dallas County; Texas","395","55","22","23","14","18","14","18","0","15","9","16","5","8","0","15","8","14","8","14","0","15","0","15","0","15","0","15","8","14","0","15","0","15","0","15","0","15","0","15","0","15","373","52","337","53","133","42","13","14","0","15","120","40","204","51","36","37","25","34","25","34","0","15","0","15","25","34","0","15","11","12","6","9","0","15","0","15","6","9","5","8",
"1500000US481130077011","Block Group 1; Census Tract 77.01; Dallas County; Texas","168","122","0","15","0","15","0","15","0","15","0","15","0","15","0","15","0","15","0","15","0","15","0","15","0","15","0","15","0","15","0","15","0","15","0","15","0","15","0","15","0","15","168","122","168","122","0","15","0","15","0","15","0","15","168","122","0","15","0","15","0","15","0","15","0","15","0","15","0","15","0","15","0","15","0","15","0","15","0","15","0","15",
"1500000US481130077012","Block Group 2; Census Tract 77.01; Dallas County; Texas","330","86","0","15","0","15","0","15","0","15","0","15","0","15","0","15","0","15","0","15","0","15","0","15","0","15","0","15","0","15","0","15","0","15","0","15","0","15","0","15","0","15","330","86","330","86","91","53","16","27","15","22","60","43","239","77","0","15","0","15","0","15","0","15","0","15","0","15","0","15","0","15","0","15","0","15","0","15","0","15","0","15",
"1500000US481130077021","Block Group 1; Census Tract 77.02; Dallas County; Texas","185","164","109","160","0","15","0","15","0","15","0","15","0","15","0","15","109","160","0","15","0","15","0","15","0","15","0","15","0","15","109","160","0","15","0","15","0","15","0","15","109","160","76","46","55","40","0","15","0","15","0","15","0","15","55","40","21","24","0","15","0","15","0","15","0","15","0","15","0","15","21","24","13","20","0","15","0","15","13","20","8","13",
"1500000US481130077022","Block Group 2; Census Tract 77.02; Dallas County; Texas","277","121","0","15","0","15","0","15","0","15","0","15","0","15","0","15","0","15","0","15","0","15","0","15","0","15","0","15","0","15","0","15","0","15","0","15","0","15","0","15","0","15","277","121","247","120","0","15","0","15","0","15","0","15","247","120","30","29","13","21","0","15","0","15","0","15","0","15","13","21","17","21","0","15","0","15","0","15","0","15","17","21",
"1500000US481130077023","Block Group 3; Census Tract 77.02; Dallas County; Texas","533","115","0","15","0","15","0","15","0","15","0","15","0","15","0","15","0","15","0","15","0","15","0","15","0","15","0","15","0","15","0","15","0","15","0","15","0","15","0","15","0","15","533","115","506","111","196","60","49","64","0","15","147","66","310","107","27","43","0","15","0","15","0","15","0","15","0","15","0","15","27","43","27","43","0","15","0","15","27","43","0","15",
"1500000US481130078011","Block Group 1; Census Tract 78.01; Dallas County; Texas","400","208","12","16","12","16","0","15","0","15","0","15","0","15","12","16","0","15","0","15","0","15","0","15","0","15","0","15","0","15","0","15","0","15","0","15","0","15","0","15","0","15","388","207","365","207","14","22","0","15","0","15","14","22","351","205","23","25","0","15","0","15","0","15","0","15","0","15","0","15","23","25","0","15","0","15","0","15","0","15","23","25",
"1500000US481130078012","Block Group 2; Census Tract 78.01; Dallas County; Texas","368","113","25","32","25","32","0","15","0","15","0","15","0","15","25","32","0","15","0","15","0","15","0","15","0","15","0","15","0","15","0","15","0","15","0","15","0","15","0","15","0","15","343","111","314","116","121","96","22","25","0","15","99","99","193","91","29","25","29","25","0","15","0","15","0","15","0","15","29","25","0","15","0","15","0","15","0","15","0","15","0","15",
"1500000US481130078051","Block Group 1; Census Tract 78.05; Dallas County; Texas","105","68","0","15","0","15","0","15","0","15","0","15","0","15","0","15","0","15","0","15","0","15","0","15","0","15","0","15","0","15","0","15","0","15","0","15","0","15","0","15","0","15","105","68","49","38","0","15","0","15","0","15","0","15","49","38","56","63","0","15","0","15","0","15","0","15","0","15","0","15","56","63","0","15","0","15","0","15","0","15","56","63",
"1500000US481130078052","Block Group 2; Census Tract 78.05; Dallas County; Texas","238","71","0","15","0","15","0","15","0","15","0","15","0","15","0","15","0","15","0","15","0","15","0","15","0","15","0","15","0","15","0","15","0","15","0","15","0","15","0","15","0","15","238","71","167","54","25","28","0","15","25","28","0","15","142","57","71","51","0","15","0","15","0","15","0","15","0","15","0","15","71","51","0","15","0","15","0","15","0","15","71","51",
"1500000US481130078053","Block Group 3; Census Tract 78.05; Dallas County; Texas","206","78","0","15","0","15","0","15","0","15","0","15","0","15","0","15","0","15","0","15","0","15","0","15","0","15","0","15","0","15","0","15","0","15","0","15","0","15","0","15","0","15","206","78","196","79","77","75","33","35","0","15","44","68","119","64","10","12","5","8","0","15","0","15","0","15","0","15","5","8","5","9","0","15","0","15","0","15","0","15","5","9",
"1500000US481130078091","Block Group 1; Census Tract 78.09; Dallas County; Texas","70","62","12","19","12","19","12","19","0","15","12","19","0","15","0","15","0","15","0","15","0","15","0","15","0","15","0","15","0","15","0","15","0","15","0","15","0","15","0","15","0","15","58","64","58","64","29","46","0","15","29","46","0","15","29","45","0","15","0","15","0","15","0","15","0","15","0","15","0","15","0","15","0","15","0","15","0","15","0","15","0","15",
"1500000US481130078092","Block Group 2; Census Tract 78.09; Dallas County; Texas","469","151","30","30","21","27","0","15","0","15","0","15","0","15","21","27","9","16","9","16","9","16","0","15","0","15","9","16","0","15","0","15","0","15","0","15","0","15","0","15","0","15","439","148","319","107","131","78","94","73","8","13","29","29","188","78","120","108","8","12","0","15","0","15","0","15","0","15","8","12","112","105","36","30","0","15","0","15","36","30","76","105",
"1500000US481130078101","Block Group 1; Census Tract 78.10; Dallas County; Texas","490","119","78","66","78","66","78","66","0","15","78","66","0","15","0","15","0","15","0","15","0","15","0","15","0","15","0","15","0","15","0","15","0","15","0","15","0","15","0","15","0","15","412","143","366","137","206","138","20","20","49","43","137","138","160","71","46","47","30","38","30","38","0","15","0","15","30","38","0","15","16","24","0","15","0","15","0","15","0","15","16","24",
"1500000US481130078102","Block Group 2; Census Tract 78.10; Dallas County; Texas","355","105","9","16","9","16","9","16","0","15","0","15","9","16","0","15","0","15","0","15","0","15","0","15","0","15","0","15","0","15","0","15","0","15","0","15","0","15","0","15","0","15","346","104","305","97","154","87","40","54","0","15","114","72","151","71","41","39","27","32","27","32","9","16","0","15","18","27","0","15","14","23","0","15","0","15","0","15","0","15","14","23",
"1500000US481130078103","Block Group 3; Census Tract 78.10; Dallas County; Texas","82","49","26","35","17","30","0","15","0","15","0","15","0","15","17","30","9","15","0","15","0","15","0","15","0","15","0","15","0","15","9","15","9","15","0","15","0","15","9","15","0","15","56","33","56","33","32","32","0","15","0","15","32","32","24","33","0","15","0","15","0","15","0","15","0","15","0","15","0","15","0","15","0","15","0","15","0","15","0","15","0","15",
"1500000US481130078121","Block Group 1; Census Tract 78.12; Dallas County; Texas","412","73","8","14","8","14","0","15","0","15","0","15","0","15","8","14","0","15","0","15","0","15","0","15","0","15","0","15","0","15","0","15","0","15","0","15","0","15","0","15","0","15","404","72","398","73","177","55","30","28","15","23","132","56","221","69","6","11","0","15","0","15","0","15","0","15","0","15","0","15","6","11","0","15","0","15","0","15","0","15","6","11",
"1500000US481130078122","Block Group 2; Census Tract 78.12; Dallas County; Texas","437","116","0","15","0","15","0","15","0","15","0","15","0","15","0","15","0","15","0","15","0","15","0","15","0","15","0","15","0","15","0","15","0","15","0","15","0","15","0","15","0","15","437","116","431","117","177","64","65","34","11","17","101","51","254","106","6","10","0","15","0","15","0","15","0","15","0","15","0","15","6","10","0","15","0","15","0","15","0","15","6","10",
"1500000US481130078151","Block Group 1; Census Tract 78.15; Dallas County; Texas","160","121","0","15","0","15","0","15","0","15","0","15","0","15","0","15","0","15","0","15","0","15","0","15","0","15","0","15","0","15","0","15","0","15","0","15","0","15","0","15","0","15","160","121","85","94","49","71","0","15","0","15","49","71","36","59","75","84","42","72","0","15","0","15","0","15","0","15","42","72","33","43","25","40","0","15","0","15","25","40","8","16",
"1500000US481130078152","Block Group 2; Census Tract 78.15; Dallas County; Texas","386","147","106","75","36","43","36","43","0","15","23","37","13","25","0","15","70","64","32","37","19","31","0","15","0","15","19","31","13","20","38","54","38","54","0","15","0","15","38","54","0","15","280","136","208","106","126","78","68","54","0","15","58","57","82","72","72","84","38","61","0","15","0","15","0","15","0","15","38","61","34","55","0","15","0","15","0","15","0","15","34","55",
"1500000US481130078153","Block Group 3; Census Tract 78.15; Dallas County; Texas","533","229","57","68","57","68","38","63","38","63","0","15","0","15","19","28","0","15","0","15","0","15","0","15","0","15","0","15","0","15","0","15","0","15","0","15","0","15","0","15","0","15","476","223","170","103","66","69","40","43","26","45","0","15","104","78","306","208","92","88","56","72","0","15","0","15","56","72","36","51","214","188","113","163","0","15","0","15","113","163","101","85",
"1500000US481130078191","Block Group 1; Census Tract 78.19; Dallas County; Texas","103","93","0","15","0","15","0","15","0","15","0","15","0","15","0","15","0","15","0","15","0","15","0","15","0","15","0","15","0","15","0","15","0","15","0","15","0","15","0","15","0","15","103","93","0","15","0","15","0","15","0","15","0","15","0","15","103","93","68","71","0","15","0","15","0","15","0","15","68","71","35","56","35","56","0","15","35","56","0","15","0","15",
"1500000US481130078192","Block Group 2; Census Tract 78.19; Dallas County; Texas","215","122","25","29","0","15","0","15","0","15","0","15","0","15","0","15","25","29","7","15","0","15","0","15","0","15","0","15","7","15","18","29","18","29","18","29","0","15","0","15","0","15","190","117","114","92","82","96","0","15","32","49","50","80","32","36","76","75","0","15","0","15","0","15","0","15","0","15","0","15","76","75","0","15","0","15","0","15","0","15","76","75",
"1500000US481130078211","Block Group 1; Census Tract 78.21; Dallas County; Texas","273","121","16","26","0","15","0","15","0","15","0","15","0","15","0","15","16","26","0","15","0","15","0","15","0","15","0","15","0","15","16","26","16","26","0","15","0","15","16","26","0","15","257","113","77","65","66","63","43","50","23","38","0","15","11","18","180","97","142","96","142","96","0","15","0","15","142","96","0","15","38","47","38","47","0","15","38","47","0","15","0","15",
"1500000US481130078212","Block Group 2; Census Tract 78.21; Dallas County; Texas","124","105","6","28","0","15","0","15","0","15","0","15","0","15","0","15","6","28","6","28","6","28","0","15","0","15","6","28","0","15","0","15","0","15","0","15","0","15","0","15","0","15","118","94","37","49","37","49","11","28","0","15","26","42","0","15","81","98","0","15","0","15","0","15","0","15","0","15","0","15","81","98","81","98","0","15","78","98","3","5","0","15",
"1500000US481130078213","Block Group 3; Census Tract 78.21; Dallas County; Texas","362","146","52","50","27","30","27","30","0","15","0","15","27","30","0","15","25","40","0","15","0","15","0","15","0","15","0","15","0","15","25","40","25","40","0","15","0","15","25","40","0","15","310","134","226","119","109","86","16","26","44","70","49","44","117","89","84","78","21","32","21","32","21","32","0","15","0","15","0","15","63","72","63","72","0","15","0","15","63","72","0","15",
"1500000US481130078221","Block Group 1; Census Tract 78.22; Dallas County; Texas","0","15","0","15","0","15","0","15","0","15","0","15","0","15","0","15","0","15","0","15","0","15","0","15","0","15","0","15","0","15","0","15","0","15","0","15","0","15","0","15","0","15","0","15","0","15","0","15","0","15","0","15","0","15","0","15","0","15","0","15","0","15","0","15","0","15","0","15","0","15","0","15","0","15","0","15","0","15","0","15","0","15",
"1500000US481130078222","Block Group 2; Census Tract 78.22; Dallas County; Texas","299","113","14","21","14","21","14","21","14","21","0","15","0","15","0","15","0","15","0","15","0","15","0","15","0","15","0","15","0","15","0","15","0","15","0","15","0","15","0","15","0","15","285","110","246","107","117","82","87","70","30","43","0","15","129","63","39","34","13","20","0","15","0","15","0","15","0","15","13","20","26","27","15","23","15","23","0","15","0","15","11","16",
"1500000US481130078231","Block Group 1; Census Tract 78.23; Dallas County; Texas","606","185","9","17","9","17","0","15","0","15","0","15","0","15","9","17","0","15","0","15","0","15","0","15","0","15","0","15","0","15","0","15","0","15","0","15","0","15","0","15","0","15","597","187","536","178","131","68","57","55","20","23","54","39","405","168","61","60","18","28","18","28","0","15","0","15","18","28","0","15","43","51","24","40","0","15","0","15","24","40","19","31",
"1500000US481130078241","Block Group 1; Census Tract 78.24; Dallas County; Texas","591","144","13","13","8","9","4","7","0","15","0","15","4","7","4","6","5","8","0","15","0","15","0","15","0","15","0","15","0","15","5","8","0","15","0","15","0","15","0","15","5","8","578","141","550","142","287","117","92","35","94","113","101","36","263","88","28","18","5","8","0","15","0","15","0","15","0","15","5","8","23","15","5","7","0","15","0","15","5","7","18","15",
"1500000US481130078251","Block Group 1; Census Tract 78.25; Dallas County; Texas","672","356","0","15","0","15","0","15","0","15","0","15","0","15","0","15","0","15","0","15","0","15","0","15","0","15","0","15","0","15","0","15","0","15","0","15","0","15","0","15","0","15","672","356","646","352","222","166","0","15","29","47","193","161","424","312","26","41","0","15","0","15","0","15","0","15","0","15","0","15","26","41","0","15","0","15","0","15","0","15","26","41",
"1500000US481130078252","Block Group 2; Census Tract 78.25; Dallas County; Texas","18","31","0","15","0","15","0","15","0","15","0","15","0","15","0","15","0","15","0","15","0","15","0","15","0","15","0","15","0","15","0","15","0","15","0","15","0","15","0","15","0","15","18","31","0","15","0","15","0","15","0","15","0","15","0","15","18","31","0","15","0","15","0","15","0","15","0","15","0","15","18","31","0","15","0","15","0","15","0","15","18","31",
"1500000US481130078253","Block Group 3; Census Tract 78.25; Dallas County; Texas","48","65","22","51","0","15","0","15","0","15","0","15","0","15","0","15","22","51","0","15","0","15","0","15","0","15","0","15","0","15","22","51","22","51","0","15","22","51","0","15","0","15","26","44","26","44","26","44","0","15","0","15","26","44","0","15","0","15","0","15","0","15","0","15","0","15","0","15","0","15","0","15","0","15","0","15","0","15","0","15","0","15",
"1500000US481130078254","Block Group 4; Census Tract 78.25; Dallas County; Texas","489","176","0","15","0","15","0","15","0","15","0","15","0","15","0","15","0","15","0","15","0","15","0","15","0","15","0","15","0","15","0","15","0","15","0","15","0","15","0","15","0","15","489","176","461","179","238","149","199","143","20","34","19","35","223","101","28","41","0","15","0","15","0","15","0","15","0","15","0","15","28","41","3","12","0","15","0","15","3","12","25","39",
"1500000US481130078261","Block Group 1; Census Tract 78.26; Dallas County; Texas","325","109","19","18","5","9","0","15","0","15","0","15","0","15","5","9","14","16","0","15","0","15","0","15","0","15","0","15","0","15","14","16","14","16","14","16","0","15","0","15","0","15","306","105","225","89","94","69","61","63","16","22","17","20","131","57","81","49","23","21","23","21","9","15","0","15","14","16","0","15","58","47","27","23","0","15","0","15","27","23","31","45",
"1500000US481130078271","Block Group 1; Census Tract 78.27; Dallas County; Texas","143","47","93","43","0","15","0","15","0","15","0","15","0","15","0","15","93","43","0","15","0","15","0","15","0","15","0","15","0","15","93","43","93","43","0","15","92","26","1","24","0","15","50","44","9","22","1","14","0","15","1","14","0","15","8","17","41","42","13","21","0","15","0","15","0","15","0","15","13","21","28","35","28","35","0","15","0","15","28","35","0","15",
"1500000US481130078272","Block Group 2; Census Tract 78.27; Dallas County; Texas","277","118","22","35","0","15","0","15","0","15","0","15","0","15","0","15","22","35","0","15","0","15","0","15","0","15","0","15","0","15","22","35","22","35","0","15","0","15","22","35","0","15","255","113","134","80","58","47","22","35","0","15","36","41","76","66","121","94","29","39","19","35","0","15","19","35","0","15","10","15","92","88","70","84","0","15","0","15","70","84","22","30",
"1500000US481130078281","Block Group 1; Census Tract 78.28; Dallas County; Texas","401","367","87","105","54","91","54","91","0","15","54","91","0","15","0","15","33","53","33","53","33","53","33","53","0","15","0","15","0","15","0","15","0","15","0","15","0","15","0","15","0","15","314","356","237","345","0","15","0","15","0","15","0","15","237","345","77","78","0","15","0","15","0","15","0","15","0","15","0","15","77","78","64","75","0","15","0","15","64","75","13","22",
"1500000US481130078282","Block Group 2; Census Tract 78.28; Dallas County; Texas","367","206","27","46","0","15","0","15","0","15","0","15","0","15","0","15","27","46","0","15","0","15","0","15","0","15","0","15","0","15","27","46","27","46","0","15","0","15","27","46","0","15","340","209","237","196","166","172","0","15","19","36","147","171","71","84","103","100","22","35","0","15","0","15","0","15","0","15","22","35","81","94","27","43","0","15","27","43","0","15","54","83",
"1500000US481130078283","Block Group 3; Census Tract 78.28; Dallas County; Texas","160","89","0","15","0","15","0","15","0","15","0","15","0","15","0","15","0","15","0","15","0","15","0","15","0","15","0","15","0","15","0","15","0","15","0","15","0","15","0","15","0","15","160","89","142","90","55","62","0","15","0","15","55","62","87","73","18","31","0","15","0","15","0","15","0","15","0","15","0","15","18","31","0","15","0","15","0","15","0","15","18","31",
"1500000US481130078291","Block Group 1; Census Tract 78.29; Dallas County; Texas","305","127","0","15","0","15","0","15","0","15","0","15","0","15","0","15","0","15","0","15","0","15","0","15","0","15","0","15","0","15","0","15","0","15","0","15","0","15","0","15","0","15","305","127","89","70","39","55","28","44","0","15","11","28","50","59","216","126","117","109","85","95","39","59","0","15","46","68","32","51","99","61","91","57","0","15","0","15","91","57","8","15",
"1500000US481130078292","Block Group 2; Census Tract 78.29; Dallas County; Texas","271","147","82","113","82","113","66","109","0","15","66","109","0","15","16","30","0","15","0","15","0","15","0","15","0","15","0","15","0","15","0","15","0","15","0","15","0","15","0","15","0","15","189","109","27","27","0","15","0","15","0","15","0","15","27","27","162","110","75","84","0","15","0","15","0","15","0","15","75","84","87","76","37","27","0","15","32","25","5","8","50","67",
"1500000US481130078301","Block Group 1; Census Tract 78.30; Dallas County; Texas","348","203","252","195","0","15","0","15","0","15","0","15","0","15","0","15","252","195","105","160","105","160","105","160","0","15","0","15","0","15","147","107","147","107","0","15","65","108","82","85","0","15","96","86","15","31","15","31","0","15","0","15","15","31","0","15","81","85","16","44","0","15","0","15","0","15","0","15","16","44","65","72","65","72","43","63","0","15","22","36","0","15",
"1500000US481130078302","Block Group 2; Census Tract 78.30; Dallas County; Texas","129","112","0","15","0","15","0","15","0","15","0","15","0","15","0","15","0","15","0","15","0","15","0","15","0","15","0","15","0","15","0","15","0","15","0","15","0","15","0","15","0","15","129","112","77","82","54","76","0","15","54","76","0","15","23","37","52","82","0","15","0","15","0","15","0","15","0","15","0","15","52","82","52","82","52","82","0","15","0","15","0","15",
"1500000US481130078311","Block Group 1; Census Tract 78.31; Dallas County; Texas","239","105","47","60","13","20","0","15","0","15","0","15","0","15","13","20","34","56","0","15","0","15","0","15","0","15","0","15","0","15","34","56","0","15","0","15","0","15","0","15","34","56","192","94","81","71","45","46","19","29","0","15","26","36","36","59","111","83","63","66","0","15","0","15","0","15","0","15","63","66","48","59","0","15","0","15","0","15","0","15","48","59",
"1500000US481130078312","Block Group 2; Census Tract 78.31; Dallas County; Texas","146","140","0","15","0","15","0","15","0","15","0","15","0","15","0","15","0","15","0","15","0","15","0","15","0","15","0","15","0","15","0","15","0","15","0","15","0","15","0","15","0","15","146","140","86","128","0","15","0","15","0","15","0","15","86","128","60","68","27","43","0","15","0","15","0","15","0","15","27","43","33","54","33","54","0","15","0","15","33","54","0","15",
"1500000US481130078321","Block Group 1; Census Tract 78.32; Dallas County; Texas","153","118","14","22","0","15","0","15","0","15","0","15","0","15","0","15","14","22","0","15","0","15","0","15","0","15","0","15","0","15","14","22","14","22","14","22","0","15","0","15","0","15","139","118","92","101","50","84","50","84","0","15","0","15","42","45","47","72","0","15","0","15","0","15","0","15","0","15","0","15","47","72","47","72","0","15","0","15","47","72","0","15",
"1500000US481130078322","Block Group 2; Census Tract 78.32; Dallas County; Texas","401","219","172","162","120","142","120","142","0","15","24","20","96","143","0","15","52","83","0","15","0","15","0","15","0","15","0","15","0","15","52","83","52","83","52","83","0","15","0","15","0","15","229","159","60","80","21","43","9","40","0","15","12","30","39","66","169","138","143","129","51","85","0","15","51","85","0","15","92","99","26","41","26","41","0","15","0","15","26","41","0","15",
"1500000US481130078331","Block Group 1; Census Tract 78.33; Dallas County; Texas","284","123","46","55","46","55","35","54","0","15","35","54","0","15","11","12","0","15","0","15","0","15","0","15","0","15","0","15","0","15","0","15","0","15","0","15","0","15","0","15","0","15","238","114","134","87","54","61","0","15","32","53","22","35","80","67","104","86","41","41","0","15","0","15","0","15","0","15","41","41","63","81","48","80","0","15","48","80","0","15","15","26",
"1500000US481130078332","Block Group 2; Census Tract 78.33; Dallas County; Texas","217","214","127","193","127","193","127","193","0","15","0","15","127","193","0","15","0","15","0","15","0","15","0","15","0","15","0","15","0","15","0","15","0","15","0","15","0","15","0","15","0","15","90","96","0","15","0","15","0","15","0","15","0","15","0","15","90","96","41","63","41","63","0","15","41","63","0","15","0","15","49","80","0","15","0","15","0","15","0","15","49","80",
"1500000US481130078341","Block Group 1; Census Tract 78.34; Dallas County; Texas","134","80","21","45","0","15","0","15","0","15","0","15","0","15","0","15","21","45","0","15","0","15","0","15","0","15","0","15","0","15","21","45","21","45","0","15","0","15","21","45","0","15","113","78","45","48","0","15","0","15","0","15","0","15","45","48","68","67","0","15","0","15","0","15","0","15","0","15","0","15","68","67","45","58","20","33","0","15","25","55","23","45",
"1500000US481130078342","Block Group 2; Census Tract 78.34; Dallas County; Texas","244","149","41","50","41","50","14","25","14","25","0","15","0","15","27","44","0","15","0","15","0","15","0","15","0","15","0","15","0","15","0","15","0","15","0","15","0","15","0","15","0","15","203","142","79","81","5","22","0","15","0","15","5","22","74","86","124","132","0","15","0","15","0","15","0","15","0","15","0","15","124","132","124","132","54","82","0","15","70","88","0","15",
"1500000US481130078351","Block Group 1; Census Tract 78.35; Dallas County; Texas","434","98","102","59","37","38","37","38","0","15","25","36","12","21","0","15","65","64","17","27","0","15","0","15","0","15","0","15","17","27","48","58","0","15","0","15","0","15","0","15","48","58","332","85","127","88","35","36","16","25","19","28","0","15","92","78","205","86","11","18","0","15","0","15","0","15","0","15","11","18","194","82","146","69","0","15","0","15","146","69","48","46",
"1500000US481130078352","Block Group 2; Census Tract 78.35; Dallas County; Texas","193","76","10","18","0","15","0","15","0","15","0","15","0","15","0","15","10","18","0","15","0","15","0","15","0","15","0","15","0","15","10","18","10","18","0","15","0","15","10","18","0","15","183","78","95","51","12","20","12","20","0","15","0","15","83","49","88","73","33","47","0","15","0","15","0","15","0","15","33","47","55","57","33","53","0","15","0","15","33","53","22","24",
"1500000US481130079021","Block Group 1; Census Tract 79.02; Dallas County; Texas","311","104","17","28","0","15","0","15","0","15","0","15","0","15","0","15","17","28","0","15","0","15","0","15","0","15","0","15","0","15","17","28","17","28","17","28","0","15","0","15","0","15","294","99","259","94","190","87","72","55","21","29","97","73","69","41","35","33","11","19","11","19","0","15","0","15","11","19","0","15","24","28","11","18","11","18","0","15","0","15","13","21",
"1500000US481130079022","Block Group 2; Census Tract 79.02; Dallas County; Texas","225","135","0","15","0","15","0","15","0","15","0","15","0","15","0","15","0","15","0","15","0","15","0","15","0","15","0","15","0","15","0","15","0","15","0","15","0","15","0","15","0","15","225","135","225","135","20","19","11","20","0","15","9","15","205","131","0","15","0","15","0","15","0","15","0","15","0","15","0","15","0","15","0","15","0","15","0","15","0","15","0","15",
"1500000US481130079023","Block Group 3; Census Tract 79.02; Dallas County; Texas","402","178","0","15","0","15","0","15","0","15","0","15","0","15","0","15","0","15","0","15","0","15","0","15","0","15","0","15","0","15","0","15","0","15","0","15","0","15","0","15","0","15","402","178","374","180","65","39","0","15","45","31","20","24","309","170","28","32","0","15","0","15","0","15","0","15","0","15","0","15","28","32","0","15","0","15","0","15","0","15","28","32",
"1500000US481130079024","Block Group 4; Census Tract 79.02; Dallas County; Texas","82","85","16","26","0","15","0","15","0","15","0","15","0","15","0","15","16","26","0","15","0","15","0","15","0","15","0","15","0","15","16","26","16","26","0","15","0","15","16","26","0","15","66","80","0","15","0","15","0","15","0","15","0","15","0","15","66","80","0","15","0","15","0","15","0","15","0","15","0","15","66","80","20","31","20","31","0","15","0","15","46","75",
"1500000US481130079025","Block Group 5; Census Tract 79.02; Dallas County; Texas","129","62","11","17","0","15","0","15","0","15","0","15","0","15","0","15","11","17","11","17","11","17","11","17","0","15","0","15","0","15","0","15","0","15","0","15","0","15","0","15","0","15","118","58","85","56","43","33","0","15","10","16","33","33","42","48","33","37","19","29","0","15","0","15","0","15","0","15","19","29","14","22","0","15","0","15","0","15","0","15","14","22",
"1500000US481130079031","Block Group 1; Census Tract 79.03; Dallas County; Texas","177","78","0","15","0","15","0","15","0","15","0","15","0","15","0","15","0","15","0","15","0","15","0","15","0","15","0","15","0","15","0","15","0","15","0","15","0","15","0","15","0","15","177","78","142","77","31","35","31","35","0","15","0","15","111","68","35","30","0","15","0","15","0","15","0","15","0","15","0","15","35","30","12","17","12","17","0","15","0","15","23","23",
"1500000US481130079032","Block Group 2; Census Tract 79.03; Dallas County; Texas","450","105","0","15","0","15","0","15","0","15","0","15","0","15","0","15","0","15","0","15","0","15","0","15","0","15","0","15","0","15","0","15","0","15","0","15","0","15","0","15","0","15","450","105","429","106","205","115","44","32","69","99","92","55","224","85","21","17","0","15","0","15","0","15","0","15","0","15","0","15","21","17","0","15","0","15","0","15","0","15","21","17",
"1500000US481130079061","Block Group 1; Census Tract 79.06; Dallas County; Texas","313","91","34","35","11","17","0","15","0","15","0","15","0","15","11","17","23","29","0","15","0","15","0","15","0","15","0","15","0","15","23","29","23","29","0","15","0","15","23","29","0","15","279","91","259","91","113","42","0","15","6","10","107","41","146","84","20","23","10","17","10","17","0","15","0","15","10","17","0","15","10","16","10","16","0","15","0","15","10","16","0","15",
"1500000US481130079062","Block Group 2; Census Tract 79.06; Dallas County; Texas","246","67","0","15","0","15","0","15","0","15","0","15","0","15","0","15","0","15","0","15","0","15","0","15","0","15","0","15","0","15","0","15","0","15","0","15","0","15","0","15","0","15","246","67","246","67","88","35","11","12","13","19","64","29","158","57","0","15","0","15","0","15","0","15","0","15","0","15","0","15","0","15","0","15","0","15","0","15","0","15","0","15",
"1500000US481130079091","Block Group 1; Census Tract 79.09; Dallas County; Texas","169","103","0","15","0","15","0","15","0","15","0","15","0","15","0","15","0","15","0","15","0","15","0","15","0","15","0","15","0","15","0","15","0","15","0","15","0","15","0","15","0","15","169","103","150","106","31","48","31","48","0","15","0","15","119","93","19","22","0","15","0","15","0","15","0","15","0","15","0","15","19","22","12","19","0","15","0","15","12","19","7","11",
"1500000US481130079092","Block Group 2; Census Tract 79.09; Dallas County; Texas","162","75","0","15","0","15","0","15","0","15","0","15","0","15","0","15","0","15","0","15","0","15","0","15","0","15","0","15","0","15","0","15","0","15","0","15","0","15","0","15","0","15","162","75","60","47","20","22","0","15","0","15","20","22","40","37","102","57","0","15","0","15","0","15","0","15","0","15","0","15","102","57","56","17","0","15","0","15","56","17","46","53",
"1500000US481130079101","Block Group 1; Census Tract 79.10; Dallas County; Texas","356","309","0","15","0","15","0","15","0","15","0","15","0","15","0","15","0","15","0","15","0","15","0","15","0","15","0","15","0","15","0","15","0","15","0","15","0","15","0","15","0","15","356","309","314","305","93","8","93","8","0","15","0","15","221","305","42","50","28","44","0","15","0","15","0","15","0","15","28","44","14","22","0","15","0","15","0","15","0","15","14","22",
"1500000US481130079102","Block Group 2; Census Tract 79.10; Dallas County; Texas","142","166","0","15","0","15","0","15","0","15","0","15","0","15","0","15","0","15","0","15","0","15","0","15","0","15","0","15","0","15","0","15","0","15","0","15","0","15","0","15","0","15","142","166","95","156","0","15","0","15","0","15","0","15","95","156","47","48","30","39","0","15","0","15","0","15","0","15","30","39","17","28","0","15","0","15","0","15","0","15","17","28",
"1500000US481130079103","Block Group 3; Census Tract 79.10; Dallas County; Texas","174","129","0","15","0","15","0","15","0","15","0","15","0","15","0","15","0","15","0","15","0","15","0","15","0","15","0","15","0","15","0","15","0","15","0","15","0","15","0","15","0","15","174","129","67","52","0","15","0","15","0","15","0","15","67","52","107","122","0","15","0","15","0","15","0","15","0","15","0","15","107","122","30","49","30","49","0","15","0","15","77","113",
"1500000US481130079121","Block Group 1; Census Tract 79.12; Dallas County; Texas","365","197","0","15","0","15","0","15","0","15","0","15","0","15","0","15","0","15","0","15","0","15","0","15","0","15","0","15","0","15","0","15","0","15","0","15","0","15","0","15","0","15","365","197","325","196","111","97","92","99","19","22","0","15","214","166","40","40","20","25","0","15","0","15","0","15","0","15","20","25","20","33","20","33","0","15","0","15","20","33","0","15",
"1500000US481130079122","Block Group 2; Census Tract 79.12; Dallas County; Texas","118","71","0","15","0","15","0","15","0","15","0","15","0","15","0","15","0","15","0","15","0","15","0","15","0","15","0","15","0","15","0","15","0","15","0","15","0","15","0","15","0","15","118","71","83","61","25","38","0","15","0","15","25","38","58","49","35","41","35","41","17","27","17","27","0","15","0","15","18","29","0","15","0","15","0","15","0","15","0","15","0","15",
"1500000US481130079131","Block Group 1; Census Tract 79.13; Dallas County; Texas","128","63","0","15","0","15","0","15","0","15","0","15","0","15","0","15","0","15","0","15","0","15","0","15","0","15","0","15","0","15","0","15","0","15","0","15","0","15","0","15","0","15","128","63","121","64","54","21","0","15","0","15","54","21","67","59","7","11","0","15","0","15","0","15","0","15","0","15","0","15","7","11","0","15","0","15","0","15","0","15","7","11",
"1500000US481130079132","Block Group 2; Census Tract 79.13; Dallas County; Texas","178","66","10","15","0","15","0","15","0","15","0","15","0","15","0","15","10","15","10","15","0","15","0","15","0","15","0","15","10","15","0","15","0","15","0","15","0","15","0","15","0","15","168","64","124","60","15","25","0","15","15","25","0","15","109","58","44","39","28","34","0","15","0","15","0","15","0","15","28","34","16","19","0","15","0","15","0","15","0","15","16","19",
"1500000US481130079141","Block Group 1; Census Tract 79.14; Dallas County; Texas","139","119","0","15","0","15","0","15","0","15","0","15","0","15","0","15","0","15","0","15","0","15","0","15","0","15","0","15","0","15","0","15","0","15","0","15","0","15","0","15","0","15","139","119","50","38","18","29","0","15","0","15","18","29","32","35","89","112","18","28","0","15","0","15","0","15","0","15","18","28","71","108","0","15","0","15","0","15","0","15","71","108",
"1500000US481130079142","Block Group 2; Census Tract 79.14; Dallas County; Texas","216","128","41","47","0","15","0","15","0","15","0","15","0","15","0","15","41","47","20","32","0","15","0","15","0","15","0","15","20","32","21","35","21","35","21","35","0","15","0","15","0","15","175","117","146","103","18","28","0","15","18","28","0","15","128","100","29","33","0","15","0","15","0","15","0","15","0","15","0","15","29","33","0","15","0","15","0","15","0","15","29","33",
"1500000US481130079151","Block Group 1; Census Tract 79.15; Dallas County; Texas","216","103","0","15","0","15","0","15","0","15","0","15","0","15","0","15","0","15","0","15","0","15","0","15","0","15","0","15","0","15","0","15","0","15","0","15","0","15","0","15","0","15","216","103","182","100","71","64","30","50","0","15","41","39","111","76","34","34","34","34","0","15","0","15","0","15","0","15","34","34","0","15","0","15","0","15","0","15","0","15","0","15",
"1500000US481130079152","Block Group 2; Census Tract 79.15; Dallas County; Texas","106","87","0","15","0","15","0","15","0","15","0","15","0","15","0","15","0","15","0","15","0","15","0","15","0","15","0","15","0","15","0","15","0","15","0","15","0","15","0","15","0","15","106","87","45","37","22","24","0","15","0","15","22","24","23","27","61","80","8","28","8","28","0","15","0","15","8","28","0","15","53","75","8","12","8","12","0","15","0","15","45","74",
"1500000US481130079161","Block Group 1; Census Tract 79.16; Dallas County; Texas","90","53","5","8","5","8","0","15","0","15","0","15","0","15","5","8","0","15","0","15","0","15","0","15","0","15","0","15","0","15","0","15","0","15","0","15","0","15","0","15","0","15","85","52","61","42","8","12","8","12","0","15","0","15","53","40","24","31","19","29","19","29","19","29","0","15","0","15","0","15","5","8","0","15","0","15","0","15","0","15","5","8",
"1500000US481130079162","Block Group 2; Census Tract 79.16; Dallas County; Texas","159","54","0","15","0","15","0","15","0","15","0","15","0","15","0","15","0","15","0","15","0","15","0","15","0","15","0","15","0","15","0","15","0","15","0","15","0","15","0","15","0","15","159","54","134","54","0","15","0","15","0","15","0","15","134","54","25","21","10","12","0","15","0","15","0","15","0","15","10","12","15","17","7","12","0","15","0","15","7","12","8","12",
"1500000US481130080001","Block Group 1; Census Tract 80; Dallas County; Texas","417","118","20","32","20","32","0","15","0","15","0","15","0","15","20","32","0","15","0","15","0","15","0","15","0","15","0","15","0","15","0","15","0","15","0","15","0","15","0","15","0","15","397","118","324","101","200","86","35","32","18","28","147","79","124","64","73","62","20","32","0","15","0","15","0","15","0","15","20","32","53","59","34","52","0","15","0","15","34","52","19","30",
"1500000US481130080002","Block Group 2; Census Tract 80; Dallas County; Texas","533","255","0","15","0","15","0","15","0","15","0","15","0","15","0","15","0","15","0","15","0","15","0","15","0","15","0","15","0","15","0","15","0","15","0","15","0","15","0","15","0","15","533","255","517","256","374","240","159","230","139","99","76","65","143","95","16","27","16","27","16","27","0","15","0","15","16","27","0","15","0","15","0","15","0","15","0","15","0","15","0","15",
"1500000US481130080003","Block Group 3; Census Tract 80; Dallas County; Texas","163","70","0","15","0","15","0","15","0","15","0","15","0","15","0","15","0","15","0","15","0","15","0","15","0","15","0","15","0","15","0","15","0","15","0","15","0","15","0","15","0","15","163","70","163","70","107","53","0","15","16","24","91","52","56","45","0","15","0","15","0","15","0","15","0","15","0","15","0","15","0","15","0","15","0","15","0","15","0","15","0","15",
"1500000US481130080004","Block Group 4; Census Tract 80; Dallas County; Texas","287","85","0","15","0","15","0","15","0","15","0","15","0","15","0","15","0","15","0","15","0","15","0","15","0","15","0","15","0","15","0","15","0","15","0","15","0","15","0","15","0","15","287","85","264","82","62","52","0","15","11","20","51","50","202","72","23","30","0","15","0","15","0","15","0","15","0","15","0","15","23","30","0","15","0","15","0","15","0","15","23","30",
"1500000US481130080005","Block Group 5; Census Tract 80; Dallas County; Texas","369","182","0","15","0","15","0","15","0","15","0","15","0","15","0","15","0","15","0","15","0","15","0","15","0","15","0","15","0","15","0","15","0","15","0","15","0","15","0","15","0","15","369","182","341","172","212","171","57","67","142","156","13","22","129","83","28","25","12","20","12","20","0","15","0","15","12","20","0","15","16","26","0","15","0","15","0","15","0","15","16","26",
"1500000US481130080006","Block Group 6; Census Tract 80; Dallas County; Texas","288","92","0","15","0","15","0","15","0","15","0","15","0","15","0","15","0","15","0","15","0","15","0","15","0","15","0","15","0","15","0","15","0","15","0","15","0","15","0","15","0","15","288","92","272","89","136","67","0","15","28","23","108","63","136","79","16","25","0","15","0","15","0","15","0","15","0","15","0","15","16","25","16","25","0","15","0","15","16","25","0","15",
"1500000US481130081011","Block Group 1; Census Tract 81.01; Dallas County; Texas","188","69","11","20","0","15","0","15","0","15","0","15","0","15","0","15","11","20","0","15","0","15","0","15","0","15","0","15","0","15","11","20","11","20","0","15","11","20","0","15","0","15","177","61","143","61","32","27","32","27","0","15","0","15","111","62","34","42","0","15","0","15","0","15","0","15","0","15","0","15","34","42","0","15","0","15","0","15","0","15","34","42",
"1500000US481130081012","Block Group 2; Census Tract 81.01; Dallas County; Texas","134","96","16","24","0","15","0","15","0","15","0","15","0","15","0","15","16","24","0","15","0","15","0","15","0","15","0","15","0","15","16","24","16","24","16","24","0","15","0","15","0","15","118","89","118","89","22","35","0","15","22","35","0","15","96","88","0","15","0","15","0","15","0","15","0","15","0","15","0","15","0","15","0","15","0","15","0","15","0","15","0","15",
"1500000US481130081021","Block Group 1; Census Tract 81.02; Dallas County; Texas","230","170","0","15","0","15","0","15","0","15","0","15","0","15","0","15","0","15","0","15","0","15","0","15","0","15","0","15","0","15","0","15","0","15","0","15","0","15","0","15","0","15","230","170","230","170","12","27","0","15","12","27","0","15","218","167","0","15","0","15","0","15","0","15","0","15","0","15","0","15","0","15","0","15","0","15","0","15","0","15","0","15",
"1500000US481130081022","Block Group 2; Census Tract 81.02; Dallas County; Texas","294","105","0","15","0","15","0","15","0","15","0","15","0","15","0","15","0","15","0","15","0","15","0","15","0","15","0","15","0","15","0","15","0","15","0","15","0","15","0","15","0","15","294","105","294","105","149","96","72","87","14","24","63","58","145","74","0","15","0","15","0","15","0","15","0","15","0","15","0","15","0","15","0","15","0","15","0","15","0","15","0","15",
"1500000US481130081023","Block Group 3; Census Tract 81.02; Dallas County; Texas","419","141","12","20","0","15","0","15","0","15","0","15","0","15","0","15","12","20","0","15","0","15","0","15","0","15","0","15","0","15","12","20","12","20","0","15","0","15","12","20","0","15","407","141","407","141","284","130","104","109","0","15","180","86","123","64","0","15","0","15","0","15","0","15","0","15","0","15","0","15","0","15","0","15","0","15","0","15","0","15","0","15",
"1500000US481130081024","Block Group 4; Census Tract 81.02; Dallas County; Texas","193","95","12","20","0","15","0","15","0","15","0","15","0","15","0","15","12","20","0","15","0","15","0","15","0","15","0","15","0","15","12","20","12","20","0","15","0","15","12","20","0","15","181","96","115","65","22","27","16","26","0","15","6","9","93","62","66","83","0","15","0","15","0","15","0","15","0","15","0","15","66","83","50","81","0","15","0","15","50","81","16","26",
"1500000US481130082001","Block Group 1; Census Tract 82; Dallas County; Texas","266","85","0","15","0","15","0","15","0","15","0","15","0","15","0","15","0","15","0","15","0","15","0","15","0","15","0","15","0","15","0","15","0","15","0","15","0","15","0","15","0","15","266","85","221","82","99","66","17","21","23","21","59","62","122","64","45","36","9","15","9","15","0","15","0","15","9","15","0","15","36","33","21","24","0","15","0","15","21","24","15","22",
"1500000US481130082002","Block Group 2; Census Tract 82; Dallas County; Texas","355","176","0","15","0","15","0","15","0","15","0","15","0","15","0","15","0","15","0","15","0","15","0","15","0","15","0","15","0","15","0","15","0","15","0","15","0","15","0","15","0","15","355","176","172","141","145","136","0","15","66","101","79","95","27","31","183","105","29","41","6","9","0","15","0","15","6","9","23","39","154","110","123","104","26","45","0","15","97","101","31","37",
"1500000US481130082003","Block Group 3; Census Tract 82; Dallas County; Texas","380","87","0","15","0","15","0","15","0","15","0","15","0","15","0","15","0","15","0","15","0","15","0","15","0","15","0","15","0","15","0","15","0","15","0","15","0","15","0","15","0","15","380","87","309","94","200","86","43","53","24","24","133","72","109","56","71","43","0","15","0","15","0","15","0","15","0","15","0","15","71","43","15","17","0","15","0","15","15","17","56","38",
"1500000US481130082004","Block Group 4; Census Tract 82; Dallas County; Texas","150","109","0","15","0","15","0","15","0","15","0","15","0","15","0","15","0","15","0","15","0","15","0","15","0","15","0","15","0","15","0","15","0","15","0","15","0","15","0","15","0","15","150","109","106","100","23","29","0","15","14","26","9","13","83","94","44","49","39","48","0","15","0","15","0","15","0","15","39","48","5","8","5","8","0","15","0","15","5","8","0","15",
"1500000US481130084011","Block Group 1; Census Tract 84.01; Dallas County; Texas","578","226","35","40","1","13","1","13","0","15","0","15","1","13","0","15","34","37","34","37","14","23","0","15","14","23","0","15","20","30","0","15","0","15","0","15","0","15","0","15","0","15","543","228","424","225","224","215","0","15","0","15","224","215","200","95","119","88","36","56","0","15","0","15","0","15","0","15","36","56","83","71","63","65","0","15","10","17","53","63","20","32",
"1500000US481130084012","Block Group 2; Census Tract 84.01; Dallas County; Texas","654","214","79","77","71","82","9","14","0","15","9","14","0","15","62","80","8","18","0","15","0","15","0","15","0","15","0","15","0","15","8","18","8","18","0","15","8","18","0","15","0","15","575","211","252","123","128","80","0","15","102","74","26","31","124","82","323","203","111","122","111","122","0","15","0","15","111","122","0","15","212","183","212","183","52","66","102","162","58","59","0","15",
"1500000US481130084021","Block Group 1; Census Tract 84.02; Dallas County; Texas","313","162","0","15","0","15","0","15","0","15","0","15","0","15","0","15","0","15","0","15","0","15","0","15","0","15","0","15","0","15","0","15","0","15","0","15","0","15","0","15","0","15","313","162","106","111","60","88","0","15","0","15","60","88","46","71","207","163","140","146","128","143","63","103","0","15","65","94","12","24","67","105","67","105","0","15","0","15","67","105","0","15",
"1500000US481130084022","Block Group 2; Census Tract 84.02; Dallas County; Texas","496","191","0","15","0","15","0","15","0","15","0","15","0","15","0","15","0","15","0","15","0","15","0","15","0","15","0","15","0","15","0","15","0","15","0","15","0","15","0","15","0","15","496","191","310","202","151","124","0","15","97","106","54","63","159","142","186","89","46","68","0","15","0","15","0","15","0","15","46","68","140","77","30","52","0","15","0","15","30","52","110","58",
"1500000US481130085001","Block Group 1; Census Tract 85; Dallas County; Texas","448","91","39","38","23","28","23","28","0","15","0","15","23","28","0","15","16","26","16","26","16","26","0","15","0","15","16","26","0","15","0","15","0","15","0","15","0","15","0","15","0","15","409","102","187","86","73","61","0","15","0","15","73","61","114","60","222","99","74","79","70","82","0","15","0","15","70","82","4","6","148","73","115","66","37","44","11","17","67","59","33","39",
"1500000US481130085002","Block Group 2; Census Tract 85; Dallas County; Texas","338","107","39","34","20","34","20","34","0","15","0","15","20","34","0","15","19","30","0","15","0","15","0","15","0","15","0","15","0","15","19","30","19","30","0","15","19","30","0","15","0","15","299","109","258","103","138","91","10","17","36","48","92","80","120","61","41","49","0","15","0","15","0","15","0","15","0","15","0","15","41","49","41","49","0","15","0","15","41","49","0","15",
"1500000US481130086041","Block Group 1; Census Tract 86.04; Dallas County; Texas","222","133","37","59","0","15","0","15","0","15","0","15","0","15","0","15","37","59","0","15","0","15","0","15","0","15","0","15","0","15","37","59","37","59","0","15","37","59","0","15","0","15","185","130","56","49","35","38","0","15","0","15","35","38","21","33","129","118","53","47","0","15","0","15","0","15","0","15","53","47","76","112","61","108","0","15","0","15","61","108","15","26",
"1500000US481130086042","Block Group 2; Census Tract 86.04; Dallas County; Texas","359","156","207","119","0","15","0","15","0","15","0","15","0","15","0","15","207","119","0","15","0","15","0","15","0","15","0","15","0","15","207","119","207","119","30","46","50","74","127","93","0","15","152","105","80","78","71","78","0","15","22","21","49","73","9","13","72","70","0","15","0","15","0","15","0","15","0","15","0","15","72","70","71","70","0","15","44","61","27","37","1","8",
"1500000US481130087011","Block Group 1; Census Tract 87.01; Dallas County; Texas","160","95","146","94","0","15","0","15","0","15","0","15","0","15","0","15","146","94","14","23","14","23","0","15","0","15","14","23","0","15","132","91","111","91","0","15","39","59","72","71","21","32","14","21","0","15","0","15","0","15","0","15","0","15","0","15","14","21","0","15","0","15","0","15","0","15","0","15","0","15","14","21","0","15","0","15","0","15","0","15","14","21",
"1500000US481130087012","Block Group 2; Census Tract 87.01; Dallas County; Texas","564","222","423","201","32","51","32","51","0","15","0","15","32","51","0","15","391","190","0","15","0","15","0","15","0","15","0","15","0","15","391","190","315","183","110","131","37","62","168","126","76","85","141","100","112","96","83","97","63","93","0","15","20","25","29","31","29","38","0","15","0","15","0","15","0","15","0","15","0","15","29","38","0","15","0","15","0","15","0","15","29","38",
"1500000US481130087013","Block Group 3; Census Tract 87.01; Dallas County; Texas","448","156","171","116","28","44","28","44","28","44","0","15","0","15","0","15","143","98","0","15","0","15","0","15","0","15","0","15","0","15","143","98","59","61","20","34","9","15","30","49","84","84","277","100","119","76","10","17","0","15","0","15","10","17","109","77","158","91","29","31","0","15","0","15","0","15","0","15","29","31","129","88","13","23","0","15","13","23","0","15","116","92",
"1500000US481130087031","Block Group 1; Census Tract 87.03; Dallas County; Texas","233","134","40","47","0","15","0","15","0","15","0","15","0","15","0","15","40","47","0","15","0","15","0","15","0","15","0","15","0","15","40","47","40","47","0","15","14","23","26","42","0","15","193","124","147","114","98","110","0","15","0","15","98","110","49","38","46","47","7","11","0","15","0","15","0","15","0","15","7","11","39","47","39","47","0","15","20","34","19","29","0","15",
"1500000US481130087032","Block Group 2; Census Tract 87.03; Dallas County; Texas","566","176","223","150","75","44","38","38","0","15","14","23","24","34","37","32","148","155","38","55","0","15","0","15","0","15","0","15","38","55","110","123","85","119","0","15","0","15","85","119","25","39","343","113","227","94","198","86","0","15","151","83","47","43","29","38","116","68","40","53","32","45","0","15","0","15","32","45","8","14","76","75","0","15","0","15","0","15","0","15","76","75",
"1500000US481130087041","Block Group 1; Census Tract 87.04; Dallas County; Texas","489","151","160","137","0","15","0","15","0","15","0","15","0","15","0","15","160","137","154","136","154","136","0","15","0","15","154","136","0","15","6","11","0","15","0","15","0","15","0","15","6","11","329","221","201","146","143","123","0","15","34","56","109","119","58","60","128","152","28","45","0","15","0","15","0","15","0","15","28","45","100","155","87","156","0","15","0","15","87","156","13","21",
"1500000US481130087042","Block Group 2; Census Tract 87.04; Dallas County; Texas","321","157","136","106","0","15","0","15","0","15","0","15","0","15","0","15","136","106","10","15","0","15","0","15","0","15","0","15","10","15","126","104","107","110","0","15","52","82","55","64","19","30","185","127","17","26","0","15","0","15","0","15","0","15","17","26","168","123","0","15","0","15","0","15","0","15","0","15","0","15","168","123","52","74","0","15","0","15","52","74","116","106",
"1500000US481130087043","Block Group 3; Census Tract 87.04; Dallas County; Texas","429","242","288","229","0","15","0","15","0","15","0","15","0","15","0","15","288","229","118","75","50","78","0","15","50","78","0","15","68","66","170","224","170","224","0","15","51","109","119","188","0","15","141","90","101","78","92","77","0","15","40","63","52","55","9","13","40","48","0","15","0","15","0","15","0","15","0","15","0","15","40","48","13","21","13","21","0","15","0","15","27","42",
"1500000US481130087051","Block Group 1; Census Tract 87.05; Dallas County; Texas","388","90","69","44","30","33","26","33","13","20","13","26","0","15","4","6","39","45","35","42","24","39","0","15","24","39","0","15","11","17","4","11","0","15","0","15","0","15","0","15","4","11","319","87","231","73","145","63","0","15","102","49","43","36","86","51","88","63","16","20","0","15","0","15","0","15","0","15","16","20","72","59","8","15","0","15","0","15","8","15","64","58",
"1500000US481130088011","Block Group 1; Census Tract 88.01; Dallas County; Texas","239","117","53","47","25","39","25","39","0","15","0","15","25","39","0","15","28","33","18","29","0","15","0","15","0","15","0","15","18","29","10","17","10","17","10","17","0","15","0","15","0","15","186","116","60","47","8","13","0","15","8","13","0","15","52","46","126","103","55","82","0","15","0","15","0","15","0","15","55","82","71","66","36","55","0","15","0","15","36","55","35","35",
"1500000US481130088012","Block Group 2; Census Tract 88.01; Dallas County; Texas","403","120","39","49","10","18","10","18","0","15","0","15","10","18","0","15","29","45","29","45","0","15","0","15","0","15","0","15","29","45","0","15","0","15","0","15","0","15","0","15","0","15","364","119","153","65","76","37","0","15","55","31","21","23","77","65","211","104","18","22","7","12","0","15","0","15","7","12","11","19","193","99","113","75","0","15","71","75","42","53","80","72",
"1500000US481130088021","Block Group 1; Census Tract 88.02; Dallas County; Texas","333","142","69","70","59","69","59","69","0","15","20","34","39","62","0","15","10","15","0","15","0","15","0","15","0","15","0","15","0","15","10","15","10","15","0","15","0","15","10","15","0","15","264","124","163","119","118","118","29","45","0","15","89","111","45","35","101","51","31","37","16","26","0","15","0","15","16","26","15","25","70","38","24","28","0","15","0","15","24","28","46","33",
"1500000US481130088022","Block Group 2; Census Tract 88.02; Dallas County; Texas","608","233","152","105","0","15","0","15","0","15","0","15","0","15","0","15","152","105","16","19","0","15","0","15","0","15","0","15","16","19","136","103","136","103","0","15","78","84","58","58","0","15","456","212","168","89","132","94","0","15","75","80","57","57","36","32","288","184","74","65","45","58","10","16","0","15","35","57","29","29","214","178","140","159","0","15","89","135","51","72","74","96",
"1500000US481130088023","Block Group 3; Census Tract 88.02; Dallas County; Texas","158","102","10","17","0","15","0","15","0","15","0","15","0","15","0","15","10","17","0","15","0","15","0","15","0","15","0","15","0","15","10","17","0","15","0","15","0","15","0","15","10","17","148","99","54","46","23","37","0","15","0","15","23","37","31","29","94","91","0","15","0","15","0","15","0","15","0","15","0","15","94","91","41","76","0","15","0","15","41","76","53","61",
"1500000US481130090011","Block Group 1; Census Tract 90.01; Dallas County; Texas","284","96","80","55","37","47","0","15","0","15","0","15","0","15","37","47","43","48","0","15","0","15","0","15","0","15","0","15","0","15","43","48","43","48","0","15","15","25","28","44","0","15","204","95","96","61","82","58","0","15","49","49","33","30","14","21","108","85","42","52","0","15","0","15","0","15","0","15","42","52","66","66","16","26","16","26","0","15","0","15","50","62",
"1500000US481130090012","Block Group 2; Census Tract 90.01; Dallas County; Texas","1020","414","83","75","0","15","0","15","0","15","0","15","0","15","0","15","83","75","0","15","0","15","0","15","0","15","0","15","0","15","83","75","83","75","52","59","0","15","31","51","0","15","937","407","537","392","367","383","0","15","28","36","339","372","170","71","400","201","35","38","35","38","0","15","0","15","35","38","0","15","365","195","344","193","50","56","103","121","191","134","21","33",
"1500000US481130090021","Block Group 1; Census Tract 90.02; Dallas County; Texas","377","238","174","213","0","15","0","15","0","15","0","15","0","15","0","15","174","213","0","15","0","15","0","15","0","15","0","15","0","15","174","213","48","57","0","15","48","57","0","15","126","201","203","91","133","76","60","48","0","15","0","15","60","48","73","65","70","54","48","59","23","38","0","15","23","38","0","15","25","43","22","32","22","32","0","15","0","15","22","32","0","15",
"1500000US481130090022","Block Group 2; Census Tract 90.02; Dallas County; Texas","231","105","0","15","0","15","0","15","0","15","0","15","0","15","0","15","0","15","0","15","0","15","0","15","0","15","0","15","0","15","0","15","0","15","0","15","0","15","0","15","0","15","231","105","226","103","190","93","9","23","35","52","146","93","36","38","5","12","0","15","0","15","0","15","0","15","0","15","0","15","5","12","5","12","0","15","0","15","5","12","0","15",
"1500000US481130090023","Block Group 3; Census Tract 90.02; Dallas County; Texas","260","165","4","32","0","15","0","15","0","15","0","15","0","15","0","15","4","32","0","15","0","15","0","15","0","15","0","15","0","15","4","32","4","32","0","15","0","15","4","32","0","15","256","168","217","149","192","145","0","15","0","15","192","145","25","37","39","56","0","15","0","15","0","15","0","15","0","15","0","15","39","56","0","15","0","15","0","15","0","15","39","56",
"1500000US481130091011","Block Group 1; Census Tract 91.01; Dallas County; Texas","383","116","36","45","10","16","0","15","0","15","0","15","0","15","10","16","26","43","0","15","0","15","0","15","0","15","0","15","0","15","26","43","26","43","0","15","0","15","26","43","0","15","347","111","117","69","51","46","0","15","9","17","42","42","66","53","230","111","29","45","0","15","0","15","0","15","0","15","29","45","201","105","150","96","43","54","0","15","107","81","51","54",
"1500000US481130091012","Block Group 2; Census Tract 91.01; Dallas County; Texas","194","104","0","15","0","15","0","15","0","15","0","15","0","15","0","15","0","15","0","15","0","15","0","15","0","15","0","15","0","15","0","15","0","15","0","15","0","15","0","15","0","15","194","104","129","83","76","75","12","21","0","15","64","73","53","42","65","72","56","69","40","64","0","15","0","15","40","64","16","30","9","15","9","15","0","15","0","15","9","15","0","15",
"1500000US481130091013","Block Group 3; Census Tract 91.01; Dallas County; Texas","780","282","127","154","127","154","0","15","0","15","0","15","0","15","127","154","0","15","0","15","0","15","0","15","0","15","0","15","0","15","0","15","0","15","0","15","0","15","0","15","0","15","653","248","474","241","299","201","35","61","49","53","215","182","175","146","179","125","72","85","33","55","0","15","0","15","33","55","39","62","107","97","39","44","0","15","39","44","0","15","68","66",
"1500000US481130091031","Block Group 1; Census Tract 91.03; Dallas County; Texas","397","88","23","29","0","15","0","15","0","15","0","15","0","15","0","15","23","29","0","15","0","15","0","15","0","15","0","15","0","15","23","29","10","16","0","15","0","15","10","16","13","23","374","88","249","83","113","66","52","51","47","46","14","17","136","56","125","77","7","27","7","27","0","15","7","27","0","15","0","15","118","73","75","67","0","15","1","10","74","67","43","36",
"1500000US481130091032","Block Group 2; Census Tract 91.03; Dallas County; Texas","350","103","73","69","19","34","19","34","0","15","0","15","19","34","0","15","54","56","0","15","0","15","0","15","0","15","0","15","0","15","54","56","38","47","0","15","38","47","0","15","16","27","277","101","191","75","124","63","16","28","27","41","81","50","67","46","86","65","58","56","30","39","1","14","0","15","29","36","28","38","28","38","22","38","0","15","0","15","22","38","6","10",
"1500000US481130091041","Block Group 1; Census Tract 91.04; Dallas County; Texas","345","94","114","66","31","44","31","44","0","15","0","15","31","44","0","15","83","61","0","15","0","15","0","15","0","15","0","15","0","15","83","61","83","61","14","24","32","37","37","41","0","15","231","88","175","78","105","81","2","21","13","23","90","73","70","59","56","37","5","9","0","15","0","15","0","15","0","15","5","9","51","35","25","28","0","15","25","28","0","15","26","28",
"1500000US481130091042","Block Group 2; Census Tract 91.04; Dallas County; Texas","395","153","69","59","22","38","22","38","0","15","0","15","22","38","0","15","47","49","15","22","15","22","0","15","0","15","15","22","0","15","32","44","0","15","0","15","0","15","0","15","32","44","326","150","220","143","153","140","0","15","55","46","98","132","67","40","106","69","30","37","0","15","0","15","0","15","0","15","30","37","76","56","65","58","27","39","28","37","10","16","11","13",
"1500000US481130091051","Block Group 1; Census Tract 91.05; Dallas County; Texas","314","179","40","49","21","40","19","37","18","35","1","10","0","15","2","10","19","31","0","15","0","15","0","15","0","15","0","15","0","15","19","31","19","31","0","15","0","15","19","31","0","15","274","185","182","127","107","86","0","15","48","61","59","73","75","88","92","132","0","15","0","15","0","15","0","15","0","15","0","15","92","132","0","15","0","15","0","15","0","15","92","132",
"1500000US481130091052","Block Group 2; Census Tract 91.05; Dallas County; Texas","614","125","65","69","18","29","18","29","0","15","18","29","0","15","0","15","47","57","24","39","24","39","0","15","0","15","24","39","0","15","23","37","0","15","0","15","0","15","0","15","23","37","549","121","351","98","157","105","0","15","30","49","127","95","194","67","198","106","106","81","34","54","0","15","0","15","34","54","72","65","92","72","0","15","0","15","0","15","0","15","92","72",
"1500000US481130092021","Block Group 1; Census Tract 92.02; Dallas County; Texas","457","153","63","71","14","23","14","23","0","15","0","15","14","23","0","15","49","72","49","72","49","72","0","15","49","72","0","15","0","15","0","15","0","15","0","15","0","15","0","15","0","15","394","155","341","147","126","83","19","27","29","43","78","65","215","112","53","58","14","23","14","23","0","15","0","15","14","23","0","15","39","53","0","15","0","15","0","15","0","15","39","53",
"1500000US481130092022","Block Group 2; Census Tract 92.02; Dallas County; Texas","252","118","51","62","40","60","40","60","0","15","40","60","0","15","0","15","11","19","0","15","0","15","0","15","0","15","0","15","0","15","11","19","11","19","0","15","0","15","11","19","0","15","201","113","71","76","56","74","0","15","0","15","56","74","15","25","130","79","42","58","42","58","11","38","0","15","31","49","0","15","88","58","32","39","0","15","16","28","16","28","56","45",
"1500000US481130092023","Block Group 3; Census Tract 92.02; Dallas County; Texas","480","194","185","150","68","75","68","75","0","15","0","15","68","75","0","15","117","127","0","15","0","15","0","15","0","15","0","15","0","15","117","127","117","127","0","15","0","15","117","127","0","15","295","170","192","115","114","104","62","90","21","35","31","45","78","50","103","132","12","21","12","21","0","15","0","15","12","21","0","15","91","131","91","131","0","15","0","15","91","131","0","15",
"1500000US481130092031","Block Group 1; Census Tract 92.03; Dallas County; Texas","422","202","27","33","12","16","5","8","0","15","0","15","5","8","7","13","15","27","0","15","0","15","0","15","0","15","0","15","0","15","15","27","15","27","0","15","15","27","0","15","0","15","395","208","307","201","144","99","24","41","0","15","120","96","163","177","88","87","34","50","0","15","0","15","0","15","0","15","34","50","54","76","49","76","49","76","0","15","0","15","5","8",
"1500000US481130092032","Block Group 2; Census Tract 92.03; Dallas County; Texas","595","187","161","146","84","103","84","103","12","20","0","15","72","101","0","15","77","110","0","15","0","15","0","15","0","15","0","15","0","15","77","110","77","110","0","15","0","15","77","110","0","15","434","144","354","143","278","133","0","15","95","75","183","116","76","67","80","71","0","15","0","15","0","15","0","15","0","15","0","15","80","71","51","64","0","15","42","62","9","15","29","27",
"1500000US481130092041","Block Group 1; Census Tract 92.04; Dallas County; Texas","417","126","8","14","0","15","0","15","0","15","0","15","0","15","0","15","8","14","8","14","8","14","0","15","0","15","8","14","0","15","0","15","0","15","0","15","0","15","0","15","0","15","409","126","274","105","101","65","11","20","32","42","58","47","173","86","135","90","77","77","45","66","0","15","0","15","45","66","32","37","58","47","0","15","0","15","0","15","0","15","58","47",
"1500000US481130092042","Block Group 2; Census Tract 92.04; Dallas County; Texas","233","78","45","52","0","15","0","15","0","15","0","15","0","15","0","15","45","52","0","15","0","15","0","15","0","15","0","15","0","15","45","52","45","52","0","15","0","15","45","52","0","15","188","73","100","57","54","43","0","15","10","18","44","42","46","47","88","74","60","61","52","71","0","15","0","15","52","71","8","18","28","41","0","15","0","15","0","15","0","15","28","41",
"1500000US481130093011","Block Group 1; Census Tract 93.01; Dallas County; Texas","383","141","23","36","0","15","0","15","0","15","0","15","0","15","0","15","23","36","0","15","0","15","0","15","0","15","0","15","0","15","23","36","23","36","0","15","0","15","23","36","0","15","360","140","274","131","223","137","0","15","89","94","134","109","51","44","86","73","58","69","0","15","0","15","0","15","0","15","58","69","28","35","0","15","0","15","0","15","0","15","28","35",
"1500000US481130093012","Block Group 2; Census Tract 93.01; Dallas County; Texas","269","108","33","35","14","22","0","15","0","15","0","15","0","15","14","22","19","28","0","15","0","15","0","15","0","15","0","15","0","15","19","28","19","28","0","15","19","28","0","15","0","15","236","103","148","82","123","81","0","15","8","14","115","80","25","38","88","76","26","36","0","15","0","15","0","15","0","15","26","36","62","67","62","67","0","15","0","15","62","67","0","15",
"1500000US481130093013","Block Group 3; Census Tract 93.01; Dallas County; Texas","535","159","131","150","121","151","30","48","0","15","30","48","0","15","91","149","10","16","0","15","0","15","0","15","0","15","0","15","0","15","10","16","10","16","0","15","0","15","10","16","0","15","404","88","329","95","154","77","0","15","27","41","127","79","175","87","75","44","19","29","0","15","0","15","0","15","0","15","19","29","56","43","46","38","14","23","20","31","12","17","10","18",
"1500000US481130093031","Block Group 1; Census Tract 93.03; Dallas County; Texas","299","114","37","44","13","21","0","15","0","15","0","15","0","15","13","21","24","40","24","40","24","40","0","15","0","15","24","40","0","15","0","15","0","15","0","15","0","15","0","15","0","15","262","107","163","103","59","74","0","15","0","15","59","74","104","86","99","65","6","11","0","15","0","15","0","15","0","15","6","11","93","65","79","61","0","15","54","58","25","27","14","22",
"1500000US481130093032","Block Group 2; Census Tract 93.03; Dallas County; Texas","582","151","80","69","43","50","0","15","0","15","0","15","0","15","43","50","37","45","19","30","19","30","0","15","0","15","19","30","0","15","18","37","18","37","0","15","18","37","0","15","0","15","502","145","189","135","110","89","38","58","52","64","20","30","79","82","313","170","45","56","45","56","0","15","28","49","17","29","0","15","268","150","145","115","69","77","44","71","32","48","123","110",
"1500000US481130093041","Block Group 1; Census Tract 93.04; Dallas County; Texas","456","232","167","156","0","15","0","15","0","15","0","15","0","15","0","15","167","156","25","41","0","15","0","15","0","15","0","15","25","41","142","147","142","147","0","15","0","15","142","147","0","15","289","189","113","118","63","99","0","15","0","15","63","99","50","59","176","161","0","15","0","15","0","15","0","15","0","15","0","15","176","161","121","132","0","15","0","15","121","132","55","89",
"1500000US481130093042","Block Group 2; Census Tract 93.04; Dallas County; Texas","667","245","293","211","0","15","0","15","0","15","0","15","0","15","0","15","293","211","16","28","0","15","0","15","0","15","0","15","16","28","277","213","277","213","0","15","130","143","147","183","0","15","374","213","115","169","0","15","0","15","0","15","0","15","115","169","259","152","58","72","58","72","0","15","0","15","58","72","0","15","201","149","201","149","31","51","53","90","117","115","0","15",
"1500000US481130093043","Block Group 3; Census Tract 93.04; Dallas County; Texas","282","125","19","30","0","15","0","15","0","15","0","15","0","15","0","15","19","30","0","15","0","15","0","15","0","15","0","15","0","15","19","30","19","30","0","15","19","30","0","15","0","15","263","126","65","50","11","17","0","15","11","17","0","15","54","54","198","127","0","15","0","15","0","15","0","15","0","15","0","15","198","127","60","87","0","15","0","15","60","87","138","79",
"1500000US481130093044","Block Group 4; Census Tract 93.04; Dallas County; Texas","757","357","514","326","0","15","0","15","0","15","0","15","0","15","0","15","514","326","0","15","0","15","0","15","0","15","0","15","0","15","514","326","422","296","0","15","312","282","110","91","92","139","243","149","85","84","0","15","0","15","0","15","0","15","85","84","158","126","98","115","32","54","0","15","32","54","0","15","66","101","60","65","41","56","9","16","0","15","32","54","19","33",
"1500000US481130094011","Block Group 1; Census Tract 94.01; Dallas County; Texas","371","182","100","101","0","15","0","15","0","15","0","15","0","15","0","15","100","101","26","37","0","15","0","15","0","15","0","15","26","37","74","91","74","91","17","28","0","15","57","90","0","15","271","171","200","165","100","74","26","40","0","15","74","61","100","125","71","59","47","44","0","15","0","15","0","15","0","15","47","44","24","38","24","38","0","15","0","15","24","38","0","15",
"1500000US481130094012","Block Group 2; Census Tract 94.01; Dallas County; Texas","297","106","31","41","31","41","31","41","0","15","0","15","31","41","0","15","0","15","0","15","0","15","0","15","0","15","0","15","0","15","0","15","0","15","0","15","0","15","0","15","0","15","266","96","242","94","88","64","74","58","0","15","14","24","154","76","24","27","14","18","14","18","0","15","0","15","14","18","0","15","10","16","0","15","0","15","0","15","0","15","10","16",
"1500000US481130094013","Block Group 3; Census Tract 94.01; Dallas County; Texas","252","82","0","15","0","15","0","15","0","15","0","15","0","15","0","15","0","15","0","15","0","15","0","15","0","15","0","15","0","15","0","15","0","15","0","15","0","15","0","15","0","15","252","82","215","73","78","52","32","30","12","22","34","35","137","66","37","47","29","44","0","15","0","15","0","15","0","15","29","44","8","12","0","15","0","15","0","15","0","15","8","12",
"1500000US481130094021","Block Group 1; Census Tract 94.02; Dallas County; Texas","116","53","0","15","0","15","0","15","0","15","0","15","0","15","0","15","0","15","0","15","0","15","0","15","0","15","0","15","0","15","0","15","0","15","0","15","0","15","0","15","0","15","116","53","106","52","26","26","8","13","0","15","18","25","80","43","10","14","0","15","0","15","0","15","0","15","0","15","0","15","10","14","0","15","0","15","0","15","0","15","10","14",
"1500000US481130094022","Block Group 2; Census Tract 94.02; Dallas County; Texas","487","85","5","8","0","15","0","15","0","15","0","15","0","15","0","15","5","8","0","15","0","15","0","15","0","15","0","15","0","15","5","8","5","8","0","15","0","15","5","8","0","15","482","84","422","79","216","47","80","47","87","40","49","36","206","65","60","39","13","20","13","20","0","15","0","15","13","20","0","15","47","34","47","34","0","15","0","15","47","34","0","15",
"1500000US481130095001","Block Group 1; Census Tract 95; Dallas County; Texas","344","74","18","16","18","16","8","11","0","15","8","11","0","15","10","11","0","15","0","15","0","15","0","15","0","15","0","15","0","15","0","15","0","15","0","15","0","15","0","15","0","15","326","74","276","74","70","36","9","13","6","10","55","34","206","66","50","42","11","13","0","15","0","15","0","15","0","15","11","13","39","41","0","15","0","15","0","15","0","15","39","41",
"1500000US481130095002","Block Group 2; Census Tract 95; Dallas County; Texas","384","54","23","19","16","15","6","10","0","15","0","15","6","10","10","11","7","11","0","15","0","15","0","15","0","15","0","15","0","15","7","11","0","15","0","15","0","15","0","15","7","11","361","55","330","54","156","40","52","26","20","21","84","37","174","46","31","20","7","11","0","15","0","15","0","15","0","15","7","11","24","17","3","6","0","15","0","15","3","6","21","16",
"1500000US481130096031","Block Group 1; Census Tract 96.03; Dallas County; Texas","403","189","0","15","0","15","0","15","0","15","0","15","0","15","0","15","0","15","0","15","0","15","0","15","0","15","0","15","0","15","0","15","0","15","0","15","0","15","0","15","0","15","403","189","370","190","169","174","29","27","0","15","140","164","201","76","33","30","20","22","12","19","0","15","0","15","12","19","8","12","13","20","0","15","0","15","0","15","0","15","13","20",
"1500000US481130096032","Block Group 2; Census Tract 96.03; Dallas County; Texas","417","203","0","15","0","15","0","15","0","15","0","15","0","15","0","15","0","15","0","15","0","15","0","15","0","15","0","15","0","15","0","15","0","15","0","15","0","15","0","15","0","15","417","203","309","146","235","147","45","50","132","128","58","53","74","37","108","88","17","19","8","13","0","15","0","15","8","13","9","15","91","82","76","78","0","15","0","15","76","78","15","23",
"1500000US481130096033","Block Group 3; Census Tract 96.03; Dallas County; Texas","593","113","8","14","0","15","0","15","0","15","0","15","0","15","0","15","8","14","0","15","0","15","0","15","0","15","0","15","0","15","8","14","8","14","0","15","0","15","8","14","0","15","585","114","505","118","219","74","37","38","11","18","171","68","286","102","80","54","23","22","8","14","0","15","0","15","8","14","15","17","57","52","57","52","0","15","0","15","57","52","0","15",
"1500000US481130096041","Block Group 1; Census Tract 96.04; Dallas County; Texas","277","139","0","15","0","15","0","15","0","15","0","15","0","15","0","15","0","15","0","15","0","15","0","15","0","15","0","15","0","15","0","15","0","15","0","15","0","15","0","15","0","15","277","139","192","124","148","124","41","64","0","15","107","104","44","40","85","83","0","15","0","15","0","15","0","15","0","15","0","15","85","83","50","72","0","15","0","15","50","72","35","42",
"1500000US481130096042","Block Group 2; Census Tract 96.04; Dallas County; Texas","527","247","150","221","0","15","0","15","0","15","0","15","0","15","0","15","150","221","0","15","0","15","0","15","0","15","0","15","0","15","150","221","0","15","0","15","0","15","0","15","150","221","377","127","322","122","169","127","27","54","69","94","73","87","153","84","55","66","49","64","0","15","0","15","0","15","0","15","49","64","6","12","0","15","0","15","0","15","0","15","6","12",
"1500000US481130096043","Block Group 3; Census Tract 96.04; Dallas County; Texas","119","106","0","15","0","15","0","15","0","15","0","15","0","15","0","15","0","15","0","15","0","15","0","15","0","15","0","15","0","15","0","15","0","15","0","15","0","15","0","15","0","15","119","106","96","104","87","104","0","15","0","15","87","104","9","14","23","37","0","15","0","15","0","15","0","15","0","15","0","15","23","37","0","15","0","15","0","15","0","15","23","37",
"1500000US481130096051","Block Group 1; Census Tract 96.05; Dallas County; Texas","216","94","0","15","0","15","0","15","0","15","0","15","0","15","0","15","0","15","0","15","0","15","0","15","0","15","0","15","0","15","0","15","0","15","0","15","0","15","0","15","0","15","216","94","149","84","13","28","4","7","9","26","0","15","136","74","67","50","23","21","12","23","0","15","12","23","0","15","11","17","44","50","16","16","0","15","0","15","16","16","28","47",
"1500000US481130096052","Block Group 2; Census Tract 96.05; Dallas County; Texas","492","167","0","15","0","15","0","15","0","15","0","15","0","15","0","15","0","15","0","15","0","15","0","15","0","15","0","15","0","15","0","15","0","15","0","15","0","15","0","15","0","15","492","167","257","167","93","94","0","15","35","52","58","87","164","133","235","119","47","63","47","63","0","15","0","15","47","63","0","15","188","107","156","98","52","73","46","52","58","92","32","40",
"1500000US481130096071","Block Group 1; Census Tract 96.07; Dallas County; Texas","418","96","0","15","0","15","0","15","0","15","0","15","0","15","0","15","0","15","0","15","0","15","0","15","0","15","0","15","0","15","0","15","0","15","0","15","0","15","0","15","0","15","418","96","331","97","108","58","51","44","0","15","57","41","223","89","87","82","51","67","51","67","0","15","0","15","51","67","0","15","36","54","36","54","0","15","0","15","36","54","0","15",
"1500000US481130096072","Block Group 2; Census Tract 96.07; Dallas County; Texas","335","127","8","13","0","15","0","15","0","15","0","15","0","15","0","15","8","13","0","15","0","15","0","15","0","15","0","15","0","15","8","13","0","15","0","15","0","15","0","15","8","13","327","128","167","91","95","76","60","74","12","18","23","25","72","49","160","97","45","55","45","55","0","15","13","20","32","51","0","15","115","90","87","82","87","82","0","15","0","15","28","40",
"1500000US481130096073","Block Group 3; Census Tract 96.07; Dallas County; Texas","329","132","0","15","0","15","0","15","0","15","0","15","0","15","0","15","0","15","0","15","0","15","0","15","0","15","0","15","0","15","0","15","0","15","0","15","0","15","0","15","0","15","329","132","242","106","101","87","33","28","19","34","49","78","141","60","87","81","57","72","50","74","0","15","0","15","50","74","7","13","30","31","10","16","0","15","0","15","10","16","20","26",
"1500000US481130096081","Block Group 1; Census Tract 96.08; Dallas County; Texas","204","68","10","15","10","15","0","15","0","15","0","15","0","15","10","15","0","15","0","15","0","15","0","15","0","15","0","15","0","15","0","15","0","15","0","15","0","15","0","15","0","15","194","67","189","68","67","45","0","15","21","25","46","41","122","54","5","9","0","15","0","15","0","15","0","15","0","15","0","15","5","9","0","15","0","15","0","15","0","15","5","9",
"1500000US481130096082","Block Group 2; Census Tract 96.08; Dallas County; Texas","186","69","0","15","0","15","0","15","0","15","0","15","0","15","0","15","0","15","0","15","0","15","0","15","0","15","0","15","0","15","0","15","0","15","0","15","0","15","0","15","0","15","186","69","154","60","43","31","12","21","0","15","31","28","111","59","32","48","0","15","0","15","0","15","0","15","0","15","0","15","32","48","32","48","0","15","0","15","32","48","0","15",
"1500000US481130096083","Block Group 3; Census Tract 96.08; Dallas County; Texas","433","91","0","15","0","15","0","15","0","15","0","15","0","15","0","15","0","15","0","15","0","15","0","15","0","15","0","15","0","15","0","15","0","15","0","15","0","15","0","15","0","15","433","91","378","90","139","44","50","44","49","43","40","32","239","84","55","47","31","37","0","15","0","15","0","15","0","15","31","37","24","31","20","31","10","17","0","15","10","26","4","9",
"1500000US481130096091","Block Group 1; Census Tract 96.09; Dallas County; Texas","485","161","12","20","0","15","0","15","0","15","0","15","0","15","0","15","12","20","0","15","0","15","0","15","0","15","0","15","0","15","12","20","0","15","0","15","0","15","0","15","12","20","473","160","473","160","299","148","41","45","49","33","209","145","174","60","0","15","0","15","0","15","0","15","0","15","0","15","0","15","0","15","0","15","0","15","0","15","0","15","0","15",
"1500000US481130096092","Block Group 2; Census Tract 96.09; Dallas County; Texas","447","112","8","14","0","15","0","15","0","15","0","15","0","15","0","15","8","14","8","14","0","15","0","15","0","15","0","15","8","14","0","15","0","15","0","15","0","15","0","15","0","15","439","113","374","114","155","103","28","28","0","15","127","100","219","72","65","57","10","14","4","9","0","15","0","15","4","9","6","10","55","55","17","22","0","15","7","13","10","16","38","48",
"1500000US481130096101","Block Group 1; Census Tract 96.10; Dallas County; Texas","421","130","97","81","0","15","0","15","0","15","0","15","0","15","0","15","97","81","22","36","22","36","0","15","22","36","0","15","0","15","75","74","75","74","38","63","37","42","0","15","0","15","324","122","160","117","116","92","0","15","71","59","45","74","44","72","164","95","45","44","18","29","0","15","0","15","18","29","27","33","119","89","77","83","0","15","0","15","77","83","42","40",
"1500000US481130096102","Block Group 2; Census Tract 96.10; Dallas County; Texas","116","86","36","47","27","45","0","15","0","15","0","15","0","15","27","45","9","15","0","15","0","15","0","15","0","15","0","15","0","15","9","15","9","15","9","15","0","15","0","15","0","15","80","73","48","57","32","50","0","15","32","50","0","15","16","27","32","51","0","15","0","15","0","15","0","15","0","15","0","15","32","51","32","51","0","15","32","51","0","15","0","15",
"1500000US481130096103","Block Group 3; Census Tract 96.10; Dallas County; Texas","444","180","61","60","20","41","20","41","0","15","0","15","20","41","0","15","41","41","15","25","15","25","0","15","0","15","15","25","0","15","26","32","26","32","0","15","26","32","0","15","0","15","383","175","270","179","199","161","84","101","0","15","115","91","71","88","113","114","38","61","38","61","38","61","0","15","0","15","0","15","75","91","16","27","0","15","0","15","16","27","59","87",
"1500000US481130096111","Block Group 1; Census Tract 96.11; Dallas County; Texas","109","64","7","13","7","13","0","15","0","15","0","15","0","15","7","13","0","15","0","15","0","15","0","15","0","15","0","15","0","15","0","15","0","15","0","15","0","15","0","15","0","15","102","64","98","64","0","15","0","15","0","15","0","15","98","64","4","9","0","15","0","15","0","15","0","15","0","15","0","15","4","9","0","15","0","15","0","15","0","15","4","9",
"1500000US481130096112","Block Group 2; Census Tract 96.11; Dallas County; Texas","710","195","95","60","56","54","0","15","0","15","0","15","0","15","56","54","39","53","0","15","0","15","0","15","0","15","0","15","0","15","39","53","39","53","0","15","0","15","39","53","0","15","615","207","399","200","99","74","0","15","0","15","99","74","300","185","216","104","0","15","0","15","0","15","0","15","0","15","0","15","216","104","110","98","0","15","34","51","76","81","106","77",
"1500000US481130097011","Block Group 1; Census Tract 97.01; Dallas County; Texas","174","75","20","33","0","15","0","15","0","15","0","15","0","15","0","15","20","33","20","33","0","15","0","15","0","15","0","15","20","33","0","15","0","15","0","15","0","15","0","15","0","15","154","67","137","67","56","48","4","10","0","15","52","47","81","49","17","28","17","28","0","15","0","15","0","15","0","15","17","28","0","15","0","15","0","15","0","15","0","15","0","15",
"1500000US481130097012","Block Group 2; Census Tract 97.01; Dallas County; Texas","566","231","139","157","132","156","132","156","0","15","46","63","86","138","0","15","7","12","7","12","0","15","0","15","0","15","0","15","7","12","0","15","0","15","0","15","0","15","0","15","0","15","427","165","247","138","164","105","0","15","73","77","91","77","83","87","180","131","39","60","0","15","0","15","0","15","0","15","39","60","141","122","107","109","8","15","0","15","99","110","34","48",
"1500000US481130097013","Block Group 3; Census Tract 97.01; Dallas County; Texas","283","94","19","29","19","29","16","29","16","29","0","15","0","15","3","7","0","15","0","15","0","15","0","15","0","15","0","15","0","15","0","15","0","15","0","15","0","15","0","15","0","15","264","93","240","83","120","59","52","44","38","46","30","31","120","80","24","40","24","40","0","15","0","15","0","15","0","15","24","40","0","15","0","15","0","15","0","15","0","15","0","15",
"1500000US481130097021","Block Group 1; Census Tract 97.02; Dallas County; Texas","387","109","28","43","28","43","28","43","28","43","0","15","0","15","0","15","0","15","0","15","0","15","0","15","0","15","0","15","0","15","0","15","0","15","0","15","0","15","0","15","0","15","359","88","313","83","189","84","60","44","7","15","122","83","124","57","46","60","39","59","0","15","0","15","0","15","0","15","39","59","7","12","0","15","0","15","0","15","0","15","7","12",
"1500000US481130097022","Block Group 2; Census Tract 97.02; Dallas County; Texas","543","117","0","15","0","15","0","15","0","15","0","15","0","15","0","15","0","15","0","15","0","15","0","15","0","15","0","15","0","15","0","15","0","15","0","15","0","15","0","15","0","15","543","117","506","116","294","97","29","24","37","30","228","96","212","73","37","39","0","15","0","15","0","15","0","15","0","15","0","15","37","39","8","13","0","15","0","15","8","13","29","37",
"1500000US481130098021","Block Group 1; Census Tract 98.02; Dallas County; Texas","384","199","9","14","0","15","0","15","0","15","0","15","0","15","0","15","9","14","0","15","0","15","0","15","0","15","0","15","0","15","9","14","9","14","9","14","0","15","0","15","0","15","375","198","338","194","167","179","16","25","133","178","18","21","171","73","37","57","0","15","0","15","0","15","0","15","0","15","0","15","37","57","37","57","0","15","37","57","0","15","0","15",
"1500000US481130098022","Block Group 2; Census Tract 98.02; Dallas County; Texas","418","172","78","96","10","19","10","19","0","15","0","15","10","19","0","15","68","95","58","93","0","15","0","15","0","15","0","15","58","93","10","15","10","15","0","15","10","15","0","15","0","15","340","156","238","121","42","41","0","15","0","15","42","41","196","115","102","92","21","35","0","15","0","15","0","15","0","15","21","35","81","83","81","83","0","15","38","39","43","73","0","15",
"1500000US481130098023","Block Group 3; Census Tract 98.02; Dallas County; Texas","555","167","87","67","71","65","31","49","0","15","31","49","0","15","40","44","16","19","0","15","0","15","0","15","0","15","0","15","0","15","16","19","8","13","0","15","0","15","8","13","8","13","468","161","357","156","201","115","55","82","45","51","101","71","156","97","111","74","38","47","0","15","0","15","0","15","0","15","38","47","73","57","33","40","0","15","0","15","33","40","40","44",
"1500000US481130098031","Block Group 1; Census Tract 98.03; Dallas County; Texas","503","93","20","19","12","16","12","16","0","15","0","15","12","16","0","15","8","12","0","15","0","15","0","15","0","15","0","15","0","15","8","12","8","12","0","15","8","12","0","15","0","15","483","95","352","91","164","50","29","29","61","46","74","43","188","71","131","64","30","31","19","29","0","15","0","15","19","29","11","12","101","54","68","47","0","15","6","9","62","46","33","29",
"1500000US481130098041","Block Group 1; Census Tract 98.04; Dallas County; Texas","352","164","77","55","35","37","35","37","20","30","15","23","0","15","0","15","42","47","19","29","19","29","0","15","0","15","19","29","0","15","23","38","23","38","0","15","23","38","0","15","0","15","275","151","0","15","0","15","0","15","0","15","0","15","0","15","275","151","187","134","102","112","0","15","56","87","46","72","85","96","88","129","88","129","0","15","0","15","88","129","0","15",
"1500000US481130098042","Block Group 2; Census Tract 98.04; Dallas County; Texas","308","140","20","34","0","15","0","15","0","15","0","15","0","15","0","15","20","34","0","15","0","15","0","15","0","15","0","15","0","15","20","34","20","34","0","15","0","15","20","34","0","15","288","147","143","83","85","63","12","19","48","54","25","27","58","51","145","121","0","15","0","15","0","15","0","15","0","15","0","15","145","121","36","45","0","15","0","15","36","45","109","111",
"1500000US481130098043","Block Group 3; Census Tract 98.04; Dallas County; Texas","333","153","22","36","0","15","0","15","0","15","0","15","0","15","0","15","22","36","22","36","22","36","0","15","22","36","0","15","0","15","0","15","0","15","0","15","0","15","0","15","0","15","311","160","133","98","96","82","25","37","0","15","71","73","37","52","178","129","107","104","84","103","0","15","84","103","0","15","23","38","71","81","0","15","0","15","0","15","0","15","71","81",
"1500000US481130098044","Block Group 4; Census Tract 98.04; Dallas County; Texas","383","198","82","97","0","15","0","15","0","15","0","15","0","15","0","15","82","97","38","63","38","63","0","15","38","63","0","15","0","15","44","72","44","72","0","15","44","72","0","15","0","15","301","175","137","122","26","42","0","15","26","42","0","15","111","115","164","145","51","83","0","15","0","15","0","15","0","15","51","83","113","115","89","107","0","15","0","15","89","107","24","39",
"1500000US481130099001","Block Group 1; Census Tract 99; Dallas County; Texas","596","222","64","94","64","94","64","94","64","94","0","15","0","15","0","15","0","15","0","15","0","15","0","15","0","15","0","15","0","15","0","15","0","15","0","15","0","15","0","15","0","15","532","205","433","193","137","129","55","54","0","15","82","112","296","160","99","91","63","64","0","15","0","15","0","15","0","15","63","64","36","49","0","15","0","15","0","15","0","15","36","49",
"1500000US481130099002","Block Group 2; Census Tract 99; Dallas County; Texas","625","236","0","15","0","15","0","15","0","15","0","15","0","15","0","15","0","15","0","15","0","15","0","15","0","15","0","15","0","15","0","15","0","15","0","15","0","15","0","15","0","15","625","236","443","201","140","103","106","95","0","15","34","47","303","178","182","134","10","17","0","15","0","15","0","15","0","15","10","17","172","133","123","118","0","15","0","15","123","118","49","59",
"1500000US481130099003","Block Group 3; Census Tract 99; Dallas County; Texas","313","219","0","15","0","15","0","15","0","15","0","15","0","15","0","15","0","15","0","15","0","15","0","15","0","15","0","15","0","15","0","15","0","15","0","15","0","15","0","15","0","15","313","219","239","166","63","98","0","15","0","15","63","98","176","135","74","106","74","106","74","106","0","15","0","15","74","106","0","15","0","15","0","15","0","15","0","15","0","15","0","15",
"1500000US481130100011","Block Group 1; Census Tract 100.01; Dallas County; Texas","0","15","0","15","0","15","0","15","0","15","0","15","0","15","0","15","0","15","0","15","0","15","0","15","0","15","0","15","0","15","0","15","0","15","0","15","0","15","0","15","0","15","0","15","0","15","0","15","0","15","0","15","0","15","0","15","0","15","0","15","0","15","0","15","0","15","0","15","0","15","0","15","0","15","0","15","0","15","0","15","0","15",
"1500000US481130100012","Block Group 2; Census Tract 100.01; Dallas County; Texas","111","74","94","75","0","15","0","15","0","15","0","15","0","15","0","15","94","75","11","18","0","15","0","15","0","15","0","15","11","18","83","72","35","45","9","13","26","43","0","15","48","60","17","13","8","12","0","15","0","15","0","15","0","15","8","12","9","13","0","15","0","15","0","15","0","15","0","15","0","15","9","13","9","13","0","15","0","15","9","13","0","15",
"1500000US481130100013","Block Group 3; Census Tract 100.01; Dallas County; Texas","0","15","0","15","0","15","0","15","0","15","0","15","0","15","0","15","0","15","0","15","0","15","0","15","0","15","0","15","0","15","0","15","0","15","0","15","0","15","0","15","0","15","0","15","0","15","0","15","0","15","0","15","0","15","0","15","0","15","0","15","0","15","0","15","0","15","0","15","0","15","0","15","0","15","0","15","0","15","0","15","0","15",
"1500000US481130100014","Block Group 4; Census Tract 100.01; Dallas County; Texas","0","15","0","15","0","15","0","15","0","15","0","15","0","15","0","15","0","15","0","15","0","15","0","15","0","15","0","15","0","15","0","15","0","15","0","15","0","15","0","15","0","15","0","15","0","15","0","15","0","15","0","15","0","15","0","15","0","15","0","15","0","15","0","15","0","15","0","15","0","15","0","15","0","15","0","15","0","15","0","15","0","15",
"1500000US481130100015","Block Group 5; Census Tract 100.01; Dallas County; Texas","374","219","88","82","24","24","15","18","0","15","9","15","6","9","9","16","64","85","0","15","0","15","0","15","0","15","0","15","0","15","64","85","64","85","0","15","0","15","64","85","0","15","286","203","91","43","39","36","4","7","20","32","15","23","52","43","195","198","20","32","0","15","0","15","0","15","0","15","20","32","175","196","113","172","0","15","0","15","113","172","62","94",
"1500000US481130100021","Block Group 1; Census Tract 100.02; Dallas County; Texas","0","21","0","21","0","21","0","21","0","21","0","21","0","21","0","21","0","21","0","21","0","21","0","21","0","21","0","21","0","21","0","21","0","21","0","21","0","21","0","21","0","21","0","21","0","21","0","21","0","21","0","21","0","21","0","21","0","21","0","21","0","21","0","21","0","21","0","21","0","21","0","21","0","21","0","21","0","21","0","21","0","21",
"1500000US481130100031","Block Group 1; Census Tract 100.03; Dallas County; Texas","0","15","0","15","0","15","0","15","0","15","0","15","0","15","0","15","0","15","0","15","0","15","0","15","0","15","0","15","0","15","0","15","0","15","0","15","0","15","0","15","0","15","0","15","0","15","0","15","0","15","0","15","0","15","0","15","0","15","0","15","0","15","0","15","0","15","0","15","0","15","0","15","0","15","0","15","0","15","0","15","0","15",
"1500000US481130100032","Block Group 2; Census Tract 100.03; Dallas County; Texas","265","155","12","19","0","15","0","15","0","15","0","15","0","15","0","15","12","19","12","19","12","19","0","15","0","15","12","19","0","15","0","15","0","15","0","15","0","15","0","15","0","15","253","152","145","68","0","15","0","15","0","15","0","15","145","68","108","139","108","139","0","15","0","15","0","15","0","15","108","139","0","15","0","15","0","15","0","15","0","15","0","15",
"1500000US481130101011","Block Group 1; Census Tract 101.01; Dallas County; Texas","518","160","27","41","0","15","0","15","0","15","0","15","0","15","0","15","27","41","0","15","0","15","0","15","0","15","0","15","0","15","27","41","27","41","0","15","0","15","27","41","0","15","491","148","317","136","265","134","70","57","38","61","157","121","52","38","174","109","50","64","34","58","0","15","0","15","34","58","16","26","124","86","84","82","0","15","33","52","51","61","40","49",
"1500000US481130101012","Block Group 2; Census Tract 101.01; Dallas County; Texas","408","166","76","66","24","37","24","37","0","15","0","15","24","37","0","15","52","57","0","15","0","15","0","15","0","15","0","15","0","15","52","57","0","15","0","15","0","15","0","15","52","57","332","149","202","124","148","114","87","101","31","52","30","34","54","63","130","107","91","102","66","96","66","96","0","15","0","15","25","39","39","36","13","20","0","15","0","15","13","20","26","29",
"1500000US481130101021","Block Group 1; Census Tract 101.02; Dallas County; Texas","461","117","19","20","6","10","0","15","0","15","0","15","0","15","6","10","13","19","13","19","0","15","0","15","0","15","0","15","13","19","0","15","0","15","0","15","0","15","0","15","0","15","442","119","198","81","60","49","24","25","0","15","36","39","138","87","244","109","132","86","126","85","17","26","0","15","109","86","6","10","112","57","66","44","0","15","0","15","66","44","46","32",
"1500000US481130101022","Block Group 2; Census Tract 101.02; Dallas County; Texas","230","138","50","52","35","49","35","49","35","49","0","15","0","15","0","15","15","18","0","15","0","15","0","15","0","15","0","15","0","15","15","18","15","18","0","15","6","10","9","15","0","15","180","127","158","129","123","128","0","15","0","15","123","128","35","27","22","20","17","18","8","12","8","12","0","15","0","15","9","13","5","9","0","15","0","15","0","15","0","15","5","9",
"1500000US481130105001","Block Group 1; Census Tract 105; Dallas County; Texas","356","156","132","105","117","101","65","61","38","52","4","16","23","35","52","65","15","24","0","15","0","15","0","15","0","15","0","15","0","15","15","24","15","24","0","15","0","15","15","24","0","15","224","140","206","134","96","61","12","18","0","15","84","61","110","106","18","21","18","21","0","15","0","15","0","15","0","15","18","21","0","15","0","15","0","15","0","15","0","15","0","15",
"1500000US481130105002","Block Group 2; Census Tract 105; Dallas County; Texas","368","154","51","55","51","55","51","55","12","18","39","49","0","15","0","15","0","15","0","15","0","15","0","15","0","15","0","15","0","15","0","15","0","15","0","15","0","15","0","15","0","15","317","153","156","91","59","53","14","23","0","15","45","50","97","67","161","131","92","97","0","15","0","15","0","15","0","15","92","97","69","82","46","75","0","15","0","15","46","75","23","37",
"1500000US481130106011","Block Group 1; Census Tract 106.01; Dallas County; Texas","556","156","0","15","0","15","0","15","0","15","0","15","0","15","0","15","0","15","0","15","0","15","0","15","0","15","0","15","0","15","0","15","0","15","0","15","0","15","0","15","0","15","556","156","267","124","192","112","82","90","0","15","110","83","75","62","289","135","75","86","0","15","0","15","0","15","0","15","75","86","214","121","75","72","16","24","0","15","59","67","139","110",
"1500000US481130106012","Block Group 2; Census Tract 106.01; Dallas County; Texas","727","231","133","99","43","67","0","15","0","15","0","15","0","15","43","67","90","78","0","15","0","15","0","15","0","15","0","15","0","15","90","78","79","77","0","15","18","27","61","72","11","18","594","260","302","126","97","87","0","15","37","56","60","72","205","113","292","235","126","189","107","183","107","183","0","15","0","15","19","30","166","111","85","81","0","15","0","15","85","81","81","76",
"1500000US481130106021","Block Group 1; Census Tract 106.02; Dallas County; Texas","309","112","106","71","1","4","0","15","0","15","0","15","0","15","1","4","105","70","0","15","0","15","0","15","0","15","0","15","0","15","105","70","83","75","30","43","40","63","13","23","22","36","203","94","164","90","50","56","33","51","0","15","17","22","114","95","39","27","24","22","0","15","0","15","0","15","0","15","24","22","15","17","0","15","0","15","0","15","0","15","15","17",
"1500000US481130106022","Block Group 2; Census Tract 106.02; Dallas County; Texas","374","108","61","67","0","15","0","15","0","15","0","15","0","15","0","15","61","67","0","15","0","15","0","15","0","15","0","15","0","15","61","67","61","67","0","15","22","34","39","57","0","15","313","116","205","106","144","94","44","65","21","30","79","59","61","56","108","58","48","41","0","15","0","15","0","15","0","15","48","41","60","42","60","42","0","15","7","12","53","42","0","15",
"1500000US481130107011","Block Group 1; Census Tract 107.01; Dallas County; Texas","428","142","188","117","97","93","97","93","0","15","23","34","74","88","0","15","91","90","0","15","0","15","0","15","0","15","0","15","0","15","91","90","91","90","0","15","91","90","0","15","0","15","240","134","144","101","125","98","17","27","37","61","71","75","19","26","96","92","62","73","44","67","0","15","0","15","44","67","18","29","34","53","34","53","0","15","0","15","34","53","0","15",
"1500000US481130107012","Block Group 2; Census Tract 107.01; Dallas County; Texas","349","136","35","55","35","55","35","55","0","15","0","15","35","55","0","15","0","15","0","15","0","15","0","15","0","15","0","15","0","15","0","15","0","15","0","15","0","15","0","15","0","15","314","130","260","116","146","93","18","29","35","54","93","81","114","82","54","69","0","15","0","15","0","15","0","15","0","15","0","15","54","69","15","23","0","15","0","15","15","23","39","64",
"1500000US481130107013","Block Group 3; Census Tract 107.01; Dallas County; Texas","0","15","0","15","0","15","0","15","0","15","0","15","0","15","0","15","0","15","0","15","0","15","0","15","0","15","0","15","0","15","0","15","0","15","0","15","0","15","0","15","0","15","0","15","0","15","0","15","0","15","0","15","0","15","0","15","0","15","0","15","0","15","0","15","0","15","0","15","0","15","0","15","0","15","0","15","0","15","0","15","0","15",
"1500000US481130107014","Block Group 4; Census Tract 107.01; Dallas County; Texas","0","15","0","15","0","15","0","15","0","15","0","15","0","15","0","15","0","15","0","15","0","15","0","15","0","15","0","15","0","15","0","15","0","15","0","15","0","15","0","15","0","15","0","15","0","15","0","15","0","15","0","15","0","15","0","15","0","15","0","15","0","15","0","15","0","15","0","15","0","15","0","15","0","15","0","15","0","15","0","15","0","15",
"1500000US481130107015","Block Group 5; Census Tract 107.01; Dallas County; Texas","680","245","229","161","66","98","0","15","0","15","0","15","0","15","66","98","163","142","0","15","0","15","0","15","0","15","0","15","0","15","163","142","65","101","0","15","65","101","0","15","98","95","451","223","216","139","107","112","0","15","84","103","23","39","109","99","235","182","0","15","0","15","0","15","0","15","0","15","0","15","235","182","162","160","0","15","0","15","162","160","73","95",
"1500000US481130107041","Block Group 1; Census Tract 107.04; Dallas County; Texas","588","152","37","45","8","15","8","15","0","15","0","15","8","15","0","15","29","44","0","15","0","15","0","15","0","15","0","15","0","15","29","44","0","15","0","15","0","15","0","15","29","44","551","149","422","146","150","92","0","15","40","45","110","77","272","139","129","88","76","71","44","50","0","15","32","47","12","21","32","51","53","54","15","26","0","15","0","15","15","26","38","43",
"1500000US481130107042","Block Group 2; Census Tract 107.04; Dallas County; Texas","678","259","469","229","0","15","0","15","0","15","0","15","0","15","0","15","469","229","116","131","116","131","0","15","0","15","116","131","0","15","353","218","269","205","72","85","134","158","63","101","84","98","209","179","73","117","0","15","0","15","0","15","0","15","73","117","136","124","0","15","0","15","0","15","0","15","0","15","0","15","136","124","136","124","0","15","45","75","91","109","0","15",
"1500000US481130107043","Block Group 3; Census Tract 107.04; Dallas County; Texas","328","187","89","116","24","40","0","15","0","15","0","15","0","15","24","40","65","109","0","15","0","15","0","15","0","15","0","15","0","15","65","109","65","109","0","15","0","15","65","109","0","15","239","195","143","141","58","65","0","15","0","15","58","65","85","121","96","132","0","15","0","15","0","15","0","15","0","15","0","15","96","132","83","129","0","15","0","15","83","129","13","22",
"1500000US481130108041","Block Group 1; Census Tract 108.04; Dallas County; Texas","429","224","208","170","0","15","0","15","0","15","0","15","0","15","0","15","208","170","0","15","0","15","0","15","0","15","0","15","0","15","208","170","208","170","81","130","46","75","81","95","0","15","221","159","174","150","119","134","0","15","67","104","52","84","55","82","47","76","47","76","0","15","0","15","0","15","0","15","47","76","0","15","0","15","0","15","0","15","0","15","0","15",
"1500000US481130108042","Block Group 2; Census Tract 108.04; Dallas County; Texas","233","134","75","77","26","41","26","41","0","15","26","41","0","15","0","15","49","63","0","15","0","15","0","15","0","15","0","15","0","15","49","63","0","15","0","15","0","15","0","15","49","63","158","119","91","73","64","68","0","15","0","15","64","68","27","32","67","91","0","15","0","15","0","15","0","15","0","15","0","15","67","91","57","91","0","15","0","15","57","91","10","17",
"1500000US481130108043","Block Group 3; Census Tract 108.04; Dallas County; Texas","360","180","187","152","32","54","32","54","0","15","0","15","32","54","0","15","155","150","0","15","0","15","0","15","0","15","0","15","0","15","155","150","137","147","85","121","52","81","0","15","18","29","173","108","128","97","0","15","0","15","0","15","0","15","128","97","45","50","22","35","0","15","0","15","0","15","0","15","22","35","23","36","0","15","0","15","0","15","0","15","23","36",
"1500000US481130108051","Block Group 1; Census Tract 108.05; Dallas County; Texas","189","127","86","97","61","91","61","91","0","15","0","15","61","91","0","15","25","39","0","15","0","15","0","15","0","15","0","15","0","15","25","39","25","39","0","15","0","15","25","39","0","15","103","76","77","63","39","44","0","15","0","15","39","44","38","47","26","42","26","42","0","15","0","15","0","15","0","15","26","42","0","15","0","15","0","15","0","15","0","15","0","15",
"1500000US481130108052","Block Group 2; Census Tract 108.05; Dallas County; Texas","279","95","75","68","23","36","23","36","0","15","23","36","0","15","0","15","52","61","0","15","0","15","0","15","0","15","0","15","0","15","52","61","52","61","0","15","52","61","0","15","0","15","204","113","125","86","77","71","26","44","14","25","37","44","48","51","79","76","0","15","0","15","0","15","0","15","0","15","0","15","79","76","17","27","0","15","0","15","17","27","62","72",
"1500000US481130108053","Block Group 3; Census Tract 108.05; Dallas County; Texas","447","123","141","107","0","15","0","15","0","15","0","15","0","15","0","15","141","107","0","15","0","15","0","15","0","15","0","15","0","15","141","107","127","96","33","54","0","15","94","93","14","23","306","132","202","97","91","77","19","30","44","67","28","36","111","72","104","101","56","83","56","83","0","15","56","83","0","15","0","15","48","63","48","63","0","15","0","15","48","63","0","15",
"1500000US481130108061","Block Group 1; Census Tract 108.06; Dallas County; Texas","457","172","41","46","27","41","0","15","0","15","0","15","0","15","27","41","14","22","0","15","0","15","0","15","0","15","0","15","0","15","14","22","2","8","0","15","0","15","2","8","12","20","416","178","230","120","64","38","17","27","2","7","45","36","166","112","186","150","30","49","0","15","0","15","0","15","0","15","30","49","156","142","96","128","0","15","0","15","96","128","60","62",
"1500000US481130108062","Block Group 2; Census Tract 108.06; Dallas County; Texas","512","130","107","76","13","21","0","15","0","15","0","15","0","15","13","21","94","75","26","39","26","39","0","15","26","39","0","15","0","15","68","70","58","69","0","15","0","15","58","69","10","16","405","131","249","97","75","56","0","15","34","51","41","39","174","81","156","109","0","15","0","15","0","15","0","15","0","15","0","15","156","109","50","60","0","15","0","15","50","60","106","86",
"1500000US481130108071","Block Group 1; Census Tract 108.07; Dallas County; Texas","176","135","23","44","23","44","23","44","0","15","0","15","23","44","0","15","0","15","0","15","0","15","0","15","0","15","0","15","0","15","0","15","0","15","0","15","0","15","0","15","0","15","153","121","75","101","75","101","0","15","0","15","75","101","0","15","78","61","0","15","0","15","0","15","0","15","0","15","0","15","78","61","53","56","0","15","20","34","33","47","25","39",
"1500000US481130108072","Block Group 2; Census Tract 108.07; Dallas County; Texas","627","215","301","192","138","102","138","102","98","94","40","45","0","15","0","15","163","159","0","15","0","15","0","15","0","15","0","15","0","15","163","159","163","159","94","139","0","15","69","85","0","15","326","141","206","115","47","50","22","37","0","15","25","38","159","102","120","94","14","22","0","15","0","15","0","15","0","15","14","22","106","90","13","22","0","15","0","15","13","22","93","94",
"1500000US481130108081","Block Group 1; Census Tract 108.08; Dallas County; Texas","560","201","0","15","0","15","0","15","0","15","0","15","0","15","0","15","0","15","0","15","0","15","0","15","0","15","0","15","0","15","0","15","0","15","0","15","0","15","0","15","0","15","560","201","312","163","111","118","0","15","44","80","67","81","201","96","248","180","92","105","26","52","0","15","26","52","0","15","66","82","156","168","156","168","0","15","56","98","100","152","0","15",
"1500000US481130108082","Block Group 2; Census Tract 108.08; Dallas County; Texas","247","109","0","15","0","15","0","15","0","15","0","15","0","15","0","15","0","15","0","15","0","15","0","15","0","15","0","15","0","15","0","15","0","15","0","15","0","15","0","15","0","15","247","109","187","79","130","50","0","15","35","47","95","51","57","55","60","55","50","56","0","15","0","15","0","15","0","15","50","56","10","34","1","22","1","22","0","15","0","15","9","24",
"1500000US481130108091","Block Group 1; Census Tract 108.09; Dallas County; Texas","616","449","105","94","23","37","0","15","0","15","0","15","0","15","23","37","82","86","0","15","0","15","0","15","0","15","0","15","0","15","82","86","82","86","0","15","29","43","53","72","0","15","511","454","106","84","66","68","0","15","66","68","0","15","40","49","405","458","0","15","0","15","0","15","0","15","0","15","0","15","405","458","340","454","0","15","11","16","329","455","65","56",
"1500000US481130108092","Block Group 2; Census Tract 108.09; Dallas County; Texas","380","174","62","64","14","22","0","15","0","15","0","15","0","15","14","22","48","61","48","61","36","57","0","15","0","15","36","57","12","21","0","15","0","15","0","15","0","15","0","15","0","15","318","163","202","99","66","63","0","15","0","15","66","63","136","73","116","125","103","124","103","124","0","15","0","15","103","124","0","15","13","20","0","15","0","15","0","15","0","15","13","20",
"1500000US481130108093","Block Group 3; Census Tract 108.09; Dallas County; Texas","358","98","19","33","19","33","19","33","19","33","0","15","0","15","0","15","0","15","0","15","0","15","0","15","0","15","0","15","0","15","0","15","0","15","0","15","0","15","0","15","0","15","339","106","264","146","142","124","0","15","67","104","75","88","122","98","75","86","75","86","75","86","0","15","0","15","75","86","0","15","0","15","0","15","0","15","0","15","0","15","0","15",
"1500000US481130109031","Block Group 1; Census Tract 109.03; Dallas County; Texas","929","325","153","125","0","15","0","15","0","15","0","15","0","15","0","15","153","125","26","41","0","15","0","15","0","15","0","15","26","41","127","117","127","117","0","15","127","117","0","15","0","15","776","329","337","152","110","85","0","15","0","15","110","85","227","126","439","296","0","15","0","15","0","15","0","15","0","15","0","15","439","296","328","278","20","33","133","209","175","141","111","105",
"1500000US481130109032","Block Group 2; Census Tract 109.03; Dallas County; Texas","137","135","0","15","0","15","0","15","0","15","0","15","0","15","0","15","0","15","0","15","0","15","0","15","0","15","0","15","0","15","0","15","0","15","0","15","0","15","0","15","0","15","137","135","0","15","0","15","0","15","0","15","0","15","0","15","137","135","0","15","0","15","0","15","0","15","0","15","0","15","137","135","137","135","0","15","0","15","137","135","0","15",
"1500000US481130109041","Block Group 1; Census Tract 109.04; Dallas County; Texas","262","114","23","36","0","15","0","15","0","15","0","15","0","15","0","15","23","36","0","15","0","15","0","15","0","15","0","15","0","15","23","36","23","36","0","15","23","36","0","15","0","15","239","121","8","19","8","19","0","15","0","15","8","19","0","15","231","120","45","72","45","72","0","15","0","15","45","72","0","15","186","106","89","70","0","15","0","15","89","70","97","83",
"1500000US481130109042","Block Group 2; Census Tract 109.04; Dallas County; Texas","457","198","33","46","0","15","0","15","0","15","0","15","0","15","0","15","33","46","15","28","15","28","0","15","0","15","15","28","0","15","18","32","18","32","0","15","0","15","18","32","0","15","424","196","34","40","20","30","0","15","0","15","20","30","14","24","390","193","109","127","39","59","0","15","0","15","39","59","70","111","281","151","218","143","129","104","49","80","40","61","63","72",
"1500000US481130109043","Block Group 3; Census Tract 109.04; Dallas County; Texas","390","164","0","15","0","15","0","15","0","15","0","15","0","15","0","15","0","15","0","15","0","15","0","15","0","15","0","15","0","15","0","15","0","15","0","15","0","15","0","15","0","15","390","164","132","82","15","21","8","17","0","15","7","13","117","80","258","166","56","70","56","70","0","15","0","15","56","70","0","15","202","149","111","98","0","15","0","15","111","98","91","93",
"1500000US481130109051","Block Group 1; Census Tract 109.05; Dallas County; Texas","173","126","11","23","0","15","0","15","0","15","0","15","0","15","0","15","11","23","0","15","0","15","0","15","0","15","0","15","0","15","11","23","11","23","0","15","0","15","11","23","0","15","162","127","0","15","0","15","0","15","0","15","0","15","0","15","162","127","26","41","26","41","0","15","0","15","26","41","0","15","136","125","18","27","0","15","0","15","18","27","118","123",
"1500000US481130109052","Block Group 2; Census Tract 109.05; Dallas County; Texas","479","226","167","116","0","15","0","15","0","15","0","15","0","15","0","15","167","116","0","15","0","15","0","15","0","15","0","15","0","15","167","116","167","116","68","82","64","91","35","57","0","15","312","212","0","15","0","15","0","15","0","15","0","15","0","15","312","212","77","120","77","120","0","15","0","15","77","120","0","15","235","187","131","152","0","15","0","15","131","152","104","116",
"1500000US481130109061","Block Group 1; Census Tract 109.06; Dallas County; Texas","132","74","0","15","0","15","0","15","0","15","0","15","0","15","0","15","0","15","0","15","0","15","0","15","0","15","0","15","0","15","0","15","0","15","0","15","0","15","0","15","0","15","132","74","94","61","65","60","0","15","16","40","49","50","29","35","38","61","0","15","0","15","0","15","0","15","0","15","0","15","38","61","0","15","0","15","0","15","0","15","38","61",
"1500000US481130109062","Block Group 2; Census Tract 109.06; Dallas County; Texas","212","128","29","47","29","47","29","47","0","15","0","15","29","47","0","15","0","15","0","15","0","15","0","15","0","15","0","15","0","15","0","15","0","15","0","15","0","15","0","15","0","15","183","120","66","68","23","38","0","15","0","15","23","38","43","56","117","102","30","49","30","49","0","15","0","15","30","49","0","15","87","95","0","15","0","15","0","15","0","15","87","95",
"1500000US481130109063","Block Group 3; Census Tract 109.06; Dallas County; Texas","184","111","0","15","0","15","0","15","0","15","0","15","0","15","0","15","0","15","0","15","0","15","0","15","0","15","0","15","0","15","0","15","0","15","0","15","0","15","0","15","0","15","184","111","101","88","11","18","0","15","11","18","0","15","90","85","83","77","10","17","0","15","0","15","0","15","0","15","10","17","73","75","0","15","0","15","0","15","0","15","73","75",
"1500000US481130110021","Block Group 1; Census Tract 110.02; Dallas County; Texas","460","211","118","185","118","185","0","15","0","15","0","15","0","15","118","185","0","15","0","15","0","15","0","15","0","15","0","15","0","15","0","15","0","15","0","15","0","15","0","15","0","15","342","113","214","124","72","84","0","15","52","79","20","25","142","86","128","74","31","36","0","15","0","15","0","15","0","15","31","36","97","65","84","71","40","61","16","25","28","32","13","20",
"1500000US481130110022","Block Group 2; Census Tract 110.02; Dallas County; Texas","582","179","0","15","0","15","0","15","0","15","0","15","0","15","0","15","0","15","0","15","0","15","0","15","0","15","0","15","0","15","0","15","0","15","0","15","0","15","0","15","0","15","582","179","305","162","116","118","0","15","0","15","116","118","189","113","277","123","76","80","10","17","0","15","0","15","10","17","66","80","201","134","90","81","16","25","0","15","74","78","111","101",
"1500000US481130110031","Block Group 1; Census Tract 110.03; Dallas County; Texas","430","268","0","15","0","15","0","15","0","15","0","15","0","15","0","15","0","15","0","15","0","15","0","15","0","15","0","15","0","15","0","15","0","15","0","15","0","15","0","15","0","15","430","268","106","77","67","63","0","15","0","15","67","63","39","40","324","267","202","259","21","29","12","26","0","15","9","17","181","254","122","68","53","49","0","15","17","26","36","45","69","49",
"1500000US481130110032","Block Group 2; Census Tract 110.03; Dallas County; Texas","236","95","0","15","0","15","0","15","0","15","0","15","0","15","0","15","0","15","0","15","0","15","0","15","0","15","0","15","0","15","0","15","0","15","0","15","0","15","0","15","0","15","236","95","122","61","35","41","0","15","23","36","12","19","87","44","114","75","72","62","23","31","0","15","23","31","0","15","49","49","42","48","24","39","0","15","0","15","24","39","18","24",
"1500000US481130110033","Block Group 3; Census Tract 110.03; Dallas County; Texas","363","116","40","57","40","57","40","57","0","15","0","15","40","57","0","15","0","15","0","15","0","15","0","15","0","15","0","15","0","15","0","15","0","15","0","15","0","15","0","15","0","15","323","99","194","101","10","16","0","15","0","15","10","16","184","100","129","66","18","28","18","28","0","15","0","15","18","28","0","15","111","69","31","36","0","15","0","15","31","36","80","58",
"1500000US481130110041","Block Group 1; Census Tract 110.04; Dallas County; Texas","67","68","0","15","0","15","0","15","0","15","0","15","0","15","0","15","0","15","0","15","0","15","0","15","0","15","0","15","0","15","0","15","0","15","0","15","0","15","0","15","0","15","67","68","67","68","0","15","0","15","0","15","0","15","67","68","0","15","0","15","0","15","0","15","0","15","0","15","0","15","0","15","0","15","0","15","0","15","0","15","0","15",
"1500000US481130110042","Block Group 2; Census Tract 110.04; Dallas County; Texas","473","132","204","112","51","55","28","40","0","15","0","15","28","40","23","43","153","124","0","15","0","15","0","15","0","15","0","15","0","15","153","124","153","124","0","15","70","91","83","94","0","15","269","96","201","101","120","76","0","15","108","76","12","21","81","78","68","71","46","66","0","15","0","15","0","15","0","15","46","66","22","24","22","24","0","15","11","17","11","18","0","15",
"1500000US481130111011","Block Group 1; Census Tract 111.01; Dallas County; Texas","278","99","29","32","16","24","16","24","0","15","0","15","16","24","0","15","13","20","0","15","0","15","0","15","0","15","0","15","0","15","13","20","0","15","0","15","0","15","0","15","13","20","249","102","97","57","0","15","0","15","0","15","0","15","97","57","152","91","0","15","0","15","0","15","0","15","0","15","0","15","152","91","69","75","50","73","0","15","19","20","83","55",
"1500000US481130111012","Block Group 2; Census Tract 111.01; Dallas County; Texas","380","133","57","42","38","48","38","48","0","15","38","48","0","15","0","15","19","27","0","15","0","15","0","15","0","15","0","15","0","15","19","27","19","27","11","21","8","13","0","15","0","15","323","127","212","122","13","23","0","15","13","23","0","15","199","120","111","68","46","74","0","15","0","15","0","15","0","15","46","74","65","53","40","47","0","15","0","15","40","47","25","27",
"1500000US481130111013","Block Group 3; Census Tract 111.01; Dallas County; Texas","563","154","0","15","0","15","0","15","0","15","0","15","0","15","0","15","0","15","0","15","0","15","0","15","0","15","0","15","0","15","0","15","0","15","0","15","0","15","0","15","0","15","563","154","318","111","123","82","15","23","34","51","74","72","195","100","245","135","68","72","68","72","0","15","12","20","56","69","0","15","177","111","54","56","24","31","30","49","0","15","123","97",
"1500000US481130111031","Block Group 1; Census Tract 111.03; Dallas County; Texas","203","120","114","98","92","92","69","88","69","88","0","15","0","15","23","37","22","37","0","15","0","15","0","15","0","15","0","15","0","15","22","37","22","37","0","15","0","15","22","37","0","15","89","69","63","65","27","54","27","54","0","15","0","15","36","26","26","38","0","15","0","15","0","15","0","15","0","15","0","15","26","38","19","29","0","15","0","15","19","29","7","22",
"1500000US481130111032","Block Group 2; Census Tract 111.03; Dallas County; Texas","494","141","29","31","9","14","9","14","0","15","9","14","0","15","0","15","20","31","0","15","0","15","0","15","0","15","0","15","0","15","20","31","0","15","0","15","0","15","0","15","20","31","465","143","270","127","88","56","18","29","0","15","70","45","182","97","195","102","59","62","41","50","0","15","0","15","41","50","18","31","136","71","59","53","0","15","0","15","59","53","77","50",
"1500000US481130111041","Block Group 1; Census Tract 111.04; Dallas County; Texas","522","173","80","98","61","90","0","15","0","15","0","15","0","15","61","90","19","36","0","15","0","15","0","15","0","15","0","15","0","15","19","36","0","15","0","15","0","15","0","15","19","36","442","150","307","106","205","95","0","15","69","87","136","111","102","83","135","123","68","87","11","18","0","15","0","15","11","18","57","84","67","87","67","87","0","15","0","15","67","87","0","15",
"1500000US481130111042","Block Group 2; Census Tract 111.04; Dallas County; Texas","648","313","83","80","57","71","43","67","0","15","0","15","43","67","14","23","26","35","8","12","8","12","0","15","0","15","8","12","0","15","18","33","18","33","0","15","0","15","18","33","0","15","565","298","391","294","99","100","0","15","60","93","39","45","292","285","174","92","23","38","0","15","0","15","0","15","0","15","23","38","151","81","85","69","0","15","0","15","85","69","66","50",
"1500000US481130111051","Block Group 1; Census Tract 111.05; Dallas County; Texas","621","181","143","76","67","65","67","65","0","15","0","15","67","65","0","15","76","69","0","15","0","15","0","15","0","15","0","15","0","15","76","69","76","69","0","15","0","15","76","69","0","15","478","182","184","115","58","65","0","15","0","15","58","65","126","77","294","160","68","59","51","51","31","38","8","13","12","28","17","28","226","156","106","79","22","37","23","36","61","61","120","132",
"1500000US481130111052","Block Group 2; Census Tract 111.05; Dallas County; Texas","671","235","173","156","11","27","11","27","0","15","0","15","11","27","0","15","162","150","18","30","0","15","0","15","0","15","0","15","18","30","144","146","144","146","0","15","96","127","48","75","0","15","498","197","234","159","173","137","64","98","22","36","87","128","61","84","264","155","170","149","141","134","0","15","32","52","109","121","29","51","94","87","19","31","0","15","0","15","19","31","75","82",
"1500000US481130112011","Block Group 1; Census Tract 112.01; Dallas County; Texas","327","210","0","15","0","15","0","15","0","15","0","15","0","15","0","15","0","15","0","15","0","15","0","15","0","15","0","15","0","15","0","15","0","15","0","15","0","15","0","15","0","15","327","210","286","202","98","135","0","15","0","15","98","135","188","163","41","45","0","15","0","15","0","15","0","15","0","15","0","15","41","45","17","28","0","15","0","15","17","28","24","36",
"1500000US481130112012","Block Group 2; Census Tract 112.01; Dallas County; Texas","650","212","87","88","0","15","0","15","0","15","0","15","0","15","0","15","87","88","0","15","0","15","0","15","0","15","0","15","0","15","87","88","87","88","0","15","9","15","78","87","0","15","563","201","321","177","195","142","0","15","111","120","84","88","126","108","242","135","41","48","41","48","29","45","0","15","12","18","0","15","201","127","85","72","0","15","45","37","40","63","116","103",
"1500000US481130112021","Block Group 1; Census Tract 112.02; Dallas County; Texas","303","97","13","27","0","15","0","15","0","15","0","15","0","15","0","15","13","27","0","15","0","15","0","15","0","15","0","15","0","15","13","27","13","27","0","15","0","15","13","27","0","15","290","105","182","97","53","40","41","36","0","15","12","23","129","105","108","62","0","15","0","15","0","15","0","15","0","15","0","15","108","62","68","62","0","15","24","32","44","53","40","36",
"1500000US481130112022","Block Group 2; Census Tract 112.02; Dallas County; Texas","202","127","0","15","0","15","0","15","0","15","0","15","0","15","0","15","0","15","0","15","0","15","0","15","0","15","0","15","0","15","0","15","0","15","0","15","0","15","0","15","0","15","202","127","119","75","43","49","0","15","0","15","43","49","76","54","83","122","0","15","0","15","0","15","0","15","0","15","0","15","83","122","83","122","76","120","7","18","0","15","0","15",
"1500000US481130113001","Block Group 1; Census Tract 113; Dallas County; Texas","238","102","9","15","0","15","0","15","0","15","0","15","0","15","0","15","9","15","0","15","0","15","0","15","0","15","0","15","0","15","9","15","9","15","0","15","0","15","9","15","0","15","229","104","152","84","101","72","30","51","0","15","71","52","51","42","77","57","42","43","19","31","0","15","0","15","19","31","23","25","35","35","0","15","0","15","0","15","0","15","35","35",
"1500000US481130113002","Block Group 2; Census Tract 113; Dallas County; Texas","614","185","45","71","45","71","0","15","0","15","0","15","0","15","45","71","0","15","0","15","0","15","0","15","0","15","0","15","0","15","0","15","0","15","0","15","0","15","0","15","0","15","569","174","266","142","89","99","0","15","39","67","50","76","177","109","303","145","144","110","75","94","0","15","0","15","75","94","69","71","159","105","115","101","42","64","0","15","73","81","44","41",
"1500000US481130113003","Block Group 3; Census Tract 113; Dallas County; Texas","536","180","106","72","20","29","20","29","0","15","0","15","20","29","0","15","86","66","14","23","0","15","0","15","0","15","0","15","14","23","72","62","47","55","0","15","0","15","47","55","25","37","430","189","112","100","14","22","0","15","14","22","0","15","98","98","318","157","81","99","0","15","0","15","0","15","0","15","81","99","237","127","111","103","0","15","0","15","111","103","126","93",
"1500000US481130114011","Block Group 1; Census Tract 114.01; Dallas County; Texas","586","250","134","124","0","15","0","15","0","15","0","15","0","15","0","15","134","124","80","94","39","51","13","28","26","43","0","15","41","73","54","76","54","76","0","15","34","68","20","34","0","15","452","232","251","173","197","171","0","15","0","15","197","171","54","65","201","166","95","119","0","15","0","15","0","15","0","15","95","119","106","116","59","90","0","15","0","15","59","90","47","75",
"1500000US481130114012","Block Group 2; Census Tract 114.01; Dallas County; Texas","498","211","86","72","21","35","21","35","21","35","0","15","0","15","0","15","65","69","0","15","0","15","0","15","0","15","0","15","0","15","65","69","65","69","0","15","7","22","58","61","0","15","412","195","0","15","0","15","0","15","0","15","0","15","0","15","412","195","33","36","22","38","0","15","0","15","22","38","11","20","379","198","336","202","0","15","0","15","336","202","43","48",
"1500000US481130114013","Block Group 3; Census Tract 114.01; Dallas County; Texas","460","232","172","154","0","15","0","15","0","15","0","15","0","15","0","15","172","154","60","81","50","80","0","15","0","15","50","80","10","16","112","129","112","129","0","15","112","129","0","15","0","15","288","174","87","114","59","107","0","15","0","15","59","107","28","39","201","135","0","15","0","15","0","15","0","15","0","15","0","15","201","135","12","27","0","15","0","15","12","27","189","133",
"1500000US481130115001","Block Group 1; Census Tract 115; Dallas County; Texas","480","248","127","103","87","86","35","57","0","15","0","15","35","57","52","67","40","64","0","15","0","15","0","15","0","15","0","15","0","15","40","64","0","15","0","15","0","15","0","15","40","64","353","240","104","77","72","69","42","64","0","15","30","43","32","32","249","225","223","218","169","204","0","15","169","204","0","15","54","87","26","29","0","15","0","15","0","15","0","15","26","29",
"1500000US481130115002","Block Group 2; Census Tract 115; Dallas County; Texas","688","197","329","161","95","95","0","15","0","15","0","15","0","15","95","95","234","128","0","15","0","15","0","15","0","15","0","15","0","15","234","128","234","128","0","15","20","31","214","125","0","15","359","155","167","92","74","65","13","23","21","30","40","51","93","88","192","136","65","67","32","34","0","15","0","15","32","34","33","58","127","120","54","55","0","15","24","38","30","37","73","112",
"1500000US481130116011","Block Group 1; Census Tract 116.01; Dallas County; Texas","441","157","93","80","62","74","0","15","0","15","0","15","0","15","62","74","31","35","16","26","0","15","0","15","0","15","0","15","16","26","15","24","0","15","0","15","0","15","0","15","15","24","348","149","295","148","80","62","0","15","42","45","38","44","215","137","53","53","0","15","0","15","0","15","0","15","0","15","0","15","53","53","24","40","0","15","0","15","24","40","29","32",
"1500000US481130116012","Block Group 2; Census Tract 116.01; Dallas County; Texas","505","178","167","147","28","29","0","15","0","15","0","15","0","15","28","29","139","146","94","131","0","15","0","15","0","15","0","15","94","131","45","75","45","75","0","15","0","15","45","75","0","15","338","125","239","114","132","102","0","15","68","86","64","55","107","79","99","74","17","28","17","28","0","15","0","15","17","28","0","15","82","82","49","75","0","15","0","15","49","75","33","35",
"1500000US481130116031","Block Group 1; Census Tract 116.03; Dallas County; Texas","417","139","100","94","36","45","22","39","0","15","0","15","22","39","14","24","64","78","26","42","26","42","0","15","26","42","0","15","0","15","38","63","38","63","0","15","17","27","21","38","0","15","317","124","231","115","119","89","62","65","25","39","32","52","112","82","86","65","15","24","0","15","0","15","0","15","0","15","15","24","71","60","71","60","0","15","0","15","71","60","0","15",
"1500000US481130116032","Block Group 2; Census Tract 116.03; Dallas County; Texas","371","104","59","57","49","55","40","53","0","15","11","20","29","49","9","14","10","16","0","15","0","15","0","15","0","15","0","15","0","15","10","16","10","16","0","15","0","15","10","16","0","15","312","104","273","98","143","82","0","15","95","73","48","41","130","91","39","49","25","42","25","42","0","15","0","15","25","42","0","15","14","21","0","15","0","15","0","15","0","15","14","21",
"1500000US481130116041","Block Group 1; Census Tract 116.04; Dallas County; Texas","296","126","49","50","44","49","44","49","0","15","15","23","29","43","0","15","5","10","0","15","0","15","0","15","0","15","0","15","0","15","5","10","0","15","0","15","0","15","0","15","5","10","247","118","131","81","117","75","0","15","0","15","117","75","14","24","116","104","13","20","13","20","0","15","0","15","13","20","0","15","103","103","0","15","0","15","0","15","0","15","103","103",
"1500000US481130116042","Block Group 2; Census Tract 116.04; Dallas County; Texas","545","123","89","75","67","70","67","70","0","15","45","59","22","35","0","15","22","38","0","15","0","15","0","15","0","15","0","15","0","15","22","38","22","38","0","15","0","15","22","38","0","15","456","132","323","135","236","136","78","81","43","46","115","94","87","71","133","103","5","8","0","15","0","15","0","15","0","15","5","8","128","103","66","76","0","15","53","72","13","21","62","73",
"1500000US481130117011","Block Group 1; Census Tract 117.01; Dallas County; Texas","605","187","24","32","15","26","15","26","0","15","0","15","15","26","0","15","9","17","9","17","9","17","9","17","0","15","0","15","0","15","0","15","0","15","0","15","0","15","0","15","0","15","581","182","434","153","185","115","27","42","49","68","109","86","249","139","147","131","5","15","0","15","0","15","0","15","0","15","5","15","142","127","142","127","0","15","0","15","142","127","0","15",
"1500000US481130117012","Block Group 2; Census Tract 117.01; Dallas County; Texas","381","171","139","130","14","21","14","21","0","15","14","21","0","15","0","15","125","129","0","15","0","15","0","15","0","15","0","15","0","15","125","129","125","129","24","43","0","15","101","124","0","15","242","120","146","104","63","59","8","13","21","34","34","51","83","84","96","64","49","46","27","30","0","15","0","15","27","30","22","35","47","50","27","49","0","15","0","15","27","49","20","27",
"1500000US481130117013","Block Group 3; Census Tract 117.01; Dallas County; Texas","514","178","101","87","33","40","5","8","0","15","5","8","0","15","28","38","68","77","25","42","25","42","0","15","0","15","25","42","0","15","43","68","0","15","0","15","0","15","0","15","43","68","413","174","279","165","77","78","0","15","53","69","24","41","202","153","134","96","43","54","33","51","0","15","33","51","0","15","10","19","91","76","35","46","0","15","0","15","35","46","56","62",
"1500000US481130117021","Block Group 1; Census Tract 117.02; Dallas County; Texas","249","136","11","17","0","15","0","15","0","15","0","15","0","15","0","15","11","17","0","15","0","15","0","15","0","15","0","15","0","15","11","17","0","15","0","15","0","15","0","15","11","17","238","135","156","112","72","86","6","10","66","86","0","15","84","83","82","77","63","71","38","61","38","61","0","15","0","15","25","39","19","31","0","15","0","15","0","15","0","15","19","31",
"1500000US481130117022","Block Group 2; Census Tract 117.02; Dallas County; Texas","545","189","141","106","121","102","107","103","0","15","15","27","92","96","14","22","20","34","0","15","0","15","0","15","0","15","0","15","0","15","20","34","20","34","0","15","20","34","0","15","0","15","404","171","308","159","211","115","23","38","54","67","134","91","97","91","96","63","0","15","0","15","0","15","0","15","0","15","0","15","96","63","72","51","0","15","12","18","60","47","24","40",
"1500000US481130117023","Block Group 3; Census Tract 117.02; Dallas County; Texas","421","172","42","51","0","15","0","15","0","15","0","15","0","15","0","15","42","51","0","15","0","15","0","15","0","15","0","15","0","15","42","51","42","51","23","38","19","31","0","15","0","15","379","160","192","109","173","109","38","37","99","89","36","56","19","31","187","125","5","9","0","15","0","15","0","15","0","15","5","9","182","125","41","46","27","43","14","20","0","15","141","115",
"1500000US481130118011","Block Group 1; Census Tract 118.01; Dallas County; Texas","122","95","0","15","0","15","0","15","0","15","0","15","0","15","0","15","0","15","0","15","0","15","0","15","0","15","0","15","0","15","0","15","0","15","0","15","0","15","0","15","0","15","122","95","89","93","0","15","0","15","0","15","0","15","89","93","33","39","33","39","21","31","0","15","0","15","21","31","12","22","0","15","0","15","0","15","0","15","0","15","0","15",
"1500000US481130118012","Block Group 2; Census Tract 118.01; Dallas County; Texas","365","148","30","29","10","15","0","15","0","15","0","15","0","15","10","15","20","25","0","15","0","15","0","15","0","15","0","15","0","15","20","25","20","25","0","15","0","15","20","25","0","15","335","149","159","122","0","15","0","15","0","15","0","15","159","122","176","112","17","27","0","15","0","15","0","15","0","15","17","27","159","108","69","89","0","15","14","23","55","85","90","63",
"1500000US481130118013","Block Group 3; Census Tract 118.01; Dallas County; Texas","676","239","0","15","0","15","0","15","0","15","0","15","0","15","0","15","0","15","0","15","0","15","0","15","0","15","0","15","0","15","0","15","0","15","0","15","0","15","0","15","0","15","676","239","521","239","338","213","45","57","0","15","293","203","183","164","155","98","72","70","52","65","0","15","0","15","52","65","20","30","83","70","43","49","0","15","0","15","43","49","40","49",
"1500000US481130118021","Block Group 1; Census Tract 118.02; Dallas County; Texas","305","130","33","52","33","52","33","52","0","15","0","15","33","52","0","15","0","15","0","15","0","15","0","15","0","15","0","15","0","15","0","15","0","15","0","15","0","15","0","15","0","15","272","134","142","108","33","43","10","18","23","36","0","15","109","101","130","87","50","74","50","74","0","15","0","15","50","74","0","15","80","78","0","15","0","15","0","15","0","15","80","78",
"1500000US481130118022","Block Group 2; Census Tract 118.02; Dallas County; Texas","490","175","189","148","106","77","65","55","0","15","0","15","65","55","41","49","83","137","83","137","83","137","0","15","83","137","0","15","0","15","0","15","0","15","0","15","0","15","0","15","0","15","301","103","187","89","135","80","27","44","53","59","55","58","52","49","114","82","46","58","0","15","0","15","0","15","0","15","46","58","68","61","29","36","15","25","0","15","14","27","39","46",
"1500000US481130119011","Block Group 1; Census Tract 119.01; Dallas County; Texas","249","101","9","15","0","15","0","15","0","15","0","15","0","15","0","15","9","15","0","15","0","15","0","15","0","15","0","15","0","15","9","15","0","15","0","15","0","15","0","15","9","15","240","100","223","95","35","57","0","15","35","57","0","15","188","102","17","34","0","15","0","15","0","15","0","15","0","15","0","15","17","34","0","15","0","15","0","15","0","15","17","34",
"1500000US481130119012","Block Group 2; Census Tract 119.01; Dallas County; Texas","599","160","151","158","97","119","97","119","87","120","0","15","10","17","0","15","54","65","0","15","0","15","0","15","0","15","0","15","0","15","54","65","0","15","0","15","0","15","0","15","54","65","448","109","339","119","215","124","0","15","19","35","196","125","124","79","109","122","11","18","0","15","0","15","0","15","0","15","11","18","98","115","64","76","0","15","0","15","64","76","34","55",
"1500000US481130119021","Block Group 1; Census Tract 119.02; Dallas County; Texas","303","133","0","15","0","15","0","15","0","15","0","15","0","15","0","15","0","15","0","15","0","15","0","15","0","15","0","15","0","15","0","15","0","15","0","15","0","15","0","15","0","15","303","133","227","126","161","125","0","15","33","55","128","113","66","58","76","66","19","33","0","15","0","15","0","15","0","15","19","33","57","66","0","15","0","15","0","15","0","15","57","66",
"1500000US481130119022","Block Group 2; Census Tract 119.02; Dallas County; Texas","572","142","0","15","0","15","0","15","0","15","0","15","0","15","0","15","0","15","0","15","0","15","0","15","0","15","0","15","0","15","0","15","0","15","0","15","0","15","0","15","0","15","572","142","403","148","259","100","24","34","67","64","168","98","144","92","169","110","69","65","14","25","14","25","0","15","0","15","55","60","100","92","0","15","0","15","0","15","0","15","100","92",
"1500000US481130120001","Block Group 1; Census Tract 120; Dallas County; Texas","703","337","250","228","172","209","172","209","0","15","52","82","120","190","0","15","78","96","0","15","0","15","0","15","0","15","0","15","0","15","78","96","78","96","0","15","0","15","78","96","0","15","453","285","277","223","191","182","112","174","37","58","42","56","86","132","176","135","43","76","0","15","0","15","0","15","0","15","43","76","133","94","98","99","0","15","0","15","98","99","35","50",
"1500000US481130120002","Block Group 2; Census Tract 120; Dallas County; Texas","610","279","103","113","103","113","103","113","0","15","0","15","103","113","0","15","0","15","0","15","0","15","0","15","0","15","0","15","0","15","0","15","0","15","0","15","0","15","0","15","0","15","507","278","116","132","70","114","70","114","0","15","0","15","46","63","391","267","0","15","0","15","0","15","0","15","0","15","0","15","391","267","352","254","81","126","102","151","169","165","39","64",
"1500000US481130120003","Block Group 3; Census Tract 120; Dallas County; Texas","1099","313","411","218","39","66","0","15","0","15","0","15","0","15","39","66","372","224","0","15","0","15","0","15","0","15","0","15","0","15","372","224","372","224","0","15","97","128","275","178","0","15","688","272","393","240","297","218","34","45","38","64","225","202","96","112","295","175","102","99","102","99","25","43","25","39","52","80","0","15","193","166","161","155","119","136","0","15","42","68","32","52",
"1500000US481130121011","Block Group 1; Census Tract 121.01; Dallas County; Texas","417","119","114","80","26","31","15","24","15","24","0","15","0","15","11","19","88","76","0","15","0","15","0","15","0","15","0","15","0","15","88","76","88","76","18","28","39","60","31","48","0","15","303","105","106","51","82","49","23","29","0","15","59","38","24","29","197","100","18","26","0","15","0","15","0","15","0","15","18","26","179","100","150","110","0","15","30","44","120","102","29","43",
"1500000US481130121012","Block Group 2; Census Tract 121.01; Dallas County; Texas","405","128","93","83","0","15","0","15","0","15","0","15","0","15","0","15","93","83","0","15","0","15","0","15","0","15","0","15","0","15","93","83","79","79","29","42","50","68","0","15","14","22","312","97","107","68","42","36","0","15","11","16","31","37","65","62","205","89","69","56","28","44","28","44","0","15","0","15","41","38","136","81","94","65","0","15","0","15","94","65","42","51",
"1500000US481130121021","Block Group 1; Census Tract 121.02; Dallas County; Texas","327","98","23","26","17","25","0","15","0","15","0","15","0","15","17","25","6","10","0","15","0","15","0","15","0","15","0","15","0","15","6","10","6","10","0","15","0","15","6","10","0","15","304","95","162","82","142","81","21","35","20","31","101","68","20","22","142","75","14","24","14","24","14","24","0","15","0","15","0","15","128","70","38","43","23","36","0","15","15","24","90","59",
"1500000US481130121022","Block Group 2; Census Tract 121.02; Dallas County; Texas","398","90","44","51","6","11","0","15","0","15","0","15","0","15","6","11","38","50","0","15","0","15","0","15","0","15","0","15","0","15","38","50","35","50","0","15","35","50","0","15","3","7","354","87","252","89","130","82","0","15","37","53","93","62","122","64","102","58","61","44","10","19","0","15","0","15","10","19","51","41","41","44","0","15","0","15","0","15","0","15","41","44",
"1500000US481130122061","Block Group 1; Census Tract 122.06; Dallas County; Texas","769","161","21","25","0","15","0","15","0","15","0","15","0","15","0","15","21","25","0","15","0","15","0","15","0","15","0","15","0","15","21","25","0","15","0","15","0","15","0","15","21","25","748","159","596","150","267","100","43","49","69","59","155","75","329","120","152","78","88","64","22","30","0","15","0","15","22","30","66","55","64","51","40","47","0","15","0","15","40","47","24","22",
"1500000US481130122062","Block Group 2; Census Tract 122.06; Dallas County; Texas","565","218","30","29","13","21","0","15","0","15","0","15","0","15","13","21","17","19","0","15","0","15","0","15","0","15","0","15","0","15","17","19","0","15","0","15","0","15","0","15","17","19","535","220","327","193","95","85","10","12","24","26","61","78","232","171","208","120","57","56","18","28","0","15","18","28","0","15","39","47","151","111","55","37","0","15","22","35","33","31","96","108",
"1500000US481130122071","Block Group 1; Census Tract 122.07; Dallas County; Texas","343","161","24","40","0","15","0","15","0","15","0","15","0","15","0","15","24","40","0","15","0","15","0","15","0","15","0","15","0","15","24","40","24","40","24","40","0","15","0","15","0","15","319","156","206","109","41","47","0","15","0","15","41","47","165","102","113","108","51","59","21","34","0","15","0","15","21","34","30","50","62","87","42","68","0","15","0","15","42","68","20","32",
"1500000US481130122072","Block Group 2; Census Tract 122.07; Dallas County; Texas","322","158","0","15","0","15","0","15","0","15","0","15","0","15","0","15","0","15","0","15","0","15","0","15","0","15","0","15","0","15","0","15","0","15","0","15","0","15","0","15","0","15","322","158","228","119","119","96","0","15","36","54","83","80","109","88","94","105","13","22","0","15","0","15","0","15","0","15","13","22","81","103","61","99","0","15","0","15","61","99","20","31",
"1500000US481130122073","Block Group 3; Census Tract 122.07; Dallas County; Texas","396","148","0","15","0","15","0","15","0","15","0","15","0","15","0","15","0","15","0","15","0","15","0","15","0","15","0","15","0","15","0","15","0","15","0","15","0","15","0","15","0","15","396","148","254","140","109","60","28","41","62","30","19","32","145","129","142","121","69","82","0","15","0","15","0","15","0","15","69","82","73","97","73","97","0","15","63","95","10","16","0","15",
"1500000US481130122074","Block Group 4; Census Tract 122.07; Dallas County; Texas","748","282","138","147","63","98","63","98","0","15","63","98","0","15","0","15","75","118","0","15","0","15","0","15","0","15","0","15","0","15","75","118","75","118","0","15","0","15","75","118","0","15","610","265","238","187","162","172","34","49","0","15","128","163","76","81","372","182","121","142","75","114","0","15","0","15","75","114","46","77","251","133","201","111","122","119","0","15","79","90","50","57",
"1500000US481130122081","Block Group 1; Census Tract 122.08; Dallas County; Texas","391","143","85","77","0","15","0","15","0","15","0","15","0","15","0","15","85","77","18","23","0","15","0","15","0","15","0","15","18","23","67","71","67","71","53","61","14","24","0","15","0","15","306","124","189","112","143","93","0","15","52","54","91","82","46","43","117","82","73","69","34","35","0","15","0","15","34","35","39","50","44","51","31","48","0","15","0","15","31","48","13","22",
"1500000US481130122082","Block Group 2; Census Tract 122.08; Dallas County; Texas","175","76","61","45","12","20","12","20","12","20","0","15","0","15","0","15","49","42","0","15","0","15","0","15","0","15","0","15","0","15","49","42","49","42","16","25","0","15","33","30","0","15","114","71","13","20","0","15","0","15","0","15","0","15","13","20","101","65","0","15","0","15","0","15","0","15","0","15","0","15","101","65","68","51","0","15","47","44","21","35","33","39",
"1500000US481130122091","Block Group 1; Census Tract 122.09; Dallas County; Texas","396","80","21","31","0","15","0","15","0","15","0","15","0","15","0","15","21","31","21","31","21","31","0","15","0","15","21","31","0","15","0","15","0","15","0","15","0","15","0","15","0","15","375","79","351","78","203","57","87","50","10","16","106","48","148","59","24","22","9","14","9","14","0","15","0","15","9","14","0","15","15","17","0","15","0","15","0","15","0","15","15","17",
"1500000US481130122092","Block Group 2; Census Tract 122.09; Dallas County; Texas","150","82","33","52","33","52","0","15","0","15","0","15","0","15","33","52","0","15","0","15","0","15","0","15","0","15","0","15","0","15","0","15","0","15","0","15","0","15","0","15","0","15","117","65","75","60","37","51","0","15","0","15","37","51","38","25","42","44","17","20","7","12","0","15","0","15","7","12","10","16","25","41","0","15","0","15","0","15","0","15","25","41",
"1500000US481130122101","Block Group 1; Census Tract 122.10; Dallas County; Texas","304","141","107","91","20","35","20","35","0","15","0","15","20","35","0","15","87","82","16","24","16","24","0","15","16","24","0","15","0","15","71","79","71","79","0","15","0","15","71","79","0","15","197","125","60","64","54","63","0","15","54","63","0","15","6","12","137","100","69","67","0","15","0","15","0","15","0","15","69","67","68","69","15","24","0","15","0","15","15","24","53","63",
"1500000US481130122102","Block Group 2; Census Tract 122.10; Dallas County; Texas","206","76","0","15","0","15","0","15","0","15","0","15","0","15","0","15","0","15","0","15","0","15","0","15","0","15","0","15","0","15","0","15","0","15","0","15","0","15","0","15","0","15","206","76","108","43","54","38","40","42","6","10","8","15","54","37","98","67","31","35","0","15","0","15","0","15","0","15","31","35","67","55","36","38","0","15","0","15","36","38","31","38",
"1500000US481130122103","Block Group 3; Census Tract 122.10; Dallas County; Texas","270","132","17","25","0","15","0","15","0","15","0","15","0","15","0","15","17","25","0","15","0","15","0","15","0","15","0","15","0","15","17","25","17","25","0","15","0","15","17","25","0","15","253","131","116","81","43","58","43","58","0","15","0","15","73","57","137","115","93","101","0","15","0","15","0","15","0","15","93","101","44","45","44","45","0","15","27","36","17","24","0","15",
"1500000US481130122111","Block Group 1; Census Tract 122.11; Dallas County; Texas","223","114","56","67","21","37","21","37","0","15","0","15","21","37","0","15","35","56","0","15","0","15","0","15","0","15","0","15","0","15","35","56","35","56","0","15","0","15","35","56","0","15","167","104","108","88","95","85","0","15","26","44","69","75","13","21","59","58","20","32","20","32","20","32","0","15","0","15","0","15","39","52","39","52","0","15","39","52","0","15","0","15",
"1500000US481130122112","Block Group 2; Census Tract 122.11; Dallas County; Texas","151","119","27","43","0","15","0","15","0","15","0","15","0","15","0","15","27","43","0","15","0","15","0","15","0","15","0","15","0","15","27","43","27","43","27","43","0","15","0","15","0","15","124","110","54","87","54","87","0","15","0","15","54","87","0","15","70","64","31","50","0","15","0","15","0","15","0","15","31","50","39","38","0","15","0","15","0","15","0","15","39","38",
"1500000US481130122113","Block Group 3; Census Tract 122.11; Dallas County; Texas","678","159","144","96","27","44","27","44","0","15","27","44","0","15","0","15","117","86","0","15","0","15","0","15","0","15","0","15","0","15","117","86","104","85","8","12","35","56","61","66","13","22","534","149","414","141","156","94","50","45","48","77","58","37","258","98","120","75","0","15","0","15","0","15","0","15","0","15","0","15","120","75","51","56","26","40","0","15","25","41","69","48",
"1500000US481130122121","Block Group 1; Census Tract 122.12; Dallas County; Texas","518","134","26","29","0","15","0","15","0","15","0","15","0","15","0","15","26","29","0","15","0","15","0","15","0","15","0","15","0","15","26","29","12","21","0","15","12","21","0","15","14","23","492","133","409","136","192","115","10","20","95","86","87","83","217","77","83","47","41","36","17","28","17","28","0","15","0","15","24","27","42","37","0","15","0","15","0","15","0","15","42","37",
"1500000US481130122122","Block Group 2; Census Tract 122.12; Dallas County; Texas","677","437","36","48","0","15","0","15","0","15","0","15","0","15","0","15","36","48","0","15","0","15","0","15","0","15","0","15","0","15","36","48","36","48","0","15","0","15","36","48","0","15","641","438","514","435","363","416","0","15","0","15","363","416","151","137","127","83","22","33","0","15","0","15","0","15","0","15","22","33","105","83","31","36","0","15","0","15","31","36","74","77",
"1500000US481130122131","Block Group 1; Census Tract 122.13; Dallas County; Texas","217","80","0","15","0","15","0","15","0","15","0","15","0","15","0","15","0","15","0","15","0","15","0","15","0","15","0","15","0","15","0","15","0","15","0","15","0","15","0","15","0","15","217","80","160","80","11","22","5","11","0","15","6","16","149","75","57","46","17","27","17","27","0","15","0","15","17","27","0","15","40","37","27","27","0","15","27","27","0","15","13","23",
"1500000US481130122132","Block Group 2; Census Tract 122.13; Dallas County; Texas","334","86","0","15","0","15","0","15","0","15","0","15","0","15","0","15","0","15","0","15","0","15","0","15","0","15","0","15","0","15","0","15","0","15","0","15","0","15","0","15","0","15","334","86","302","89","170","72","96","54","22","27","52","41","132","70","32","34","23","27","9","16","0","15","0","15","9","16","14","21","9","17","9","17","0","15","0","15","9","17","0","15",
"1500000US481130123011","Block Group 1; Census Tract 123.01; Dallas County; Texas","555","109","0","15","0","15","0","15","0","15","0","15","0","15","0","15","0","15","0","15","0","15","0","15","0","15","0","15","0","15","0","15","0","15","0","15","0","15","0","15","0","15","555","109","369","113","193","74","4","10","68","42","121","85","176","88","186","112","100","87","63","77","0","15","0","15","63","77","37","44","86","69","39","52","0","15","33","52","6","10","47","47",
"1500000US481130123012","Block Group 2; Census Tract 123.01; Dallas County; Texas","232","91","12","19","0","15","0","15","0","15","0","15","0","15","0","15","12","19","0","15","0","15","0","15","0","15","0","15","0","15","12","19","12","19","0","15","12","19","0","15","0","15","220","90","181","80","77","53","0","15","22","34","55","45","104","58","39","41","19","31","0","15","0","15","0","15","0","15","19","31","20","26","0","15","0","15","0","15","0","15","20","26",
"1500000US481130123013","Block Group 3; Census Tract 123.01; Dallas County; Texas","264","139","118","82","10","15","0","15","0","15","0","15","0","15","10","15","108","85","0","15","0","15","0","15","0","15","0","15","0","15","108","85","108","85","27","45","11","17","70","73","0","15","146","116","16","20","7","11","0","15","0","15","7","11","9","17","130","112","26","42","0","15","0","15","0","15","0","15","26","42","104","105","91","104","0","15","91","104","0","15","13","20",
"1500000US481130123021","Block Group 1; Census Tract 123.02; Dallas County; Texas","326","169","151","131","125","123","107","121","40","64","67","103","0","15","18","28","26","44","0","15","0","15","0","15","0","15","0","15","0","15","26","44","26","44","26","44","0","15","0","15","0","15","175","109","37","45","0","15","0","15","0","15","0","15","37","45","138","103","0","15","0","15","0","15","0","15","0","15","0","15","138","103","38","52","0","15","0","15","38","52","100","85",
"1500000US481130123022","Block Group 2; Census Tract 123.02; Dallas County; Texas","525","216","337","165","60","93","60","93","60","93","0","15","0","15","0","15","277","162","84","114","84","114","0","15","68","111","16","25","0","15","193","136","139","106","0","15","139","106","0","15","54","62","188","110","188","110","162","111","0","15","58","92","104","83","26","35","0","15","0","15","0","15","0","15","0","15","0","15","0","15","0","15","0","15","0","15","0","15","0","15","0","15",
"1500000US481130123023","Block Group 3; Census Tract 123.02; Dallas County; Texas","428","184","104","89","0","15","0","15","0","15","0","15","0","15","0","15","104","89","37","62","37","62","0","15","0","15","37","62","0","15","67","64","67","64","0","15","23","36","44","54","0","15","324","181","54","87","54","87","54","87","0","15","0","15","0","15","270","165","14","23","14","23","0","15","14","23","0","15","0","15","256","164","222","161","78","97","0","15","144","143","34","55",
"1500000US481130123024","Block Group 4; Census Tract 123.02; Dallas County; Texas","395","165","21","33","0","15","0","15","0","15","0","15","0","15","0","15","21","33","0","15","0","15","0","15","0","15","0","15","0","15","21","33","0","15","0","15","0","15","0","15","21","33","374","168","196","139","46","57","0","15","46","57","0","15","150","130","178","99","42","68","42","68","0","15","0","15","42","68","0","15","136","75","34","47","0","15","0","15","34","47","102","72",
"1500000US481130123025","Block Group 5; Census Tract 123.02; Dallas County; Texas","325","208","9","15","0","15","0","15","0","15","0","15","0","15","0","15","9","15","9","15","0","15","0","15","0","15","0","15","9","15","0","15","0","15","0","15","0","15","0","15","0","15","316","208","153","135","119","121","0","15","0","15","119","121","34","54","163","158","0","15","0","15","0","15","0","15","0","15","0","15","163","158","137","147","81","133","56","80","0","15","26","42",
"1500000US481130124001","Block Group 1; Census Tract 124; Dallas County; Texas","516","350","111","180","111","180","111","180","111","180","0","15","0","15","0","15","0","15","0","15","0","15","0","15","0","15","0","15","0","15","0","15","0","15","0","15","0","15","0","15","0","15","405","303","370","299","90","81","75","76","0","15","15","21","280","286","35","50","0","15","0","15","0","15","0","15","0","15","0","15","35","50","26","42","26","42","0","15","0","15","9","22",
"1500000US481130124002","Block Group 2; Census Tract 124; Dallas County; Texas","156","104","0","15","0","15","0","15","0","15","0","15","0","15","0","15","0","15","0","15","0","15","0","15","0","15","0","15","0","15","0","15","0","15","0","15","0","15","0","15","0","15","156","104","156","104","62","85","0","15","0","15","62","85","94","70","0","15","0","15","0","15","0","15","0","15","0","15","0","15","0","15","0","15","0","15","0","15","0","15","0","15",
"1500000US481130124003","Block Group 3; Census Tract 124; Dallas County; Texas","269","109","0","15","0","15","0","15","0","15","0","15","0","15","0","15","0","15","0","15","0","15","0","15","0","15","0","15","0","15","0","15","0","15","0","15","0","15","0","15","0","15","269","109","137","88","65","69","65","69","0","15","0","15","72","59","132","89","30","52","0","15","0","15","0","15","0","15","30","52","102","88","48","59","0","15","0","15","48","59","54","66",
"1500000US481130124004","Block Group 4; Census Tract 124; Dallas County; Texas","383","175","0","15","0","15","0","15","0","15","0","15","0","15","0","15","0","15","0","15","0","15","0","15","0","15","0","15","0","15","0","15","0","15","0","15","0","15","0","15","0","15","383","175","339","176","106","97","0","15","0","15","106","97","233","137","44","56","0","15","0","15","0","15","0","15","0","15","0","15","44","56","30","52","0","15","0","15","30","52","14","23",
"1500000US481130125011","Block Group 1; Census Tract 125.01; Dallas County; Texas","412","179","0","15","0","15","0","15","0","15","0","15","0","15","0","15","0","15","0","15","0","15","0","15","0","15","0","15","0","15","0","15","0","15","0","15","0","15","0","15","0","15","412","179","283","108","56","55","0","15","0","15","56","55","227","86","129","145","107","144","107","144","0","15","0","15","107","144","0","15","22","40","0","15","0","15","0","15","0","15","22","40",
"1500000US481130125012","Block Group 2; Census Tract 125.01; Dallas County; Texas","330","131","73","70","0","15","0","15","0","15","0","15","0","15","0","15","73","70","0","15","0","15","0","15","0","15","0","15","0","15","73","70","11","22","0","15","11","22","0","15","62","58","257","152","219","156","182","134","0","15","0","15","182","134","37","58","38","48","19","32","0","15","0","15","0","15","0","15","19","32","19","32","15","30","0","15","15","30","0","15","4","17",
"1500000US481130125021","Block Group 1; Census Tract 125.02; Dallas County; Texas","305","145","137","93","99","108","78","91","0","15","0","15","78","91","21","35","38","50","0","15","0","15","0","15","0","15","0","15","0","15","38","50","0","15","0","15","0","15","0","15","38","50","168","110","168","110","94","92","0","15","0","15","94","92","74","51","0","15","0","15","0","15","0","15","0","15","0","15","0","15","0","15","0","15","0","15","0","15","0","15","0","15",
"1500000US481130125022","Block Group 2; Census Tract 125.02; Dallas County; Texas","529","141","78","82","23","41","0","15","0","15","0","15","0","15","23","41","55","64","55","64","55","64","36","57","0","15","19","30","0","15","0","15","0","15","0","15","0","15","0","15","0","15","451","120","274","96","61","57","5","11","0","15","56","55","213","90","177","111","45","67","45","67","0","15","0","15","45","67","0","15","132","109","98","98","0","15","0","15","98","98","34","41",
"1500000US481130126011","Block Group 1; Census Tract 126.01; Dallas County; Texas","347","118","23","28","23","28","23","28","0","15","0","15","23","28","0","15","0","15","0","15","0","15","0","15","0","15","0","15","0","15","0","15","0","15","0","15","0","15","0","15","0","15","324","116","181","115","107","79","19","23","0","15","88","75","74","74","143","85","10","17","10","17","0","15","0","15","10","17","0","15","133","84","82","72","0","15","19","31","63","63","51","48",
"1500000US481130126012","Block Group 2; Census Tract 126.01; Dallas County; Texas","361","135","0","15","0","15","0","15","0","15","0","15","0","15","0","15","0","15","0","15","0","15","0","15","0","15","0","15","0","15","0","15","0","15","0","15","0","15","0","15","0","15","361","135","283","130","178","120","52","88","40","47","86","67","105","64","78","48","22","23","0","15","0","15","0","15","0","15","22","23","56","41","36","34","11","17","0","15","25","29","20","23",
"1500000US481130126013","Block Group 3; Census Tract 126.01; Dallas County; Texas","543","177","100","115","0","15","0","15","0","15","0","15","0","15","0","15","100","115","52","85","52","85","52","85","0","15","0","15","0","15","48","76","48","76","48","76","0","15","0","15","0","15","443","176","314","166","297","161","43","70","213","148","41","52","17","22","129","112","41","66","41","66","0","15","0","15","41","66","0","15","88","95","34","39","0","15","22","37","12","18","54","84",
"1500000US481130126031","Block Group 1; Census Tract 126.03; Dallas County; Texas","452","72","9","13","9","13","0","15","0","15","0","15","0","15","9","13","0","15","0","15","0","15","0","15","0","15","0","15","0","15","0","15","0","15","0","15","0","15","0","15","0","15","443","70","295","71","182","67","0","15","54","44","128","63","113","34","148","57","50","32","0","15","0","15","0","15","0","15","50","32","98","52","71","45","0","15","0","15","71","45","27","31",
"1500000US481130126041","Block Group 1; Census Tract 126.04; Dallas County; Texas","422","265","73","111","0","15","0","15","0","15","0","15","0","15","0","15","73","111","0","15","0","15","0","15","0","15","0","15","0","15","73","111","73","111","0","15","0","15","73","111","0","15","349","286","169","193","100","163","100","163","0","15","0","15","69","112","180","204","90","129","0","15","0","15","0","15","0","15","90","129","90","152","90","152","90","152","0","15","0","15","0","15",
"1500000US481130126042","Block Group 2; Census Tract 126.04; Dallas County; Texas","653","296","108","92","0","15","0","15","0","15","0","15","0","15","0","15","108","92","0","15","0","15","0","15","0","15","0","15","0","15","108","92","108","92","0","15","0","15","108","92","0","15","545","294","80","93","0","15","0","15","0","15","0","15","80","93","465","289","144","164","72","118","72","118","0","15","0","15","72","114","321","259","96","121","96","121","0","15","0","15","225","230",
"1500000US481130126043","Block Group 3; Census Tract 126.04; Dallas County; Texas","272","113","24","40","24","40","0","15","0","15","0","15","0","15","24","40","0","15","0","15","0","15","0","15","0","15","0","15","0","15","0","15","0","15","0","15","0","15","0","15","0","15","248","114","248","114","76","61","21","35","13","22","42","48","172","113","0","15","0","15","0","15","0","15","0","15","0","15","0","15","0","15","0","15","0","15","0","15","0","15","0","15",
"1500000US481130126044","Block Group 4; Census Tract 126.04; Dallas County; Texas","348","238","0","15","0","15","0","15","0","15","0","15","0","15","0","15","0","15","0","15","0","15","0","15","0","15","0","15","0","15","0","15","0","15","0","15","0","15","0","15","0","15","348","238","0","15","0","15","0","15","0","15","0","15","0","15","348","238","88","133","88","133","0","15","0","15","88","133","0","15","260","202","169","178","0","15","0","15","169","178","91","88",
"1500000US481130127011","Block Group 1; Census Tract 127.01; Dallas County; Texas","301","135","26","31","4","10","4","10","4","10","0","15","0","15","0","15","22","29","0","15","0","15","0","15","0","15","0","15","0","15","22","29","4","6","0","15","0","15","4","6","18","28","275","136","190","106","93","68","0","15","0","15","93","68","97","77","85","82","63","73","35","56","0","15","35","56","0","15","28","46","22","36","22","36","0","15","0","15","22","36","0","15",
"1500000US481130127012","Block Group 2; Census Tract 127.01; Dallas County; Texas","574","206","131","127","103","119","73","105","0","15","0","15","73","105","30","45","28","44","0","15","0","15","0","15","0","15","0","15","0","15","28","44","28","44","0","15","28","44","0","15","0","15","443","169","390","163","105","101","0","15","0","15","105","101","285","161","53","57","0","15","0","15","0","15","0","15","0","15","0","15","53","57","28","50","0","15","28","50","0","15","25","30",
"1500000US481130127013","Block Group 3; Census Tract 127.01; Dallas County; Texas","467","181","18","28","18","28","0","15","0","15","0","15","0","15","18","28","0","15","0","15","0","15","0","15","0","15","0","15","0","15","0","15","0","15","0","15","0","15","0","15","0","15","449","183","357","170","199","132","12","19","111","98","76","84","158","122","92","89","0","15","0","15","0","15","0","15","0","15","0","15","92","89","33","53","0","15","0","15","33","53","59","71",
"1500000US481130127021","Block Group 1; Census Tract 127.02; Dallas County; Texas","249","83","49","38","24","34","24","34","0","15","0","15","24","34","0","15","25","36","25","36","25","36","0","15","25","36","0","15","0","15","0","15","0","15","0","15","0","15","0","15","0","15","200","85","120","57","114","56","6","11","62","51","46","39","6","6","80","59","10","25","0","15","0","15","0","15","0","15","10","25","70","55","12","17","8","15","0","15","4","6","58","54",
"1500000US481130127022","Block Group 2; Census Tract 127.02; Dallas County; Texas","382","174","0","15","0","15","0","15","0","15","0","15","0","15","0","15","0","15","0","15","0","15","0","15","0","15","0","15","0","15","0","15","0","15","0","15","0","15","0","15","0","15","382","174","223","99","66","57","0","15","18","22","48","56","157","95","159","124","12","21","12","21","0","15","12","21","0","15","0","15","147","120","13","15","0","15","6","11","7","11","134","120",
"1500000US481130128011","Block Group 1; Census Tract 128.01; Dallas County; Texas","374","84","0","15","0","15","0","15","0","15","0","15","0","15","0","15","0","15","0","15","0","15","0","15","0","15","0","15","0","15","0","15","0","15","0","15","0","15","0","15","0","15","374","84","323","82","141","64","55","47","47","41","39","36","182","71","51","44","0","15","0","15","0","15","0","15","0","15","0","15","51","44","21","30","0","15","0","15","21","30","30","33",
"1500000US481130128012","Block Group 2; Census Tract 128.01; Dallas County; Texas","342","187","70","43","0","15","0","15","0","15","0","15","0","15","0","15","70","43","31","39","31","39","0","15","0","15","31","39","0","15","39","37","39","37","39","37","0","15","0","15","0","15","272","191","134","75","0","15","0","15","0","15","0","15","134","75","138","171","0","15","0","15","0","15","0","15","0","15","0","15","138","171","0","15","0","15","0","15","0","15","138","171",
"1500000US481130128021","Block Group 1; Census Tract 128.02; Dallas County; Texas","740","337","9","15","9","15","0","15","0","15","0","15","0","15","9","15","0","15","0","15","0","15","0","15","0","15","0","15","0","15","0","15","0","15","0","15","0","15","0","15","0","15","731","336","677","331","194","119","63","56","22","29","109","87","483","306","54","46","21","32","0","15","0","15","0","15","0","15","21","32","33","33","0","15","0","15","0","15","0","15","33","33",
"1500000US481130128022","Block Group 2; Census Tract 128.02; Dallas County; Texas","412","185","116","91","0","15","0","15","0","15","0","15","0","15","0","15","116","91","33","51","33","51","0","15","0","15","33","51","0","15","83","79","83","79","0","15","0","15","83","79","0","15","296","164","232","151","65","45","18","27","0","15","47","39","167","146","64","60","33","49","0","15","0","15","0","15","0","15","33","49","31","37","0","15","0","15","0","15","0","15","31","37",
"1500000US481130128023","Block Group 3; Census Tract 128.02; Dallas County; Texas","200","97","16","27","16","27","0","15","0","15","0","15","0","15","16","27","0","15","0","15","0","15","0","15","0","15","0","15","0","15","0","15","0","15","0","15","0","15","0","15","0","15","184","97","162","99","141","95","0","15","15","24","126","94","21","31","22","25","7","13","0","15","0","15","0","15","0","15","7","13","15","23","0","15","0","15","0","15","0","15","15","23",
"1500000US481130129001","Block Group 1; Census Tract 129; Dallas County; Texas","196","101","0","15","0","15","0","15","0","15","0","15","0","15","0","15","0","15","0","15","0","15","0","15","0","15","0","15","0","15","0","15","0","15","0","15","0","15","0","15","0","15","196","101","167","90","33","43","21","37","0","15","12","20","134","87","29","45","29","45","29","45","0","15","0","15","29","45","0","15","0","15","0","15","0","15","0","15","0","15","0","15",
"1500000US481130129002","Block Group 2; Census Tract 129; Dallas County; Texas","371","147","0","15","0","15","0","15","0","15","0","15","0","15","0","15","0","15","0","15","0","15","0","15","0","15","0","15","0","15","0","15","0","15","0","15","0","15","0","15","0","15","371","147","371","147","55","64","0","15","0","15","55","64","316","138","0","15","0","15","0","15","0","15","0","15","0","15","0","15","0","15","0","15","0","15","0","15","0","15","0","15",
"1500000US481130129003","Block Group 3; Census Tract 129; Dallas County; Texas","447","148","30","34","0","15","0","15","0","15","0","15","0","15","0","15","30","34","0","15","0","15","0","15","0","15","0","15","0","15","30","34","14","24","0","15","0","15","14","24","16","25","417","145","312","141","166","100","30","49","80","83","56","53","146","105","105","82","24","37","0","15","0","15","0","15","0","15","24","37","81","77","0","15","0","15","0","15","0","15","81","77",
"1500000US481130129004","Block Group 4; Census Tract 129; Dallas County; Texas","387","190","0","15","0","15","0","15","0","15","0","15","0","15","0","15","0","15","0","15","0","15","0","15","0","15","0","15","0","15","0","15","0","15","0","15","0","15","0","15","0","15","387","190","368","188","212","132","19","34","0","15","193","126","156","119","19","34","0","15","0","15","0","15","0","15","0","15","0","15","19","34","19","34","0","15","0","15","19","34","0","15",
"1500000US481130130051","Block Group 1; Census Tract 130.05; Dallas County; Texas","385","121","0","15","0","15","0","15","0","15","0","15","0","15","0","15","0","15","0","15","0","15","0","15","0","15","0","15","0","15","0","15","0","15","0","15","0","15","0","15","0","15","385","121","332","116","177","91","79","70","20","21","78","52","155","76","53","41","14","19","4","9","0","15","0","15","4","9","10","16","39","34","10","14","10","14","0","15","0","15","29","31",
"1500000US481130130052","Block Group 2; Census Tract 130.05; Dallas County; Texas","467","153","0","15","0","15","0","15","0","15","0","15","0","15","0","15","0","15","0","15","0","15","0","15","0","15","0","15","0","15","0","15","0","15","0","15","0","15","0","15","0","15","467","153","445","152","226","136","63","38","102","126","61","49","219","69","22","25","8","12","0","15","0","15","0","15","0","15","8","12","14","21","14","21","14","21","0","15","0","15","0","15",
"1500000US481130130053","Block Group 3; Census Tract 130.05; Dallas County; Texas","404","129","51","54","0","15","0","15","0","15","0","15","0","15","0","15","51","54","0","15","0","15","0","15","0","15","0","15","0","15","51","54","11","17","0","15","0","15","11","17","40","54","353","125","320","122","213","61","93","43","38","37","82","38","107","94","33","27","0","15","0","15","0","15","0","15","0","15","0","15","33","27","8","13","0","15","0","15","8","13","25","29",
"1500000US481130130071","Block Group 1; Census Tract 130.07; Dallas County; Texas","283","147","0","15","0","15","0","15","0","15","0","15","0","15","0","15","0","15","0","15","0","15","0","15","0","15","0","15","0","15","0","15","0","15","0","15","0","15","0","15","0","15","283","147","261","148","152","152","44","75","0","15","108","120","109","77","22","25","0","15","0","15","0","15","0","15","0","15","0","15","22","25","10","16","0","15","0","15","10","16","12","19",
"1500000US481130130072","Block Group 2; Census Tract 130.07; Dallas County; Texas","639","199","9","16","9","16","0","15","0","15","0","15","0","15","9","16","0","15","0","15","0","15","0","15","0","15","0","15","0","15","0","15","0","15","0","15","0","15","0","15","0","15","630","203","537","179","154","124","0","15","80","90","74","96","383","162","93","100","34","73","34","73","34","73","0","15","0","15","0","15","59","72","45","73","0","15","0","15","45","73","14","27",
"1500000US481130130081","Block Group 1; Census Tract 130.08; Dallas County; Texas","470","121","21","31","21","31","0","15","0","15","0","15","0","15","21","31","0","15","0","15","0","15","0","15","0","15","0","15","0","15","0","15","0","15","0","15","0","15","0","15","0","15","449","122","418","120","195","118","0","15","106","92","89","63","223","71","31","36","0","15","0","15","0","15","0","15","0","15","0","15","31","36","13","20","0","15","0","15","13","20","18","30",
"1500000US481130130082","Block Group 2; Census Tract 130.08; Dallas County; Texas","345","96","39","47","0","15","0","15","0","15","0","15","0","15","0","15","39","47","0","15","0","15","0","15","0","15","0","15","0","15","39","47","39","47","0","15","0","15","39","47","0","15","306","99","252","85","155","69","24","36","74","54","57","45","97","51","54","53","31","48","0","15","0","15","0","15","0","15","31","48","23","29","0","15","0","15","0","15","0","15","23","29",
"1500000US481130130091","Block Group 1; Census Tract 130.09; Dallas County; Texas","499","129","133","127","37","59","37","59","0","15","0","15","37","59","0","15","96","113","0","15","0","15","0","15","0","15","0","15","0","15","96","113","96","113","0","15","0","15","96","113","0","15","366","143","221","114","172","109","66","80","37","32","69","67","49","39","145","90","0","15","0","15","0","15","0","15","0","15","0","15","145","90","95","67","0","15","0","15","95","67","50","61",
"1500000US481130130092","Block Group 2; Census Tract 130.09; Dallas County; Texas","409","126","12","18","12","18","0","15","0","15","0","15","0","15","12","18","0","15","0","15","0","15","0","15","0","15","0","15","0","15","0","15","0","15","0","15","0","15","0","15","0","15","397","132","359","130","248","120","49","44","51","34","148","118","111","58","38","37","13","21","13","21","0","15","0","15","13","21","0","15","25","29","0","15","0","15","0","15","0","15","25","29",
"1500000US481130130093","Block Group 3; Census Tract 130.09; Dallas County; Texas","298","122","18","29","18","29","18","29","0","15","18","29","0","15","0","15","0","15","0","15","0","15","0","15","0","15","0","15","0","15","0","15","0","15","0","15","0","15","0","15","0","15","280","121","200","81","65","47","0","15","16","24","49","41","135","72","80","83","71","81","0","15","0","15","0","15","0","15","71","81","9","16","0","15","0","15","0","15","0","15","9","16",
"1500000US481130130101","Block Group 1; Census Tract 130.10; Dallas County; Texas","455","192","48","54","0","15","0","15","0","15","0","15","0","15","0","15","48","54","19","32","19","32","19","32","0","15","0","15","0","15","29","45","29","45","29","45","0","15","0","15","0","15","407","193","118","85","67","73","35","53","32","54","0","15","51","45","289","169","105","128","105","128","0","15","0","15","105","128","0","15","184","125","126","93","0","15","31","49","95","84","58","89",
"1500000US481130130102","Block Group 2; Census Tract 130.10; Dallas County; Texas","229","147","66","111","0","15","0","15","0","15","0","15","0","15","0","15","66","111","0","15","0","15","0","15","0","15","0","15","0","15","66","111","66","111","0","15","0","15","66","111","0","15","163","98","163","98","129","81","44","43","24","30","61","63","34","46","0","15","0","15","0","15","0","15","0","15","0","15","0","15","0","15","0","15","0","15","0","15","0","15","0","15",
"1500000US481130130103","Block Group 3; Census Tract 130.10; Dallas County; Texas","584","336","0","15","0","15","0","15","0","15","0","15","0","15","0","15","0","15","0","15","0","15","0","15","0","15","0","15","0","15","0","15","0","15","0","15","0","15","0","15","0","15","584","336","272","203","199","174","0","15","0","15","199","174","73","117","312","271","156","157","85","99","55","79","0","15","30","52","71","121","156","223","156","223","0","15","0","15","156","223","0","15",
"1500000US481130130111","Block Group 1; Census Tract 130.11; Dallas County; Texas","305","222","94","114","77","110","0","15","0","15","0","15","0","15","77","110","17","26","0","15","0","15","0","15","0","15","0","15","0","15","17","26","0","15","0","15","0","15","0","15","17","26","211","153","84","98","50","82","0","15","0","15","50","82","34","55","127","111","61","88","0","15","0","15","0","15","0","15","61","88","66","69","66","69","0","15","66","69","0","15","0","15",
"1500000US481130130112","Block Group 2; Census Tract 130.11; Dallas County; Texas","192","102","0","15","0","15","0","15","0","15","0","15","0","15","0","15","0","15","0","15","0","15","0","15","0","15","0","15","0","15","0","15","0","15","0","15","0","15","0","15","0","15","192","102","156","94","75","74","0","15","26","41","49","60","81","57","36","41","18","29","18","29","18","29","0","15","0","15","0","15","18","28","0","15","0","15","0","15","0","15","18","28",
"1500000US481130130113","Block Group 3; Census Tract 130.11; Dallas County; Texas","441","168","90","84","0","15","0","15","0","15","0","15","0","15","0","15","90","84","0","15","0","15","0","15","0","15","0","15","0","15","90","84","90","84","0","15","90","84","0","15","0","15","351","172","159","104","74","53","11","18","0","15","63","51","85","90","192","139","23","31","0","15","0","15","0","15","0","15","23","31","169","133","49","76","0","15","0","15","49","76","120","102",
"1500000US481130130121","Block Group 1; Census Tract 130.12; Dallas County; Texas","394","113","7","12","0","15","0","15","0","15","0","15","0","15","0","15","7","12","0","15","0","15","0","15","0","15","0","15","0","15","7","12","7","12","0","15","0","15","7","12","0","15","387","113","332","112","210","101","123","93","45","42","42","40","122","54","55","50","0","15","0","15","0","15","0","15","0","15","0","15","55","50","55","50","0","15","0","15","55","50","0","15",
"1500000US481130130122","Block Group 2; Census Tract 130.12; Dallas County; Texas","315","97","10","17","10","17","0","15","0","15","0","15","0","15","10","17","0","15","0","15","0","15","0","15","0","15","0","15","0","15","0","15","0","15","0","15","0","15","0","15","0","15","305","96","305","96","155","75","36","41","27","35","92","67","150","64","0","15","0","15","0","15","0","15","0","15","0","15","0","15","0","15","0","15","0","15","0","15","0","15","0","15",
"1500000US481130130131","Block Group 1; Census Tract 130.13; Dallas County; Texas","327","125","0","15","0","15","0","15","0","15","0","15","0","15","0","15","0","15","0","15","0","15","0","15","0","15","0","15","0","15","0","15","0","15","0","15","0","15","0","15","0","15","327","125","327","125","172","81","53","66","40","38","79","41","155","103","0","15","0","15","0","15","0","15","0","15","0","15","0","15","0","15","0","15","0","15","0","15","0","15","0","15",
"1500000US481130130132","Block Group 2; Census Tract 130.13; Dallas County; Texas","989","294","8","15","8","15","8","15","0","15","0","15","8","15","0","15","0","15","0","15","0","15","0","15","0","15","0","15","0","15","0","15","0","15","0","15","0","15","0","15","0","15","981","298","744","210","525","195","90","64","75","56","360","197","219","105","237","230","0","15","0","15","0","15","0","15","0","15","0","15","237","230","220","227","0","15","0","15","220","227","17","28",
"1500000US481130131011","Block Group 1; Census Tract 131.01; Dallas County; Texas","342","122","0","15","0","15","0","15","0","15","0","15","0","15","0","15","0","15","0","15","0","15","0","15","0","15","0","15","0","15","0","15","0","15","0","15","0","15","0","15","0","15","342","122","303","122","120","97","17","21","27","30","76","91","183","89","39","36","29","32","0","15","0","15","0","15","0","15","29","32","10","16","0","15","0","15","0","15","0","15","10","16",
"1500000US481130131012","Block Group 2; Census Tract 131.01; Dallas County; Texas","525","195","0","15","0","15","0","15","0","15","0","15","0","15","0","15","0","15","0","15","0","15","0","15","0","15","0","15","0","15","0","15","0","15","0","15","0","15","0","15","0","15","525","195","525","195","185","63","0","15","53","50","132","59","340","187","0","15","0","15","0","15","0","15","0","15","0","15","0","15","0","15","0","15","0","15","0","15","0","15","0","15",
"1500000US481130131021","Block Group 1; Census Tract 131.02; Dallas County; Texas","537","128","0","15","0","15","0","15","0","15","0","15","0","15","0","15","0","15","0","15","0","15","0","15","0","15","0","15","0","15","0","15","0","15","0","15","0","15","0","15","0","15","537","128","489","128","242","121","58","29","94","119","90","22","247","58","48","29","7","12","7","12","0","15","0","15","7","12","0","15","41","27","22","27","18","26","0","15","4","9","19","16",
"1500000US481130131041","Block Group 1; Census Tract 131.04; Dallas County; Texas","282","74","8","12","8","12","0","15","0","15","0","15","0","15","8","12","0","15","0","15","0","15","0","15","0","15","0","15","0","15","0","15","0","15","0","15","0","15","0","15","0","15","274","74","201","73","58","45","25","33","22","25","11","16","143","56","73","58","23","24","0","15","0","15","0","15","0","15","23","24","50","47","34","42","0","15","0","15","34","42","16","25",
"1500000US481130131061","Block Group 1; Census Tract 131.06; Dallas County; Texas","195","66","0","15","0","15","0","15","0","15","0","15","0","15","0","15","0","15","0","15","0","15","0","15","0","15","0","15","0","15","0","15","0","15","0","15","0","15","0","15","0","15","195","66","106","54","36","25","21","23","0","15","15","15","70","50","89","59","62","55","0","15","0","15","0","15","0","15","62","55","27","25","0","15","0","15","0","15","0","15","27","25",
"1500000US481130131071","Block Group 1; Census Tract 131.07; Dallas County; Texas","347","223","52","88","0","15","0","15","0","15","0","15","0","15","0","15","52","88","0","15","0","15","0","15","0","15","0","15","0","15","52","88","52","88","52","88","0","15","0","15","0","15","295","210","184","153","0","15","0","15","0","15","0","15","184","153","111","161","0","15","0","15","0","15","0","15","0","15","0","15","111","161","0","15","0","15","0","15","0","15","111","161",
"1500000US481130131072","Block Group 2; Census Tract 131.07; Dallas County; Texas","130","133","0","15","0","15","0","15","0","15","0","15","0","15","0","15","0","15","0","15","0","15","0","15","0","15","0","15","0","15","0","15","0","15","0","15","0","15","0","15","0","15","130","133","114","134","20","34","20","34","0","15","0","15","94","127","16","27","0","15","0","15","0","15","0","15","0","15","0","15","16","27","0","15","0","15","0","15","0","15","16","27",
"1500000US481130131073","Block Group 3; Census Tract 131.07; Dallas County; Texas","238","161","0","15","0","15","0","15","0","15","0","15","0","15","0","15","0","15","0","15","0","15","0","15","0","15","0","15","0","15","0","15","0","15","0","15","0","15","0","15","0","15","238","161","193","150","44","76","44","76","0","15","0","15","149","138","45","86","0","15","0","15","0","15","0","15","0","15","0","15","45","86","45","86","0","15","0","15","45","86","0","15",
"1500000US481130131074","Block Group 4; Census Tract 131.07; Dallas County; Texas","295","202","0","15","0","15","0","15","0","15","0","15","0","15","0","15","0","15","0","15","0","15","0","15","0","15","0","15","0","15","0","15","0","15","0","15","0","15","0","15","0","15","295","202","159","143","0","15","0","15","0","15","0","15","159","143","136","133","0","15","0","15","0","15","0","15","0","15","0","15","136","133","107","117","0","15","0","15","107","117","29","42",
"1500000US481130132011","Block Group 1; Census Tract 132.01; Dallas County; Texas","353","115","0","15","0","15","0","15","0","15","0","15","0","15","0","15","0","15","0","15","0","15","0","15","0","15","0","15","0","15","0","15","0","15","0","15","0","15","0","15","0","15","353","115","317","112","131","78","33","38","0","15","98","67","186","79","36","42","0","15","0","15","0","15","0","15","0","15","0","15","36","42","27","42","0","15","0","15","27","42","9","14",
"1500000US481130132012","Block Group 2; Census Tract 132.01; Dallas County; Texas","357","124","21","31","21","31","21","31","0","15","0","15","21","31","0","15","0","15","0","15","0","15","0","15","0","15","0","15","0","15","0","15","0","15","0","15","0","15","0","15","0","15","336","127","336","127","123","117","108","116","0","15","15","22","213","80","0","15","0","15","0","15","0","15","0","15","0","15","0","15","0","15","0","15","0","15","0","15","0","15","0","15",
"1500000US481130132021","Block Group 1; Census Tract 132.02; Dallas County; Texas","352","139","0","15","0","15","0","15","0","15","0","15","0","15","0","15","0","15","0","15","0","15","0","15","0","15","0","15","0","15","0","15","0","15","0","15","0","15","0","15","0","15","352","139","264","114","0","15","0","15","0","15","0","15","264","114","88","90","0","15","0","15","0","15","0","15","0","15","0","15","88","90","68","84","68","84","0","15","0","15","20","33",
"1500000US481130132022","Block Group 2; Census Tract 132.02; Dallas County; Texas","176","156","0","15","0","15","0","15","0","15","0","15","0","15","0","15","0","15","0","15","0","15","0","15","0","15","0","15","0","15","0","15","0","15","0","15","0","15","0","15","0","15","176","156","89","77","30","49","30","49","0","15","0","15","59","61","87","140","0","15","0","15","0","15","0","15","0","15","0","15","87","140","87","140","0","15","0","15","87","140","0","15",
"1500000US481130132023","Block Group 3; Census Tract 132.02; Dallas County; Texas","91","143","0","15","0","15","0","15","0","15","0","15","0","15","0","15","0","15","0","15","0","15","0","15","0","15","0","15","0","15","0","15","0","15","0","15","0","15","0","15","0","15","91","143","0","15","0","15","0","15","0","15","0","15","0","15","91","143","0","15","0","15","0","15","0","15","0","15","0","15","91","143","91","143","0","15","0","15","91","143","0","15",
"1500000US481130132024","Block Group 4; Census Tract 132.02; Dallas County; Texas","370","105","0","15","0","15","0","15","0","15","0","15","0","15","0","15","0","15","0","15","0","15","0","15","0","15","0","15","0","15","0","15","0","15","0","15","0","15","0","15","0","15","370","105","356","102","11","20","0","15","0","15","11","20","345","99","14","23","0","15","0","15","0","15","0","15","0","15","0","15","14","23","0","15","0","15","0","15","0","15","14","23",
"1500000US481130133001","Block Group 1; Census Tract 133; Dallas County; Texas","314","77","0","15","0","15","0","15","0","15","0","15","0","15","0","15","0","15","0","15","0","15","0","15","0","15","0","15","0","15","0","15","0","15","0","15","0","15","0","15","0","15","314","77","294","73","92","30","15","13","12","12","65","29","202","68","20","28","20","28","20","28","0","15","0","15","20","28","0","15","0","15","0","15","0","15","0","15","0","15","0","15",
"1500000US481130133002","Block Group 2; Census Tract 133; Dallas County; Texas","343","61","11","14","11","14","0","15","0","15","0","15","0","15","11","14","0","15","0","15","0","15","0","15","0","15","0","15","0","15","0","15","0","15","0","15","0","15","0","15","0","15","332","61","307","64","124","42","10","13","15","15","99","41","183","55","25","21","14","16","14","16","14","16","0","15","0","15","0","15","11","12","6","9","0","15","0","15","6","9","5","7",
"1500000US481130134001","Block Group 1; Census Tract 134; Dallas County; Texas","493","56","28","28","28","28","0","15","0","15","0","15","0","15","28","28","0","15","0","15","0","15","0","15","0","15","0","15","0","15","0","15","0","15","0","15","0","15","0","15","0","15","465","52","465","52","240","31","21","22","37","21","182","42","225","47","0","15","0","15","0","15","0","15","0","15","0","15","0","15","0","15","0","15","0","15","0","15","0","15","0","15",
"1500000US481130135001","Block Group 1; Census Tract 135; Dallas County; Texas","242","47","24","25","9","11","7","10","0","15","0","15","7","10","2","4","15","21","0","15","0","15","0","15","0","15","0","15","0","15","15","21","0","15","0","15","0","15","0","15","15","21","218","49","218","49","70","39","0","15","10","12","60","34","148","44","0","15","0","15","0","15","0","15","0","15","0","15","0","15","0","15","0","15","0","15","0","15","0","15","0","15",
"1500000US481130135002","Block Group 2; Census Tract 135; Dallas County; Texas","532","123","13","13","13","13","10","13","0","15","5","9","5","9","3","5","0","15","0","15","0","15","0","15","0","15","0","15","0","15","0","15","0","15","0","15","0","15","0","15","0","15","519","123","447","92","242","98","21","24","10","12","211","94","205","56","72","83","57","82","51","81","0","15","0","15","51","81","6","10","15","16","0","15","0","15","0","15","0","15","15","16",
"1500000US481130136051","Block Group 1; Census Tract 136.05; Dallas County; Texas","386","101","32","28","20","22","0","15","0","15","0","15","0","15","20","22","12","18","0","15","0","15","0","15","0","15","0","15","0","15","12","18","12","18","0","15","0","15","12","18","0","15","354","100","342","102","66","42","7","14","12","19","47","38","276","94","12","17","0","15","0","15","0","15","0","15","0","15","0","15","12","17","0","15","0","15","0","15","0","15","12","17",
"1500000US481130136052","Block Group 2; Census Tract 136.05; Dallas County; Texas","295","77","13","21","0","15","0","15","0","15","0","15","0","15","0","15","13","21","0","15","0","15","0","15","0","15","0","15","0","15","13","21","13","21","0","15","0","15","13","21","0","15","282","79","265","80","159","74","21","26","10","16","128","69","106","46","17","18","0","15","0","15","0","15","0","15","0","15","0","15","17","18","4","7","0","15","0","15","4","7","13","15",
"1500000US481130136053","Block Group 3; Census Tract 136.05; Dallas County; Texas","402","149","0","15","0","15","0","15","0","15","0","15","0","15","0","15","0","15","0","15","0","15","0","15","0","15","0","15","0","15","0","15","0","15","0","15","0","15","0","15","0","15","402","149","383","148","168","64","26","29","38","30","104","51","215","147","19","23","0","15","0","15","0","15","0","15","0","15","0","15","19","23","0","15","0","15","0","15","0","15","19","23",
"1500000US481130136054","Block Group 4; Census Tract 136.05; Dallas County; Texas","451","138","37","42","22","36","22","36","0","15","0","15","22","36","0","15","15","24","0","15","0","15","0","15","0","15","0","15","0","15","15","24","15","24","15","24","0","15","0","15","0","15","414","134","333","132","216","126","27","42","80","93","109","91","117","56","81","77","74","77","55","74","0","15","0","15","55","74","19","30","7","11","0","15","0","15","0","15","0","15","7","11",
"1500000US481130136061","Block Group 1; Census Tract 136.06; Dallas County; Texas","657","322","0","15","0","15","0","15","0","15","0","15","0","15","0","15","0","15","0","15","0","15","0","15","0","15","0","15","0","15","0","15","0","15","0","15","0","15","0","15","0","15","657","322","527","290","241","157","14","21","0","15","227","156","286","251","130","124","123","122","83","126","0","15","0","15","83","126","40","47","7","15","0","15","0","15","0","15","0","15","7","15",
"1500000US481130136062","Block Group 2; Census Tract 136.06; Dallas County; Texas","648","215","0","15","0","15","0","15","0","15","0","15","0","15","0","15","0","15","0","15","0","15","0","15","0","15","0","15","0","15","0","15","0","15","0","15","0","15","0","15","0","15","648","215","540","190","214","112","53","63","90","68","71","66","326","157","108","106","9","24","9","24","0","15","0","15","9","24","0","15","99","101","52","83","52","83","0","15","0","15","47","54",
"1500000US481130136063","Block Group 3; Census Tract 136.06; Dallas County; Texas","234","93","0","15","0","15","0","15","0","15","0","15","0","15","0","15","0","15","0","15","0","15","0","15","0","15","0","15","0","15","0","15","0","15","0","15","0","15","0","15","0","15","234","93","215","94","62","58","14","22","0","15","48","51","153","84","19","34","19","34","19","34","0","15","0","15","19","34","0","15","0","15","0","15","0","15","0","15","0","15","0","15",
"1500000US481130136071","Block Group 1; Census Tract 136.07; Dallas County; Texas","527","123","15","25","0","15","0","15","0","15","0","15","0","15","0","15","15","25","0","15","0","15","0","15","0","15","0","15","0","15","15","25","0","15","0","15","0","15","0","15","15","25","512","126","483","123","211","92","11","18","69","81","131","54","272","101","29","32","14","21","0","15","0","15","0","15","0","15","14","21","15","25","15","25","0","15","0","15","15","25","0","15",
"1500000US481130136072","Block Group 2; Census Tract 136.07; Dallas County; Texas","492","115","0","15","0","15","0","15","0","15","0","15","0","15","0","15","0","15","0","15","0","15","0","15","0","15","0","15","0","15","0","15","0","15","0","15","0","15","0","15","0","15","492","115","420","114","172","112","15","24","20","22","137","108","248","80","72","52","0","15","0","15","0","15","0","15","0","15","0","15","72","52","46","56","0","15","0","15","46","56","26","28",
"1500000US481130136081","Block Group 1; Census Tract 136.08; Dallas County; Texas","420","91","0","15","0","15","0","15","0","15","0","15","0","15","0","15","0","15","0","15","0","15","0","15","0","15","0","15","0","15","0","15","0","15","0","15","0","15","0","15","0","15","420","91","332","85","105","41","13","23","55","39","37","40","227","87","88","53","77","51","0","15","0","15","0","15","0","15","77","51","11","19","0","15","0","15","0","15","0","15","11","19",
"1500000US481130136082","Block Group 2; Census Tract 136.08; Dallas County; Texas","348","112","10","17","10","17","0","15","0","15","0","15","0","15","10","17","0","15","0","15","0","15","0","15","0","15","0","15","0","15","0","15","0","15","0","15","0","15","0","15","0","15","338","112","319","109","119","68","43","47","11","21","65","38","200","91","19","22","11","17","11","17","0","15","0","15","11","17","0","15","8","12","0","15","0","15","0","15","0","15","8","12",
"1500000US481130136091","Block Group 1; Census Tract 136.09; Dallas County; Texas","383","212","164","133","107","117","82","116","82","116","0","15","0","15","25","41","57","91","0","15","0","15","0","15","0","15","0","15","0","15","57","91","57","91","0","15","0","15","57","91","0","15","219","131","136","115","25","34","0","15","5","9","20","33","111","107","83","83","17","27","0","15","0","15","0","15","0","15","17","27","66","78","14","22","0","15","0","15","14","22","52","77",
"1500000US481130136092","Block Group 2; Census Tract 136.09; Dallas County; Texas","569","130","29","42","3","6","3","6","0","15","0","15","3","6","0","15","26","43","0","15","0","15","0","15","0","15","0","15","0","15","26","43","26","43","0","15","0","15","26","43","0","15","540","129","534","132","333","118","115","93","33","39","185","84","201","75","6","17","0","15","0","15","0","15","0","15","0","15","0","15","6","17","6","17","0","15","0","15","6","17","0","15",
"1500000US481130136101","Block Group 1; Census Tract 136.10; Dallas County; Texas","351","92","9","15","9","15","0","15","0","15","0","15","0","15","9","15","0","15","0","15","0","15","0","15","0","15","0","15","0","15","0","15","0","15","0","15","0","15","0","15","0","15","342","90","237","75","142","61","11","18","75","59","56","41","95","50","105","71","10","17","0","15","0","15","0","15","0","15","10","17","95","77","57","53","20","34","0","15","37","39","38","44",
"1500000US481130136102","Block Group 2; Census Tract 136.10; Dallas County; Texas","351","97","0","15","0","15","0","15","0","15","0","15","0","15","0","15","0","15","0","15","0","15","0","15","0","15","0","15","0","15","0","15","0","15","0","15","0","15","0","15","0","15","351","97","351","97","195","84","0","15","55","59","140","60","156","76","0","15","0","15","0","15","0","15","0","15","0","15","0","15","0","15","0","15","0","15","0","15","0","15","0","15",
"1500000US481130136103","Block Group 3; Census Tract 136.10; Dallas County; Texas","191","86","45","64","9","20","9","20","0","15","9","20","0","15","0","15","36","58","0","15","0","15","0","15","0","15","0","15","0","15","36","58","36","58","36","58","0","15","0","15","0","15","146","63","136","63","46","34","0","15","22","27","24","22","90","56","10","16","0","15","0","15","0","15","0","15","0","15","0","15","10","16","10","16","0","15","0","15","10","16","0","15",
"1500000US481130136111","Block Group 1; Census Tract 136.11; Dallas County; Texas","555","92","0","15","0","15","0","15","0","15","0","15","0","15","0","15","0","15","0","15","0","15","0","15","0","15","0","15","0","15","0","15","0","15","0","15","0","15","0","15","0","15","555","92","529","86","152","63","23","25","83","51","46","45","377","77","26","39","26","39","26","39","0","15","0","15","26","39","0","15","0","15","0","15","0","15","0","15","0","15","0","15",
"1500000US481130136112","Block Group 2; Census Tract 136.11; Dallas County; Texas","171","92","0","15","0","15","0","15","0","15","0","15","0","15","0","15","0","15","0","15","0","15","0","15","0","15","0","15","0","15","0","15","0","15","0","15","0","15","0","15","0","15","171","92","134","61","48","46","0","15","0","15","48","46","86","44","37","58","0","15","0","15","0","15","0","15","0","15","0","15","37","58","0","15","0","15","0","15","0","15","37","58",
"1500000US481130136151","Block Group 1; Census Tract 136.15; Dallas County; Texas","379","253","131","198","0","15","0","15","0","15","0","15","0","15","0","15","131","198","0","15","0","15","0","15","0","15","0","15","0","15","131","198","131","198","131","198","0","15","0","15","0","15","248","199","152","146","122","136","64","101","0","15","58","91","30","46","96","131","0","15","0","15","0","15","0","15","0","15","0","15","96","131","48","81","0","15","0","15","48","81","48","102",
"1500000US481130136152","Block Group 2; Census Tract 136.15; Dallas County; Texas","202","94","0","15","0","15","0","15","0","15","0","15","0","15","0","15","0","15","0","15","0","15","0","15","0","15","0","15","0","15","0","15","0","15","0","15","0","15","0","15","0","15","202","94","83","117","0","15","0","15","0","15","0","15","83","117","119","87","0","15","0","15","0","15","0","15","0","15","0","15","119","87","119","87","0","15","119","87","0","15","0","15",
"1500000US481130136153","Block Group 3; Census Tract 136.15; Dallas County; Texas","348","168","0","15","0","15","0","15","0","15","0","15","0","15","0","15","0","15","0","15","0","15","0","15","0","15","0","15","0","15","0","15","0","15","0","15","0","15","0","15","0","15","348","168","289","135","91","61","0","15","0","15","91","61","198","128","59","99","59","99","59","99","0","15","59","99","0","15","0","15","0","15","0","15","0","15","0","15","0","15","0","15",
"1500000US481130136154","Block Group 4; Census Tract 136.15; Dallas County; Texas","57","65","27","46","27","46","0","15","0","15","0","15","0","15","27","46","0","15","0","15","0","15","0","15","0","15","0","15","0","15","0","15","0","15","0","15","0","15","0","15","0","15","30","48","30","48","0","15","0","15","0","15","0","15","30","48","0","15","0","15","0","15","0","15","0","15","0","15","0","15","0","15","0","15","0","15","0","15","0","15","0","15",
"1500000US481130136171","Block Group 1; Census Tract 136.17; Dallas County; Texas","187","71","37","49","0","15","0","15","0","15","0","15","0","15","0","15","37","49","0","15","0","15","0","15","0","15","0","15","0","15","37","49","37","49","0","15","37","49","0","15","0","15","150","56","131","57","68","43","0","15","0","15","68","43","63","41","19","24","0","15","0","15","0","15","0","15","0","15","0","15","19","24","13","22","0","15","0","15","13","22","6","9",
"1500000US481130136172","Block Group 2; Census Tract 136.17; Dallas County; Texas","573","133","0","15","0","15","0","15","0","15","0","15","0","15","0","15","0","15","0","15","0","15","0","15","0","15","0","15","0","15","0","15","0","15","0","15","0","15","0","15","0","15","573","133","460","93","231","79","41","32","55","43","135","63","229","66","113","93","48","38","20","24","0","15","0","15","20","24","28","32","65","85","54","82","0","15","0","15","54","82","11","18",
"1500000US481130136181","Block Group 1; Census Tract 136.18; Dallas County; Texas","423","108","51","58","51","58","51","58","35","52","0","15","16","25","0","15","0","15","0","15","0","15","0","15","0","15","0","15","0","15","0","15","0","15","0","15","0","15","0","15","0","15","372","94","218","76","123","64","13","21","57","57","53","33","95","43","154","88","93","76","49","51","0","15","0","15","49","51","44","56","61","41","33","32","0","15","0","15","33","32","28","24",
"1500000US481130136182","Block Group 2; Census Tract 136.18; Dallas County; Texas","327","60","0","15","0","15","0","15","0","15","0","15","0","15","0","15","0","15","0","15","0","15","0","15","0","15","0","15","0","15","0","15","0","15","0","15","0","15","0","15","0","15","327","60","321","59","181","53","21","24","36","32","124","45","140","51","6","9","0","15","0","15","0","15","0","15","0","15","0","15","6","9","6","9","0","15","0","15","6","9","0","15",
"1500000US481130136191","Block Group 1; Census Tract 136.19; Dallas County; Texas","460","139","67","82","16","25","0","15","0","15","0","15","0","15","16","25","51","77","0","15","0","15","0","15","0","15","0","15","0","15","51","77","51","77","0","15","0","15","51","77","0","15","393","131","337","128","108","70","0","15","18","30","90","63","229","117","56","50","22","34","22","34","0","15","0","15","22","34","0","15","34","37","34","37","0","15","0","15","34","37","0","15",
"1500000US481130136192","Block Group 2; Census Tract 136.19; Dallas County; Texas","434","114","12","20","0","15","0","15","0","15","0","15","0","15","0","15","12","20","12","20","0","15","0","15","0","15","0","15","12","20","0","15","0","15","0","15","0","15","0","15","0","15","422","115","422","115","220","110","29","35","57","73","134","84","202","76","0","15","0","15","0","15","0","15","0","15","0","15","0","15","0","15","0","15","0","15","0","15","0","15","0","15",
"1500000US481130136193","Block Group 3; Census Tract 136.19; Dallas County; Texas","539","254","14","22","14","22","0","15","0","15","0","15","0","15","14","22","0","15","0","15","0","15","0","15","0","15","0","15","0","15","0","15","0","15","0","15","0","15","0","15","0","15","525","255","525","255","172","62","0","15","16","25","156","64","353","252","0","15","0","15","0","15","0","15","0","15","0","15","0","15","0","15","0","15","0","15","0","15","0","15","0","15",
"1500000US481130136201","Block Group 1; Census Tract 136.20; Dallas County; Texas","76","77","0","15","0","15","0","15","0","15","0","15","0","15","0","15","0","15","0","15","0","15","0","15","0","15","0","15","0","15","0","15","0","15","0","15","0","15","0","15","0","15","76","77","62","68","29","50","0","15","0","15","29","50","33","49","14","24","0","15","0","15","0","15","0","15","0","15","0","15","14","24","5","17","0","15","0","15","5","17","9","17",
"1500000US481130136202","Block Group 2; Census Tract 136.20; Dallas County; Texas","549","211","0","15","0","15","0","15","0","15","0","15","0","15","0","15","0","15","0","15","0","15","0","15","0","15","0","15","0","15","0","15","0","15","0","15","0","15","0","15","0","15","549","211","374","172","9","31","9","31","0","15","0","15","365","169","175","142","120","151","91","147","0","15","91","147","0","15","29","43","55","76","55","76","0","15","0","15","55","76","0","15",
"1500000US481130136203","Block Group 3; Census Tract 136.20; Dallas County; Texas","215","139","0","15","0","15","0","15","0","15","0","15","0","15","0","15","0","15","0","15","0","15","0","15","0","15","0","15","0","15","0","15","0","15","0","15","0","15","0","15","0","15","215","139","156","97","0","15","0","15","0","15","0","15","156","97","59","95","0","15","0","15","0","15","0","15","0","15","0","15","59","95","0","15","0","15","0","15","0","15","59","95",
"1500000US481130136204","Block Group 4; Census Tract 136.20; Dallas County; Texas","170","134","0","15","0","15","0","15","0","15","0","15","0","15","0","15","0","15","0","15","0","15","0","15","0","15","0","15","0","15","0","15","0","15","0","15","0","15","0","15","0","15","170","134","170","134","86","100","0","15","86","100","0","15","84","86","0","15","0","15","0","15","0","15","0","15","0","15","0","15","0","15","0","15","0","15","0","15","0","15","0","15",
"1500000US481130136211","Block Group 1; Census Tract 136.21; Dallas County; Texas","208","131","0","15","0","15","0","15","0","15","0","15","0","15","0","15","0","15","0","15","0","15","0","15","0","15","0","15","0","15","0","15","0","15","0","15","0","15","0","15","0","15","208","131","193","135","0","15","0","15","0","15","0","15","193","135","15","23","0","15","0","15","0","15","0","15","0","15","0","15","15","23","0","15","0","15","0","15","0","15","15","23",
"1500000US481130136212","Block Group 2; Census Tract 136.21; Dallas County; Texas","669","401","58","75","43","71","43","71","0","15","43","71","0","15","0","15","15","25","0","15","0","15","0","15","0","15","0","15","0","15","15","25","15","25","0","15","15","25","0","15","0","15","611","396","401","272","222","226","0","15","222","226","0","15","179","147","210","290","0","15","0","15","0","15","0","15","0","15","0","15","210","290","0","15","0","15","0","15","0","15","210","290",
"1500000US481130136213","Block Group 3; Census Tract 136.21; Dallas County; Texas","209","152","0","15","0","15","0","15","0","15","0","15","0","15","0","15","0","15","0","15","0","15","0","15","0","15","0","15","0","15","0","15","0","15","0","15","0","15","0","15","0","15","209","152","92","86","0","15","0","15","0","15","0","15","92","86","117","132","0","15","0","15","0","15","0","15","0","15","0","15","117","132","65","99","65","99","0","15","0","15","52","85",
"1500000US481130136221","Block Group 1; Census Tract 136.22; Dallas County; Texas","345","107","14","20","14","20","0","15","0","15","0","15","0","15","14","20","0","15","0","15","0","15","0","15","0","15","0","15","0","15","0","15","0","15","0","15","0","15","0","15","0","15","331","110","242","81","0","15","0","15","0","15","0","15","242","81","89","85","8","14","8","14","8","14","0","15","0","15","0","15","81","83","63","78","63","78","0","15","0","15","18","18",
"1500000US481130136222","Block Group 2; Census Tract 136.22; Dallas County; Texas","262","136","24","37","24","37","0","15","0","15","0","15","0","15","24","37","0","15","0","15","0","15","0","15","0","15","0","15","0","15","0","15","0","15","0","15","0","15","0","15","0","15","238","145","94","85","0","15","0","15","0","15","0","15","94","85","144","126","118","120","118","120","77","119","31","14","10","21","0","15","26","44","26","44","26","44","0","15","0","15","0","15",
"1500000US481130136241","Block Group 1; Census Tract 136.24; Dallas County; Texas","236","116","0","15","0","15","0","15","0","15","0","15","0","15","0","15","0","15","0","15","0","15","0","15","0","15","0","15","0","15","0","15","0","15","0","15","0","15","0","15","0","15","236","116","136","105","136","105","0","15","77","43","59","96","0","15","100","87","43","73","0","15","0","15","0","15","0","15","43","73","57","47","31","51","31","51","0","15","0","15","26","42",
"1500000US481130136242","Block Group 2; Census Tract 136.24; Dallas County; Texas","35","45","0","15","0","15","0","15","0","15","0","15","0","15","0","15","0","15","0","15","0","15","0","15","0","15","0","15","0","15","0","15","0","15","0","15","0","15","0","15","0","15","35","45","32","37","0","15","0","15","0","15","0","15","32","37","3","25","3","25","0","15","0","15","0","15","0","15","3","25","0","15","0","15","0","15","0","15","0","15","0","15",
"1500000US481130136243","Block Group 3; Census Tract 136.24; Dallas County; Texas","60","58","0","15","0","15","0","15","0","15","0","15","0","15","0","15","0","15","0","15","0","15","0","15","0","15","0","15","0","15","0","15","0","15","0","15","0","15","0","15","0","15","60","58","60","58","22","35","0","15","0","15","22","35","38","47","0","15","0","15","0","15","0","15","0","15","0","15","0","15","0","15","0","15","0","15","0","15","0","15","0","15",
"1500000US481130136251","Block Group 1; Census Tract 136.25; Dallas County; Texas","544","174","0","15","0","15","0","15","0","15","0","15","0","15","0","15","0","15","0","15","0","15","0","15","0","15","0","15","0","15","0","15","0","15","0","15","0","15","0","15","0","15","544","174","264","137","121","108","31","51","36","41","54","85","143","80","280","152","100","94","72","89","0","15","0","15","72","89","28","32","180","131","103","92","15","23","0","15","88","91","77","91",
"1500000US481130136252","Block Group 2; Census Tract 136.25; Dallas County; Texas","117","72","0","15","0","15","0","15","0","15","0","15","0","15","0","15","0","15","0","15","0","15","0","15","0","15","0","15","0","15","0","15","0","15","0","15","0","15","0","15","0","15","117","72","72","74","0","15","0","15","0","15","0","15","72","74","45","42","0","15","0","15","0","15","0","15","0","15","0","15","45","42","29","32","16","24","0","15","13","22","16","26",
"1500000US481130136261","Block Group 1; Census Tract 136.26; Dallas County; Texas","279","191","21","36","0","15","0","15","0","15","0","15","0","15","0","15","21","36","21","36","21","36","21","36","0","15","0","15","0","15","0","15","0","15","0","15","0","15","0","15","0","15","258","185","114","103","58","73","0","15","0","15","58","73","56","54","144","158","72","118","72","118","0","15","0","15","72","118","0","15","72","101","0","15","0","15","0","15","0","15","72","101",
"1500000US481130136262","Block Group 2; Census Tract 136.26; Dallas County; Texas","342","138","0","15","0","15","0","15","0","15","0","15","0","15","0","15","0","15","0","15","0","15","0","15","0","15","0","15","0","15","0","15","0","15","0","15","0","15","0","15","0","15","342","138","306","153","207","151","207","151","0","15","0","15","99","78","36","38","0","15","0","15","0","15","0","15","0","15","0","15","36","38","14","24","0","15","0","15","14","24","22","29",
"1500000US481130136271","Block Group 1; Census Tract 136.27; Dallas County; Texas","241","111","29","24","0","15","0","15","0","15","0","15","0","15","0","15","29","24","0","15","0","15","0","15","0","15","0","15","0","15","29","24","0","15","0","15","0","15","0","15","29","24","212","114","182","108","25","31","13","22","6","10","6","11","157","99","30","52","6","33","6","33","6","33","0","15","0","15","0","15","24","36","2","8","0","15","0","15","2","8","22","36",
"1500000US481130136281","Block Group 1; Census Tract 136.28; Dallas County; Texas","57","63","0","15","0","15","0","15","0","15","0","15","0","15","0","15","0","15","0","15","0","15","0","15","0","15","0","15","0","15","0","15","0","15","0","15","0","15","0","15","0","15","57","63","28","44","28","44","28","44","0","15","0","15","0","15","29","47","0","15","0","15","0","15","0","15","0","15","0","15","29","47","0","15","0","15","0","15","0","15","29","47",
"1500000US481130136282","Block Group 2; Census Tract 136.28; Dallas County; Texas","323","158","0","15","0","15","0","15","0","15","0","15","0","15","0","15","0","15","0","15","0","15","0","15","0","15","0","15","0","15","0","15","0","15","0","15","0","15","0","15","0","15","323","158","283","155","0","15","0","15","0","15","0","15","283","155","40","48","0","15","0","15","0","15","0","15","0","15","0","15","40","48","17","30","17","30","0","15","0","15","23","38",
"1500000US481130136283","Block Group 3; Census Tract 136.28; Dallas County; Texas","86","135","0","15","0","15","0","15","0","15","0","15","0","15","0","15","0","15","0","15","0","15","0","15","0","15","0","15","0","15","0","15","0","15","0","15","0","15","0","15","0","15","86","135","16","36","0","15","0","15","0","15","0","15","16","36","70","128","0","15","0","15","0","15","0","15","0","15","0","15","70","128","0","15","0","15","0","15","0","15","70","128",
"1500000US481130136284","Block Group 4; Census Tract 136.28; Dallas County; Texas","124","130","0","15","0","15","0","15","0","15","0","15","0","15","0","15","0","15","0","15","0","15","0","15","0","15","0","15","0","15","0","15","0","15","0","15","0","15","0","15","0","15","124","130","93","119","66","112","0","15","0","15","66","112","27","41","31","50","31","50","0","15","0","15","0","15","0","15","31","50","0","15","0","15","0","15","0","15","0","15","0","15",
"1500000US481130136285","Block Group 5; Census Tract 136.28; Dallas County; Texas","531","284","166","9","0","15","0","15","0","15","0","15","0","15","0","15","166","9","0","15","0","15","0","15","0","15","0","15","0","15","166","9","166","9","0","15","166","9","0","15","0","15","365","284","314","280","0","15","0","15","0","15","0","15","314","280","51","62","0","15","0","15","0","15","0","15","0","15","0","15","51","62","0","15","0","15","0","15","0","15","51","62",
"1500000US481130136291","Block Group 1; Census Tract 136.29; Dallas County; Texas","161","84","0","15","0","15","0","15","0","15","0","15","0","15","0","15","0","15","0","15","0","15","0","15","0","15","0","15","0","15","0","15","0","15","0","15","0","15","0","15","0","15","161","84","120","79","79","61","32","48","0","15","47","58","41","47","41","45","41","45","0","15","0","15","0","15","0","15","41","45","0","15","0","15","0","15","0","15","0","15","0","15",
"1500000US481130136292","Block Group 2; Census Tract 136.29; Dallas County; Texas","324","261","152","231","152","231","152","231","0","15","152","231","0","15","0","15","0","15","0","15","0","15","0","15","0","15","0","15","0","15","0","15","0","15","0","15","0","15","0","15","0","15","172","121","133","115","92","100","0","15","0","15","92","100","41","64","39","46","0","15","0","15","0","15","0","15","0","15","0","15","39","46","14","24","14","24","0","15","0","15","25","40",
"1500000US481130136301","Block Group 1; Census Tract 136.30; Dallas County; Texas","74","63","0","15","0","15","0","15","0","15","0","15","0","15","0","15","0","15","0","15","0","15","0","15","0","15","0","15","0","15","0","15","0","15","0","15","0","15","0","15","0","15","74","63","42","50","0","15","0","15","0","15","0","15","42","50","32","37","0","15","0","15","0","15","0","15","0","15","0","15","32","37","19","31","0","15","0","15","19","31","13","21",
"1500000US481130136302","Block Group 2; Census Tract 136.30; Dallas County; Texas","319","156","0","15","0","15","0","15","0","15","0","15","0","15","0","15","0","15","0","15","0","15","0","15","0","15","0","15","0","15","0","15","0","15","0","15","0","15","0","15","0","15","319","156","246","133","107","110","53","79","54","67","0","15","139","112","73","98","0","15","0","15","0","15","0","15","0","15","0","15","73","98","0","15","0","15","0","15","0","15","73","98",
"1500000US481130136311","Block Group 1; Census Tract 136.31; Dallas County; Texas","496","142","168","129","91","118","91","118","0","15","0","15","91","118","0","15","77","85","77","85","77","85","50","79","27","47","0","15","0","15","0","15","0","15","0","15","0","15","0","15","0","15","328","132","297","125","235","119","85","101","91","84","59","43","62","66","31","50","31","50","0","15","0","15","0","15","0","15","31","50","0","15","0","15","0","15","0","15","0","15","0","15",
"1500000US481130137151","Block Group 1; Census Tract 137.15; Dallas County; Texas","519","158","0","15","0","15","0","15","0","15","0","15","0","15","0","15","0","15","0","15","0","15","0","15","0","15","0","15","0","15","0","15","0","15","0","15","0","15","0","15","0","15","519","158","397","174","293","171","52","52","0","15","241","142","104","63","122","81","51","49","0","15","0","15","0","15","0","15","51","49","71","67","7","13","0","15","0","15","7","13","64","67",
"1500000US481130137161","Block Group 1; Census Tract 137.16; Dallas County; Texas","312","123","0","15","0","15","0","15","0","15","0","15","0","15","0","15","0","15","0","15","0","15","0","15","0","15","0","15","0","15","0","15","0","15","0","15","0","15","0","15","0","15","312","123","257","124","74","56","0","15","13","19","61","53","183","108","55","43","34","36","13","20","13","20","0","15","0","15","21","31","21","28","21","28","0","15","21","28","0","15","0","15",
"1500000US481130137162","Block Group 2; Census Tract 137.16; Dallas County; Texas","560","156","6","11","6","11","0","15","0","15","0","15","0","15","6","11","0","15","0","15","0","15","0","15","0","15","0","15","0","15","0","15","0","15","0","15","0","15","0","15","0","15","554","157","308","149","167","108","0","15","73","66","94","85","141","95","246","91","50","57","10","18","0","15","10","18","0","15","40","54","196","76","116","78","0","15","0","15","116","78","80","63",
"1500000US481130137163","Block Group 3; Census Tract 137.16; Dallas County; Texas","450","128","17","18","11","17","0","15","0","15","0","15","0","15","11","17","6","11","0","15","0","15","0","15","0","15","0","15","0","15","6","11","0","15","0","15","0","15","0","15","6","11","433","125","386","118","176","112","14","18","0","15","162","113","210","72","47","47","7","12","0","15","0","15","0","15","0","15","7","12","40","44","29","39","0","15","29","39","0","15","11","17",
"1500000US481130137171","Block Group 1; Census Tract 137.17; Dallas County; Texas","334","102","22","26","22","26","22","26","0","15","0","15","22","26","0","15","0","15","0","15","0","15","0","15","0","15","0","15","0","15","0","15","0","15","0","15","0","15","0","15","0","15","312","100","217","88","142","84","19","19","48","67","75","60","75","31","95","46","19","18","7","12","0","15","0","15","7","12","12","13","76","41","31","31","8","13","3","14","20","23","45","39",
"1500000US481130137172","Block Group 2; Census Tract 137.17; Dallas County; Texas","284","125","103","91","63","74","18","25","0","15","0","15","18","25","45","68","40","56","35","55","35","55","0","15","35","55","0","15","0","15","5","10","5","10","0","15","0","15","5","10","0","15","181","98","162","97","79","69","7","11","14","22","58","66","83","67","19","28","0","15","0","15","0","15","0","15","0","15","0","15","19","28","19","28","0","15","0","15","19","28","0","15",
"1500000US481130137181","Block Group 1; Census Tract 137.18; Dallas County; Texas","200","109","0","15","0","15","0","15","0","15","0","15","0","15","0","15","0","15","0","15","0","15","0","15","0","15","0","15","0","15","0","15","0","15","0","15","0","15","0","15","0","15","200","109","176","107","87","80","23","44","64","52","0","15","89","64","24","28","0","15","0","15","0","15","0","15","0","15","0","15","24","28","14","21","0","15","0","15","14","21","10","17",
"1500000US481130137182","Block Group 2; Census Tract 137.18; Dallas County; Texas","381","157","0","15","0","15","0","15","0","15","0","15","0","15","0","15","0","15","0","15","0","15","0","15","0","15","0","15","0","15","0","15","0","15","0","15","0","15","0","15","0","15","381","157","290","140","217","148","0","15","104","97","113","128","73","75","91","79","53","61","0","15","0","15","0","15","0","15","53","61","38","48","19","34","0","15","0","15","19","34","19","37",
"1500000US481130137183","Block Group 3; Census Tract 137.18; Dallas County; Texas","387","149","60","86","0","15","0","15","0","15","0","15","0","15","0","15","60","86","0","15","0","15","0","15","0","15","0","15","0","15","60","86","53","81","53","81","0","15","0","15","7","17","327","142","212","141","135","118","92","101","43","66","0","15","77","67","115","96","73","75","35","60","0","15","0","15","35","60","38","48","42","60","42","60","0","15","42","60","0","15","0","15",
"1500000US481130137191","Block Group 1; Census Tract 137.19; Dallas County; Texas","691","188","230","142","125","110","100","108","0","15","0","15","100","108","25","29","105","97","0","15","0","15","0","15","0","15","0","15","0","15","105","97","105","97","46","71","0","15","59","76","0","15","461","194","309","118","83","52","21","34","16","19","46","37","226","100","152","142","51","77","51","77","0","15","0","15","51","77","0","15","101","119","29","35","0","15","0","15","29","35","72","114",
"1500000US481130137192","Block Group 2; Census Tract 137.19; Dallas County; Texas","543","210","4","13","4","13","0","15","0","15","0","15","0","15","4","13","0","15","0","15","0","15","0","15","0","15","0","15","0","15","0","15","0","15","0","15","0","15","0","15","0","15","539","209","519","207","129","45","76","45","39","38","14","20","390","194","20","23","13","20","0","15","0","15","0","15","0","15","13","20","7","11","7","11","0","15","0","15","7","11","0","15",
"1500000US481130137201","Block Group 1; Census Tract 137.20; Dallas County; Texas","576","171","154","113","49","61","9","15","0","15","9","15","0","15","40","59","105","110","52","76","52","76","0","15","0","15","52","76","0","15","53","75","0","15","0","15","0","15","0","15","53","75","422","148","248","116","144","101","28","41","21","31","95","78","104","64","174","104","13","22","0","15","0","15","0","15","0","15","13","22","161","102","135","96","9","15","41","64","85","76","26","31",
"1500000US481130137202","Block Group 2; Census Tract 137.20; Dallas County; Texas","192","70","0","15","0","15","0","15","0","15","0","15","0","15","0","15","0","15","0","15","0","15","0","15","0","15","0","15","0","15","0","15","0","15","0","15","0","15","0","15","0","15","192","70","185","70","37","49","0","15","37","49","0","15","148","56","7","14","7","14","7","14","0","15","0","15","7","14","0","15","0","15","0","15","0","15","0","15","0","15","0","15",
"1500000US481130137203","Block Group 3; Census Tract 137.20; Dallas County; Texas","299","116","0","15","0","15","0","15","0","15","0","15","0","15","0","15","0","15","0","15","0","15","0","15","0","15","0","15","0","15","0","15","0","15","0","15","0","15","0","15","0","15","299","116","253","106","96","76","9","15","27","35","60","49","157","86","46","37","25","30","0","15","0","15","0","15","0","15","25","30","21","24","14","21","0","15","0","15","14","21","7","13",
"1500000US481130137211","Block Group 1; Census Tract 137.21; Dallas County; Texas","610","160","91","116","91","116","0","15","0","15","0","15","0","15","91","116","0","15","0","15","0","15","0","15","0","15","0","15","0","15","0","15","0","15","0","15","0","15","0","15","0","15","519","137","415","131","174","72","11","17","0","15","163","71","241","129","104","78","35","45","0","15","0","15","0","15","0","15","35","45","69","62","24","33","0","15","0","15","24","33","45","45",
"1500000US481130137212","Block Group 2; Census Tract 137.21; Dallas County; Texas","463","174","0","15","0","15","0","15","0","15","0","15","0","15","0","15","0","15","0","15","0","15","0","15","0","15","0","15","0","15","0","15","0","15","0","15","0","15","0","15","0","15","463","174","367","145","72","75","0","15","0","15","72","75","295","142","96","103","77","101","0","15","0","15","0","15","0","15","77","101","19","25","0","15","0","15","0","15","0","15","19","25",
"1500000US481130137213","Block Group 3; Census Tract 137.21; Dallas County; Texas","592","177","0","15","0","15","0","15","0","15","0","15","0","15","0","15","0","15","0","15","0","15","0","15","0","15","0","15","0","15","0","15","0","15","0","15","0","15","0","15","0","15","592","177","548","174","160","95","40","45","24","37","96","68","388","140","44","44","35","42","0","15","0","15","0","15","0","15","35","42","9","14","0","15","0","15","0","15","0","15","9","14",
"1500000US481130137221","Block Group 1; Census Tract 137.22; Dallas County; Texas","431","230","28","44","28","44","28","44","0","15","28","44","0","15","0","15","0","15","0","15","0","15","0","15","0","15","0","15","0","15","0","15","0","15","0","15","0","15","0","15","0","15","403","226","316","200","169","106","62","72","0","15","107","68","147","156","87","112","66","105","0","15","0","15","0","15","0","15","66","105","21","35","0","15","0","15","0","15","0","15","21","35",
"1500000US481130137222","Block Group 2; Census Tract 137.22; Dallas County; Texas","602","285","16","27","16","27","0","15","0","15","0","15","0","15","16","27","0","15","0","15","0","15","0","15","0","15","0","15","0","15","0","15","0","15","0","15","0","15","0","15","0","15","586","288","302","174","210","172","0","15","57","88","153","155","92","61","284","217","174","195","0","15","0","15","0","15","0","15","174","195","110","89","57","71","0","15","0","15","57","71","53","52",
"1500000US481130137251","Block Group 1; Census Tract 137.25; Dallas County; Texas","486","174","18","27","18","27","0","15","0","15","0","15","0","15","18","27","0","15","0","15","0","15","0","15","0","15","0","15","0","15","0","15","0","15","0","15","0","15","0","15","0","15","468","178","324","163","75","64","0","15","0","15","75","64","249","150","144","93","86","84","0","15","0","15","0","15","0","15","86","84","58","37","10","17","0","15","0","15","10","17","48","31",
"1500000US481130137252","Block Group 2; Census Tract 137.25; Dallas County; Texas","293","215","12","19","0","15","0","15","0","15","0","15","0","15","0","15","12","19","0","15","0","15","0","15","0","15","0","15","0","15","12","19","12","19","12","19","0","15","0","15","0","15","281","214","226","206","158","186","0","15","0","15","158","186","68","88","55","63","0","15","0","15","0","15","0","15","0","15","0","15","55","63","23","34","0","15","0","15","23","34","32","51",
"1500000US481130137253","Block Group 3; Census Tract 137.25; Dallas County; Texas","203","106","28","44","0","15","0","15","0","15","0","15","0","15","0","15","28","44","0","15","0","15","0","15","0","15","0","15","0","15","28","44","28","44","28","44","0","15","0","15","0","15","175","95","103","62","40","35","0","15","16","25","24","26","63","54","72","72","15","23","15","23","15","23","0","15","0","15","0","15","57","68","0","15","0","15","0","15","0","15","57","68",
"1500000US481130137261","Block Group 1; Census Tract 137.26; Dallas County; Texas","480","135","13","21","0","15","0","15","0","15","0","15","0","15","0","15","13","21","0","15","0","15","0","15","0","15","0","15","0","15","13","21","0","15","0","15","0","15","0","15","13","21","467","133","440","134","84","44","29","28","15","19","40","37","356","134","27","28","19","26","0","15","0","15","0","15","0","15","19","26","8","12","0","15","0","15","0","15","0","15","8","12",
"1500000US481130137262","Block Group 2; Census Tract 137.26; Dallas County; Texas","159","67","26","46","26","46","26","46","0","15","26","46","0","15","0","15","0","15","0","15","0","15","0","15","0","15","0","15","0","15","0","15","0","15","0","15","0","15","0","15","0","15","133","74","59","48","15","24","0","15","0","15","15","24","44","41","74","55","74","55","38","42","0","15","0","15","38","42","36","42","0","15","0","15","0","15","0","15","0","15","0","15",
"1500000US481130137271","Block Group 1; Census Tract 137.27; Dallas County; Texas","293","107","10","17","10","17","0","15","0","15","0","15","0","15","10","17","0","15","0","15","0","15","0","15","0","15","0","15","0","15","0","15","0","15","0","15","0","15","0","15","0","15","283","106","220","119","20","34","7","14","0","15","13","30","200","102","63","60","0","15","0","15","0","15","0","15","0","15","0","15","63","60","63","60","0","15","38","47","25","37","0","15",
"1500000US481130137272","Block Group 2; Census Tract 137.27; Dallas County; Texas","308","171","19","30","19","30","0","15","0","15","0","15","0","15","19","30","0","15","0","15","0","15","0","15","0","15","0","15","0","15","0","15","0","15","0","15","0","15","0","15","0","15","289","165","191","130","118","116","118","116","0","15","0","15","73","53","98","125","12","20","0","15","0","15","0","15","0","15","12","20","86","123","86","123","0","15","0","15","86","123","0","15",
"1500000US481130137273","Block Group 3; Census Tract 137.27; Dallas County; Texas","328","181","23","26","7","11","7","11","0","15","7","11","0","15","0","15","16","24","16","24","0","15","0","15","0","15","0","15","16","24","0","15","0","15","0","15","0","15","0","15","0","15","305","179","72","57","0","15","0","15","0","15","0","15","72","57","233","175","29","46","0","15","0","15","0","15","0","15","29","46","204","167","101","91","26","44","0","15","75","80","103","148",
"1500000US481130137281","Block Group 1; Census Tract 137.28; Dallas County; Texas","295","117","97","75","28","37","8","20","0","15","8","20","0","15","20","32","69","58","0","15","0","15","0","15","0","15","0","15","0","15","69","58","67","58","4","20","20","32","43","48","2","4","198","114","78","87","78","87","0","15","56","84","22","24","0","15","120","69","0","15","0","15","0","15","0","15","0","15","0","15","120","69","69","58","4","7","0","15","65","58","51","56",
"1500000US481130137282","Block Group 2; Census Tract 137.28; Dallas County; Texas","150","62","0","15","0","15","0","15","0","15","0","15","0","15","0","15","0","15","0","15","0","15","0","15","0","15","0","15","0","15","0","15","0","15","0","15","0","15","0","15","0","15","150","62","131","62","48","33","16","19","0","15","32","26","83","57","19","19","10","16","0","15","0","15","0","15","0","15","10","16","9","15","9","15","0","15","0","15","9","15","0","15",
"1500000US481130137283","Block Group 3; Census Tract 137.28; Dallas County; Texas","493","145","61","59","24","38","24","38","0","15","24","38","0","15","0","15","37","49","0","15","0","15","0","15","0","15","0","15","0","15","37","49","37","49","0","15","26","45","11","19","0","15","432","126","229","78","145","77","0","15","18","24","127","81","84","41","203","98","33","44","33","44","0","15","8","13","25","43","0","15","170","98","53","58","0","15","0","15","53","58","117","88",
"1500000US481130137291","Block Group 1; Census Tract 137.29; Dallas County; Texas","524","264","11","19","0","15","0","15","0","15","0","15","0","15","0","15","11","19","11","19","11","19","11","19","0","15","0","15","0","15","0","15","0","15","0","15","0","15","0","15","0","15","513","265","437","226","161","135","43","69","0","15","118","114","276","176","76","95","65","96","60","96","0","15","0","15","60","96","5","16","11","23","5","21","0","15","0","15","5","21","6","9",
"1500000US481130137292","Block Group 2; Census Tract 137.29; Dallas County; Texas","485","202","57","90","0","15","0","15","0","15","0","15","0","15","0","15","57","90","0","15","0","15","0","15","0","15","0","15","0","15","57","90","57","90","57","90","0","15","0","15","0","15","428","175","286","150","136","129","0","15","13","26","123","124","150","112","142","130","29","35","16","25","0","15","0","15","16","25","13","23","113","122","113","122","0","15","0","15","113","122","0","15",
"1500000US481130137293","Block Group 3; Census Tract 137.29; Dallas County; Texas","472","191","46","74","46","74","0","15","0","15","0","15","0","15","46","74","0","15","0","15","0","15","0","15","0","15","0","15","0","15","0","15","0","15","0","15","0","15","0","15","0","15","426","167","309","146","189","97","0","15","33","44","156","90","120","127","117","87","34","43","0","15","0","15","0","15","0","15","34","43","83","82","3","7","0","15","0","15","3","7","80","82",
"1500000US481130137294","Block Group 4; Census Tract 137.29; Dallas County; Texas","179","107","45","51","31","49","0","15","0","15","0","15","0","15","31","49","14","16","0","15","0","15","0","15","0","15","0","15","0","15","14","16","5","9","0","15","0","15","5","9","9","15","134","99","50","56","22","29","0","15","12","20","10","22","28","47","84","83","21","31","21","31","0","15","21","31","0","15","0","15","63","77","14","24","0","15","0","15","14","24","49","69",
"1500000US481130138041","Block Group 1; Census Tract 138.04; Dallas County; Texas","277","79","0","15","0","15","0","15","0","15","0","15","0","15","0","15","0","15","0","15","0","15","0","15","0","15","0","15","0","15","0","15","0","15","0","15","0","15","0","15","0","15","277","79","224","74","71","52","7","13","32","42","32","31","153","66","53","49","0","15","0","15","0","15","0","15","0","15","0","15","53","49","16","25","0","15","16","25","0","15","37","56",
"1500000US481130138042","Block Group 2; Census Tract 138.04; Dallas County; Texas","331","83","29","42","0","15","0","15","0","15","0","15","0","15","0","15","29","42","0","15","0","15","0","15","0","15","0","15","0","15","29","42","0","15","0","15","0","15","0","15","29","42","302","81","227","69","127","56","21","21","61","48","45","36","100","43","75","56","19","20","9","15","0","15","0","15","9","15","10","14","56","48","46","45","26","40","0","15","20","19","10","15",
"1500000US481130138051","Block Group 1; Census Tract 138.05; Dallas County; Texas","482","208","0","15","0","15","0","15","0","15","0","15","0","15","0","15","0","15","0","15","0","15","0","15","0","15","0","15","0","15","0","15","0","15","0","15","0","15","0","15","0","15","482","208","340","141","22","25","22","25","0","15","0","15","318","142","142","164","125","160","12","19","0","15","0","15","12","19","113","158","17","31","0","15","0","15","0","15","0","15","17","31",
"1500000US481130138052","Block Group 2; Census Tract 138.05; Dallas County; Texas","267","96","71","49","53","41","24","37","0","15","24","37","0","15","29","19","18","30","0","15","0","15","0","15","0","15","0","15","0","15","18","30","18","30","18","30","0","15","0","15","0","15","196","79","81","73","0","15","0","15","0","15","0","15","81","73","115","44","15","24","15","24","0","15","0","15","15","24","0","15","100","40","66","53","0","15","0","15","66","53","34","58",
"1500000US481130138061","Block Group 1; Census Tract 138.06; Dallas County; Texas","498","211","11","18","0","15","0","15","0","15","0","15","0","15","0","15","11","18","0","15","0","15","0","15","0","15","0","15","0","15","11","18","11","18","0","15","0","15","11","18","0","15","487","212","300","186","82","80","58","68","0","15","24","26","218","167","187","135","83","113","0","15","0","15","0","15","0","15","83","113","104","74","0","15","0","15","0","15","0","15","104","74",
"1500000US481130138062","Block Group 2; Census Tract 138.06; Dallas County; Texas","370","166","126","122","126","122","100","116","27","43","73","110","0","15","26","39","0","15","0","15","0","15","0","15","0","15","0","15","0","15","0","15","0","15","0","15","0","15","0","15","0","15","244","128","180","88","74","58","32","36","0","15","42","46","106","73","64","87","0","15","0","15","0","15","0","15","0","15","0","15","64","87","51","84","0","15","0","15","51","84","13","20",
"1500000US481130138071","Block Group 1; Census Tract 138.07; Dallas County; Texas","328","85","8","15","0","15","0","15","0","15","0","15","0","15","0","15","8","15","0","15","0","15","0","15","0","15","0","15","0","15","8","15","0","15","0","15","0","15","0","15","8","15","320","85","272","91","127","49","45","41","15","21","67","37","145","78","48","51","0","15","0","15","0","15","0","15","0","15","0","15","48","51","14","22","0","15","0","15","14","22","34","49",
"1500000US481130138072","Block Group 2; Census Tract 138.07; Dallas County; Texas","424","141","31","33","15","23","15","23","0","15","0","15","15","23","0","15","16","22","0","15","0","15","0","15","0","15","0","15","0","15","16","22","16","22","0","15","0","15","16","22","0","15","393","148","304","138","174","132","16","27","12","21","146","132","130","58","89","100","0","15","0","15","0","15","0","15","0","15","0","15","89","100","0","15","0","15","0","15","0","15","89","100",
"1500000US481130138081","Block Group 1; Census Tract 138.08; Dallas County; Texas","119","87","15","26","15","26","0","15","0","15","0","15","0","15","15","26","0","15","0","15","0","15","0","15","0","15","0","15","0","15","0","15","0","15","0","15","0","15","0","15","0","15","104","83","49","45","0","15","0","15","0","15","0","15","49","45","55","68","17","26","0","15","0","15","0","15","0","15","17","26","38","60","38","60","0","15","0","15","38","60","0","15",
"1500000US481130138082","Block Group 2; Census Tract 138.08; Dallas County; Texas","321","105","0","15","0","15","0","15","0","15","0","15","0","15","0","15","0","15","0","15","0","15","0","15","0","15","0","15","0","15","0","15","0","15","0","15","0","15","0","15","0","15","321","105","295","97","52","47","0","15","0","15","52","47","243","96","26","41","0","15","0","15","0","15","0","15","0","15","0","15","26","41","26","41","26","41","0","15","0","15","0","15",
"1500000US481130138083","Block Group 3; Census Tract 138.08; Dallas County; Texas","246","97","0","15","0","15","0","15","0","15","0","15","0","15","0","15","0","15","0","15","0","15","0","15","0","15","0","15","0","15","0","15","0","15","0","15","0","15","0","15","0","15","246","97","154","63","19","33","19","33","0","15","0","15","135","53","92","78","10","16","0","15","0","15","0","15","0","15","10","16","82","77","71","78","71","78","0","15","0","15","11","16",
"1500000US481130139011","Block Group 1; Census Tract 139.01; Dallas County; Texas","616","168","137","103","102","101","68","93","0","15","68","93","0","15","34","45","35","33","1","5","1","5","0","15","1","5","0","15","0","15","34","33","34","33","0","15","0","15","34","33","0","15","479","145","307","95","91","47","20","20","33","34","38","29","216","92","172","111","16","17","9","13","9","13","0","15","0","15","7","11","156","109","121","104","26","33","56","88","39","54","35","36",
"1500000US481130139012","Block Group 2; Census Tract 139.01; Dallas County; Texas","236","105","4","7","0","15","0","15","0","15","0","15","0","15","0","15","4","7","4","7","4","7","0","15","0","15","4","7","0","15","0","15","0","15","0","15","0","15","0","15","0","15","232","104","185","96","149","94","16","22","34","38","99","91","36","21","47","36","6","9","0","15","0","15","0","15","0","15","6","9","41","35","30","35","0","15","0","15","30","35","11","13",
"1500000US481130139021","Block Group 1; Census Tract 139.02; Dallas County; Texas","195","89","0","15","0","15","0","15","0","15","0","15","0","15","0","15","0","15","0","15","0","15","0","15","0","15","0","15","0","15","0","15","0","15","0","15","0","15","0","15","0","15","195","89","182","87","73","68","0","15","8","14","65","67","109","67","13","21","0","15","0","15","0","15","0","15","0","15","0","15","13","21","0","15","0","15","0","15","0","15","13","21",
"1500000US481130139022","Block Group 2; Census Tract 139.02; Dallas County; Texas","289","93","5","8","5","8","0","15","0","15","0","15","0","15","5","8","0","15","0","15","0","15","0","15","0","15","0","15","0","15","0","15","0","15","0","15","0","15","0","15","0","15","284","93","255","92","107","67","0","15","21","34","86","64","148","84","29","26","29","26","0","15","0","15","0","15","0","15","29","26","0","15","0","15","0","15","0","15","0","15","0","15",
"1500000US481130139023","Block Group 3; Census Tract 139.02; Dallas County; Texas","402","103","103","96","103","96","95","96","0","15","0","15","95","96","8","15","0","15","0","15","0","15","0","15","0","15","0","15","0","15","0","15","0","15","0","15","0","15","0","15","0","15","299","112","158","101","95","101","0","15","0","15","95","101","63","49","141","97","7","13","0","15","0","15","0","15","0","15","7","13","134","97","47","38","0","15","0","15","47","38","87","80",
"1500000US481130140011","Block Group 1; Census Tract 140.01; Dallas County; Texas","731","222","0","15","0","15","0","15","0","15","0","15","0","15","0","15","0","15","0","15","0","15","0","15","0","15","0","15","0","15","0","15","0","15","0","15","0","15","0","15","0","15","731","222","376","105","131","82","34","37","0","15","97","78","245","88","355","194","69","49","11","18","0","15","0","15","11","18","58","53","286","191","176","180","0","15","166","178","10","17","110","61",
"1500000US481130140012","Block Group 2; Census Tract 140.01; Dallas County; Texas","368","106","0","15","0","15","0","15","0","15","0","15","0","15","0","15","0","15","0","15","0","15","0","15","0","15","0","15","0","15","0","15","0","15","0","15","0","15","0","15","0","15","368","106","340","103","111","76","0","15","73","67","38","31","229","65","28","19","10","17","0","15","0","15","0","15","0","15","10","17","18","22","7","11","0","15","0","15","7","11","11","19",
"1500000US481130140021","Block Group 1; Census Tract 140.02; Dallas County; Texas","904","142","0","15","0","15","0","15","0","15","0","15","0","15","0","15","0","15","0","15","0","15","0","15","0","15","0","15","0","15","0","15","0","15","0","15","0","15","0","15","0","15","904","142","757","116","324","87","43","39","79","74","202","80","433","129","147","123","75","80","15","23","0","15","0","15","15","23","60","79","72","98","63","97","0","15","0","15","63","97","9","14",
"1500000US481130141191","Block Group 1; Census Tract 141.19; Dallas County; Texas","414","101","31","48","0","15","0","15","0","15","0","15","0","15","0","15","31","48","31","48","31","48","0","15","0","15","31","48","0","15","0","15","0","15","0","15","0","15","0","15","0","15","383","92","313","91","169","56","49","33","9","14","111","45","144","74","70","53","12","18","0","15","0","15","0","15","0","15","12","18","58","51","38","41","0","15","0","15","38","41","20","22",
"1500000US481130141192","Block Group 2; Census Tract 141.19; Dallas County; Texas","389","103","11","17","11","17","0","15","0","15","0","15","0","15","11","17","0","15","0","15","0","15","0","15","0","15","0","15","0","15","0","15","0","15","0","15","0","15","0","15","0","15","378","101","317","89","86","43","19","23","8","12","59","35","231","85","61","49","0","15","0","15","0","15","0","15","0","15","0","15","61","49","53","49","26","39","0","15","27","41","8","12",
"1500000US481130141193","Block Group 3; Census Tract 141.19; Dallas County; Texas","407","141","9","15","9","15","0","15","0","15","0","15","0","15","9","15","0","15","0","15","0","15","0","15","0","15","0","15","0","15","0","15","0","15","0","15","0","15","0","15","0","15","398","142","378","146","100","46","25","26","14","17","61","34","278","134","20","22","0","15","0","15","0","15","0","15","0","15","0","15","20","22","20","22","0","15","0","15","20","22","0","15",
"1500000US481130141201","Block Group 1; Census Tract 141.20; Dallas County; Texas","513","137","0","15","0","15","0","15","0","15","0","15","0","15","0","15","0","15","0","15","0","15","0","15","0","15","0","15","0","15","0","15","0","15","0","15","0","15","0","15","0","15","513","137","439","127","215","89","25","25","48","42","142","75","224","92","74","68","29","36","29","36","0","15","0","15","29","36","0","15","45","55","36","52","0","15","0","15","36","52","9","15",
"1500000US481130141202","Block Group 2; Census Tract 141.20; Dallas County; Texas","475","111","7","15","7","15","7","15","0","15","0","15","7","15","0","15","0","15","0","15","0","15","0","15","0","15","0","15","0","15","0","15","0","15","0","15","0","15","0","15","0","15","468","111","347","85","187","62","60","42","43","38","84","46","160","69","121","82","49","48","36","43","0","15","0","15","36","43","13","19","72","57","45","47","11","18","0","15","34","44","27","26",
"1500000US481130141203","Block Group 3; Census Tract 141.20; Dallas County; Texas","496","119","13","20","13","20","0","15","0","15","0","15","0","15","13","20","0","15","0","15","0","15","0","15","0","15","0","15","0","15","0","15","0","15","0","15","0","15","0","15","0","15","483","118","473","117","250","94","15","21","47","47","188","75","223","73","10","17","10","17","0","15","0","15","0","15","0","15","10","17","0","15","0","15","0","15","0","15","0","15","0","15",
"1500000US481130141211","Block Group 1; Census Tract 141.21; Dallas County; Texas","116","100","25","39","25","39","25","39","0","15","0","15","25","39","0","15","0","15","0","15","0","15","0","15","0","15","0","15","0","15","0","15","0","15","0","15","0","15","0","15","0","15","91","94","91","94","0","15","0","15","0","15","0","15","91","94","0","15","0","15","0","15","0","15","0","15","0","15","0","15","0","15","0","15","0","15","0","15","0","15","0","15",
"1500000US481130141212","Block Group 2; Census Tract 141.21; Dallas County; Texas","324","153","0","15","0","15","0","15","0","15","0","15","0","15","0","15","0","15","0","15","0","15","0","15","0","15","0","15","0","15","0","15","0","15","0","15","0","15","0","15","0","15","324","153","290","140","92","90","0","15","0","15","92","90","198","104","34","46","0","15","0","15","0","15","0","15","0","15","0","15","34","46","0","15","0","15","0","15","0","15","34","46",
"1500000US481130141213","Block Group 3; Census Tract 141.21; Dallas County; Texas","269","195","19","32","19","32","0","15","0","15","0","15","0","15","19","32","0","15","0","15","0","15","0","15","0","15","0","15","0","15","0","15","0","15","0","15","0","15","0","15","0","15","250","194","221","185","186","182","95","145","0","15","91","114","35","42","29","48","29","48","0","15","0","15","0","15","0","15","29","48","0","15","0","15","0","15","0","15","0","15","0","15",
"1500000US481130141214","Block Group 4; Census Tract 141.21; Dallas County; Texas","530","165","32","58","32","58","32","58","32","58","0","15","0","15","0","15","0","15","0","15","0","15","0","15","0","15","0","15","0","15","0","15","0","15","0","15","0","15","0","15","0","15","498","156","395","133","78","64","10","16","0","15","68","64","317","123","103","97","14","26","0","15","0","15","0","15","0","15","14","26","89","95","77","96","0","15","0","15","77","96","12","19",
"1500000US481130141231","Block Group 1; Census Tract 141.23; Dallas County; Texas","695","118","26","35","26","35","26","35","0","15","0","15","26","35","0","15","0","15","0","15","0","15","0","15","0","15","0","15","0","15","0","15","0","15","0","15","0","15","0","15","0","15","669","113","557","127","310","101","22","25","26","24","262","97","247","78","112","85","67","63","23","24","0","15","0","15","23","24","44","62","45","50","32","44","0","15","0","15","32","44","13","19",
"1500000US481130141232","Block Group 2; Census Tract 141.23; Dallas County; Texas","395","132","0","15","0","15","0","15","0","15","0","15","0","15","0","15","0","15","0","15","0","15","0","15","0","15","0","15","0","15","0","15","0","15","0","15","0","15","0","15","0","15","395","132","279","97","219","95","11","18","6","12","202","93","60","36","116","94","82","99","72","97","0","15","0","15","72","97","10","16","34","30","23","27","0","15","0","15","23","27","11","16",
"1500000US481130141233","Block Group 3; Census Tract 141.23; Dallas County; Texas","697","128","9","14","9","14","9","14","0","15","0","15","9","14","0","15","0","15","0","15","0","15","0","15","0","15","0","15","0","15","0","15","0","15","0","15","0","15","0","15","0","15","688","129","662","123","325","75","19","23","80","62","226","80","337","114","26","30","15","24","0","15","0","15","0","15","0","15","15","24","11","17","11","17","0","15","0","15","11","17","0","15",
"1500000US481130141241","Block Group 1; Census Tract 141.24; Dallas County; Texas","709","112","24","24","13","17","13","17","0","15","0","15","13","17","0","15","11","18","0","15","0","15","0","15","0","15","0","15","0","15","11","18","11","18","0","15","0","15","11","18","0","15","685","115","653","111","218","70","46","35","10","18","162","61","435","106","32","29","8","15","0","15","0","15","0","15","0","15","8","15","24","27","14","20","8","15","0","15","6","13","10","17",
"1500000US481130141242","Block Group 2; Census Tract 141.24; Dallas County; Texas","0","15","0","15","0","15","0","15","0","15","0","15","0","15","0","15","0","15","0","15","0","15","0","15","0","15","0","15","0","15","0","15","0","15","0","15","0","15","0","15","0","15","0","15","0","15","0","15","0","15","0","15","0","15","0","15","0","15","0","15","0","15","0","15","0","15","0","15","0","15","0","15","0","15","0","15","0","15","0","15","0","15",
"1500000US481130141243","Block Group 3; Census Tract 141.24; Dallas County; Texas","572","113","8","13","8","13","8","13","0","15","0","15","8","13","0","15","0","15","0","15","0","15","0","15","0","15","0","15","0","15","0","15","0","15","0","15","0","15","0","15","0","15","564","114","519","93","276","79","34","37","58","55","184","77","243","70","45","71","0","15","0","15","0","15","0","15","0","15","0","15","45","71","0","15","0","15","0","15","0","15","45","71",
"1500000US481130141261","Block Group 1; Census Tract 141.26; Dallas County; Texas","521","164","20","33","0","15","0","15","0","15","0","15","0","15","0","15","20","33","0","15","0","15","0","15","0","15","0","15","0","15","20","33","20","33","0","15","0","15","20","33","0","15","501","162","481","162","87","74","13","21","33","42","41","52","394","147","20","32","20","32","20","32","0","15","0","15","20","32","0","15","0","15","0","15","0","15","0","15","0","15","0","15",
"1500000US481130141262","Block Group 2; Census Tract 141.26; Dallas County; Texas","469","188","0","15","0","15","0","15","0","15","0","15","0","15","0","15","0","15","0","15","0","15","0","15","0","15","0","15","0","15","0","15","0","15","0","15","0","15","0","15","0","15","469","188","432","185","149","88","53","59","33","49","63","52","283","188","37","44","11","19","0","15","0","15","0","15","0","15","11","19","26","41","26","41","26","41","0","15","0","15","0","15",
"1500000US481130141263","Block Group 3; Census Tract 141.26; Dallas County; Texas","0","15","0","15","0","15","0","15","0","15","0","15","0","15","0","15","0","15","0","15","0","15","0","15","0","15","0","15","0","15","0","15","0","15","0","15","0","15","0","15","0","15","0","15","0","15","0","15","0","15","0","15","0","15","0","15","0","15","0","15","0","15","0","15","0","15","0","15","0","15","0","15","0","15","0","15","0","15","0","15","0","15",
"1500000US481130141264","Block Group 4; Census Tract 141.26; Dallas County; Texas","1092","262","26","41","26","41","26","41","0","15","0","15","26","41","0","15","0","15","0","15","0","15","0","15","0","15","0","15","0","15","0","15","0","15","0","15","0","15","0","15","0","15","1066","259","830","246","536","250","70","73","69","79","397","233","294","121","236","183","145","125","120","118","73","105","0","15","47","55","25","39","91","133","91","133","0","15","0","15","91","133","0","15",
"1500000US481130141281","Block Group 1; Census Tract 141.28; Dallas County; Texas","550","158","0","15","0","15","0","15","0","15","0","15","0","15","0","15","0","15","0","15","0","15","0","15","0","15","0","15","0","15","0","15","0","15","0","15","0","15","0","15","0","15","550","158","460","122","345","111","76","55","37","30","232","104","115","66","90","112","20","34","0","15","0","15","0","15","0","15","20","34","70","96","61","95","0","15","0","15","61","95","9","13",
"1500000US481130141282","Block Group 2; Census Tract 141.28; Dallas County; Texas","505","201","0","15","0","15","0","15","0","15","0","15","0","15","0","15","0","15","0","15","0","15","0","15","0","15","0","15","0","15","0","15","0","15","0","15","0","15","0","15","0","15","505","201","397","182","334","175","42","38","58","57","234","157","63","50","108","71","61","55","0","15","0","15","0","15","0","15","61","55","47","47","47","47","0","15","0","15","47","47","0","15",
"1500000US481130141301","Block Group 1; Census Tract 141.30; Dallas County; Texas","356","132","7","16","7","16","0","15","0","15","0","15","0","15","7","16","0","15","0","15","0","15","0","15","0","15","0","15","0","15","0","15","0","15","0","15","0","15","0","15","0","15","349","134","317","124","57","54","10","16","0","15","47","51","260","111","32","43","0","15","0","15","0","15","0","15","0","15","0","15","32","43","32","43","0","15","0","15","32","43","0","15",
"1500000US481130141302","Block Group 2; Census Tract 141.30; Dallas County; Texas","331","117","11","19","11","19","0","15","0","15","0","15","0","15","11","19","0","15","0","15","0","15","0","15","0","15","0","15","0","15","0","15","0","15","0","15","0","15","0","15","0","15","320","119","307","117","194","119","99","110","14","22","81","61","113","76","13","22","0","15","0","15","0","15","0","15","0","15","0","15","13","22","13","22","0","15","0","15","13","22","0","15",
"1500000US481130141303","Block Group 3; Census Tract 141.30; Dallas County; Texas","351","185","0","15","0","15","0","15","0","15","0","15","0","15","0","15","0","15","0","15","0","15","0","15","0","15","0","15","0","15","0","15","0","15","0","15","0","15","0","15","0","15","351","185","271","155","125","74","20","34","24","32","81","57","146","106","80","122","0","15","0","15","0","15","0","15","0","15","0","15","80","122","80","122","80","122","0","15","0","15","0","15",
"1500000US481130141321","Block Group 1; Census Tract 141.32; Dallas County; Texas","215","83","0","15","0","15","0","15","0","15","0","15","0","15","0","15","0","15","0","15","0","15","0","15","0","15","0","15","0","15","0","15","0","15","0","15","0","15","0","15","0","15","215","83","182","80","98","70","0","15","32","31","66","71","84","60","33","39","27","35","0","15","0","15","0","15","0","15","27","35","6","18","0","15","0","15","0","15","0","15","6","18",
"1500000US481130141322","Block Group 2; Census Tract 141.32; Dallas County; Texas","703","169","206","103","0","15","0","15","0","15","0","15","0","15","0","15","206","103","0","15","0","15","0","15","0","15","0","15","0","15","206","103","206","103","0","15","8","13","198","103","0","15","497","192","401","163","235","140","100","82","33","52","102","95","166","69","96","75","47","38","29","32","0","15","0","15","29","32","18","25","49","62","49","62","0","15","0","15","49","62","0","15",
"1500000US481130141341","Block Group 1; Census Tract 141.34; Dallas County; Texas","537","89","0","15","0","15","0","15","0","15","0","15","0","15","0","15","0","15","0","15","0","15","0","15","0","15","0","15","0","15","0","15","0","15","0","15","0","15","0","15","0","15","537","89","512","90","265","73","31","31","35","34","199","65","247","55","25","22","3","5","0","15","0","15","0","15","0","15","3","5","22","22","22","22","0","15","0","15","22","22","0","15",
"1500000US481130141342","Block Group 2; Census Tract 141.34; Dallas County; Texas","581","182","10","16","10","16","10","16","0","15","0","15","10","16","0","15","0","15","0","15","0","15","0","15","0","15","0","15","0","15","0","15","0","15","0","15","0","15","0","15","0","15","571","183","406","150","201","77","0","15","24","34","177","71","205","116","165","137","80","111","73","109","0","15","0","15","73","109","7","16","85","77","31","36","0","15","10","15","21","32","54","68",
"1500000US481130141351","Block Group 1; Census Tract 141.35; Dallas County; Texas","564","99","17","26","17","26","17","26","0","15","0","15","17","26","0","15","0","15","0","15","0","15","0","15","0","15","0","15","0","15","0","15","0","15","0","15","0","15","0","15","0","15","547","99","501","100","254","93","28","26","10","15","216","97","247","67","46","48","11","18","11","18","11","18","0","15","0","15","0","15","35","45","3","8","0","15","0","15","3","8","32","45",
"1500000US481130141352","Block Group 2; Census Tract 141.35; Dallas County; Texas","333","94","36","37","36","37","36","37","0","15","36","37","0","15","0","15","0","15","0","15","0","15","0","15","0","15","0","15","0","15","0","15","0","15","0","15","0","15","0","15","0","15","297","99","179","73","147","71","0","15","16","24","131","67","32","33","118","73","55","55","24","26","0","15","0","15","24","26","31","49","63","45","33","34","0","15","0","15","33","34","30","31",
"1500000US481130141353","Block Group 3; Census Tract 141.35; Dallas County; Texas","399","152","0","15","0","15","0","15","0","15","0","15","0","15","0","15","0","15","0","15","0","15","0","15","0","15","0","15","0","15","0","15","0","15","0","15","0","15","0","15","0","15","399","152","274","96","237","90","38","35","83","83","116","64","37","33","125","133","0","15","0","15","0","15","0","15","0","15","0","15","125","133","125","133","0","15","0","15","125","133","0","15",
"1500000US481130141381","Block Group 1; Census Tract 141.38; Dallas County; Texas","328","146","0","15","0","15","0","15","0","15","0","15","0","15","0","15","0","15","0","15","0","15","0","15","0","15","0","15","0","15","0","15","0","15","0","15","0","15","0","15","0","15","328","146","328","146","210","120","76","103","12","19","122","78","118","72","0","15","0","15","0","15","0","15","0","15","0","15","0","15","0","15","0","15","0","15","0","15","0","15","0","15",
"1500000US481130141382","Block Group 2; Census Tract 141.38; Dallas County; Texas","510","204","18","27","18","27","18","27","18","27","0","15","0","15","0","15","0","15","0","15","0","15","0","15","0","15","0","15","0","15","0","15","0","15","0","15","0","15","0","15","0","15","492","203","334","131","149","105","88","88","45","50","16","18","185","83","158","155","158","155","0","15","0","15","0","15","0","15","158","155","0","15","0","15","0","15","0","15","0","15","0","15",
"1500000US481130141383","Block Group 3; Census Tract 141.38; Dallas County; Texas","242","90","0","15","0","15","0","15","0","15","0","15","0","15","0","15","0","15","0","15","0","15","0","15","0","15","0","15","0","15","0","15","0","15","0","15","0","15","0","15","0","15","242","90","219","90","75","58","26","26","17","27","32","44","144","66","23","32","17","30","17","30","0","15","0","15","17","30","0","15","6","12","0","15","0","15","0","15","0","15","6","12",
"1500000US481130141391","Block Group 1; Census Tract 141.39; Dallas County; Texas","242","133","0","15","0","15","0","15","0","15","0","15","0","15","0","15","0","15","0","15","0","15","0","15","0","15","0","15","0","15","0","15","0","15","0","15","0","15","0","15","0","15","242","133","145","106","133","105","39","68","35","55","59","66","12","19","97","97","0","15","0","15","0","15","0","15","0","15","0","15","97","97","89","98","0","15","40","59","49","77","8","22",
"1500000US481130141392","Block Group 2; Census Tract 141.39; Dallas County; Texas","351","197","76","52","38","48","31","47","0","15","0","15","31","47","7","11","38","35","0","15","0","15","0","15","0","15","0","15","0","15","38","35","38","35","0","15","0","15","38","35","0","15","275","202","266","201","155","192","114","179","28","45","13","33","111","82","9","15","0","15","0","15","0","15","0","15","0","15","0","15","9","15","0","15","0","15","0","15","0","15","9","15",
"1500000US481130141401","Block Group 1; Census Tract 141.40; Dallas County; Texas","628","174","88","89","0","15","0","15","0","15","0","15","0","15","0","15","88","89","0","15","0","15","0","15","0","15","0","15","0","15","88","89","34","28","0","15","0","15","34","28","54","85","540","154","396","130","137","101","96","96","23","30","18","15","259","92","144","92","16","25","0","15","0","15","0","15","0","15","16","25","128","91","55","48","0","15","0","15","55","48","73","65",
"1500000US481130141411","Block Group 1; Census Tract 141.41; Dallas County; Texas","188","95","0","15","0","15","0","15","0","15","0","15","0","15","0","15","0","15","0","15","0","15","0","15","0","15","0","15","0","15","0","15","0","15","0","15","0","15","0","15","0","15","188","95","151","94","66","59","0","15","66","59","0","15","85","69","37","50","17","40","17","40","0","15","0","15","17","40","0","15","20","33","0","15","0","15","0","15","0","15","20","33",
"1500000US481130141412","Block Group 2; Census Tract 141.41; Dallas County; Texas","448","199","28","36","19","34","19","34","0","15","19","34","0","15","0","15","9","14","0","15","0","15","0","15","0","15","0","15","0","15","9","14","9","14","0","15","0","15","9","14","0","15","420","196","347","137","248","139","248","139","0","15","0","15","99","68","73","121","0","15","0","15","0","15","0","15","0","15","0","15","73","121","73","121","0","15","73","121","0","15","0","15",
"1500000US481130141421","Block Group 1; Census Tract 141.42; Dallas County; Texas","460","156","154","114","0","15","0","15","0","15","0","15","0","15","0","15","154","114","0","15","0","15","0","15","0","15","0","15","0","15","154","114","79","89","0","15","0","15","79","89","75","85","306","128","189","96","131","80","44","50","23","39","64","72","58","48","117","86","9","14","0","15","0","15","0","15","0","15","9","14","108","82","108","82","0","15","76","82","32","52","0","15",
"1500000US481130141422","Block Group 2; Census Tract 141.42; Dallas County; Texas","130","55","0","15","0","15","0","15","0","15","0","15","0","15","0","15","0","15","0","15","0","15","0","15","0","15","0","15","0","15","0","15","0","15","0","15","0","15","0","15","0","15","130","55","108","53","41","50","0","15","30","46","11","18","67","33","22","26","0","15","0","15","0","15","0","15","0","15","0","15","22","26","12","21","0","15","12","21","0","15","10","19",
"1500000US481130141431","Block Group 1; Census Tract 141.43; Dallas County; Texas","1327","290","75","72","75","72","14","24","0","15","0","15","14","24","61","64","0","15","0","15","0","15","0","15","0","15","0","15","0","15","0","15","0","15","0","15","0","15","0","15","0","15","1252","289","1166","279","681","188","147","88","59","71","475","187","485","266","86","84","40","46","0","15","0","15","0","15","0","15","40","46","46","70","0","15","0","15","0","15","0","15","46","70",
"1500000US481130141441","Block Group 1; Census Tract 141.44; Dallas County; Texas","792","323","0","15","0","15","0","15","0","15","0","15","0","15","0","15","0","15","0","15","0","15","0","15","0","15","0","15","0","15","0","15","0","15","0","15","0","15","0","15","0","15","792","323","406","200","224","116","66","79","70","63","88","88","182","170","386","274","87","142","87","142","0","15","0","15","87","142","0","15","299","236","256","239","0","15","46","57","210","232","43","52",
"1500000US481130141442","Block Group 2; Census Tract 141.44; Dallas County; Texas","172","106","39","64","39","64","0","15","0","15","0","15","0","15","39","64","0","15","0","15","0","15","0","15","0","15","0","15","0","15","0","15","0","15","0","15","0","15","0","15","0","15","133","115","117","111","83","100","59","92","24","37","0","15","34","41","16","25","16","25","16","25","16","25","0","15","0","15","0","15","0","15","0","15","0","15","0","15","0","15","0","15",
"1500000US481130141443","Block Group 3; Census Tract 141.44; Dallas County; Texas","486","141","0","15","0","15","0","15","0","15","0","15","0","15","0","15","0","15","0","15","0","15","0","15","0","15","0","15","0","15","0","15","0","15","0","15","0","15","0","15","0","15","486","141","418","123","165","88","58","77","22","29","85","61","253","103","68","89","0","15","0","15","0","15","0","15","0","15","0","15","68","89","29","54","0","15","0","15","29","54","39","63",
"1500000US481130141451","Block Group 1; Census Tract 141.45; Dallas County; Texas","199","73","16","17","16","17","16","17","16","17","0","15","0","15","0","15","0","15","0","15","0","15","0","15","0","15","0","15","0","15","0","15","0","15","0","15","0","15","0","15","0","15","183","74","156","70","41","38","0","15","41","38","0","15","115","73","27","32","0","15","0","15","0","15","0","15","0","15","0","15","27","32","17","26","17","26","0","15","0","15","10","17",
"1500000US481130141461","Block Group 1; Census Tract 141.46; Dallas County; Texas","497","153","71","43","54","48","54","48","12","14","42","47","0","15","0","15","17","25","0","15","0","15","0","15","0","15","0","15","0","15","17","25","17","25","0","15","0","15","17","25","0","15","426","155","395","147","321","135","152","111","52","70","117","69","74","55","31","33","17","27","0","15","0","15","0","15","0","15","17","27","14","17","4","6","0","15","0","15","4","6","10","16",
"1500000US481130141471","Block Group 1; Census Tract 141.47; Dallas County; Texas","271","81","0","15","0","15","0","15","0","15","0","15","0","15","0","15","0","15","0","15","0","15","0","15","0","15","0","15","0","15","0","15","0","15","0","15","0","15","0","15","0","15","271","81","258","78","111","69","0","15","102","68","9","15","147","99","13","21","7","11","0","15","0","15","0","15","0","15","7","11","6","19","0","15","0","15","0","15","0","15","6","19",
"1500000US481130141472","Block Group 2; Census Tract 141.47; Dallas County; Texas","224","108","25","40","25","40","25","40","0","15","25","40","0","15","0","15","0","15","0","15","0","15","0","15","0","15","0","15","0","15","0","15","0","15","0","15","0","15","0","15","0","15","199","99","59","70","0","15","0","15","0","15","0","15","59","70","140","73","78","57","32","44","0","15","32","44","0","15","46","46","62","61","47","46","0","15","0","15","47","46","15","26",
"1500000US481130141481","Block Group 1; Census Tract 141.48; Dallas County; Texas","566","172","66","68","47","65","47","65","0","15","0","15","47","65","0","15","19","32","0","15","0","15","0","15","0","15","0","15","0","15","19","32","19","32","0","15","19","32","0","15","0","15","500","164","379","171","294","154","24","38","163","114","107","115","85","70","121","102","27","37","27","37","0","15","0","15","27","37","0","15","94","100","73","93","0","15","27","43","46","75","21","34",
"1500000US481130141482","Block Group 2; Census Tract 141.48; Dallas County; Texas","76","65","0","15","0","15","0","15","0","15","0","15","0","15","0","15","0","15","0","15","0","15","0","15","0","15","0","15","0","15","0","15","0","15","0","15","0","15","0","15","0","15","76","65","42","38","26","43","0","15","0","15","26","43","16","25","34","54","34","54","0","15","0","15","0","15","0","15","34","54","0","15","0","15","0","15","0","15","0","15","0","15",
"1500000US481130141491","Block Group 1; Census Tract 141.49; Dallas County; Texas","546","229","25","40","0","15","0","15","0","15","0","15","0","15","0","15","25","40","0","15","0","15","0","15","0","15","0","15","0","15","25","40","25","40","0","15","0","15","25","40","0","15","521","229","425","217","143","112","60","68","59","88","24","29","282","186","96","68","32","48","26","51","0","15","0","15","26","51","6","15","64","52","53","48","36","45","0","15","17","24","11","17",
"1500000US481130141492","Block Group 2; Census Tract 141.49; Dallas County; Texas","480","122","28","30","28","30","28","30","28","30","0","15","0","15","0","15","0","15","0","15","0","15","0","15","0","15","0","15","0","15","0","15","0","15","0","15","0","15","0","15","0","15","452","121","318","96","181","72","124","71","37","37","20","34","137","80","134","87","52","48","11","15","0","15","0","15","11","15","41","46","82","69","82","69","25","41","18","29","39","45","0","15",
"1500000US481130141501","Block Group 1; Census Tract 141.50; Dallas County; Texas","360","48","0","15","0","15","0","15","0","15","0","15","0","15","0","15","0","15","0","15","0","15","0","15","0","15","0","15","0","15","0","15","0","15","0","15","0","15","0","15","0","15","360","48","319","51","188","53","0","15","14","13","174","59","131","44","41","30","19","19","13","18","0","15","0","15","13","18","6","10","22","20","22","20","0","15","0","15","22","20","0","15",
"1500000US481130141511","Block Group 1; Census Tract 141.51; Dallas County; Texas","575","168","69","97","69","97","69","97","69","97","0","15","0","15","0","15","0","15","0","15","0","15","0","15","0","15","0","15","0","15","0","15","0","15","0","15","0","15","0","15","0","15","506","164","476","165","375","151","7","12","103","69","265","149","101","74","30","30","19","24","5","9","0","15","0","15","5","9","14","23","11","18","11","18","0","15","0","15","11","18","0","15",
"1500000US481130141512","Block Group 2; Census Tract 141.51; Dallas County; Texas","482","91","11","17","11","17","11","17","0","15","0","15","11","17","0","15","0","15","0","15","0","15","0","15","0","15","0","15","0","15","0","15","0","15","0","15","0","15","0","15","0","15","471","90","402","88","350","93","36","39","80","52","234","87","52","44","69","52","36","42","10","19","0","15","0","15","10","19","26","36","33","37","0","15","0","15","0","15","0","15","33","37",
"1500000US481130141521","Block Group 1; Census Tract 141.52; Dallas County; Texas","479","189","0","15","0","15","0","15","0","15","0","15","0","15","0","15","0","15","0","15","0","15","0","15","0","15","0","15","0","15","0","15","0","15","0","15","0","15","0","15","0","15","479","189","388","185","129","87","98","81","0","15","31","39","259","157","91","83","0","15","0","15","0","15","0","15","0","15","0","15","91","83","8","18","0","15","0","15","8","18","83","82",
"1500000US481130141522","Block Group 2; Census Tract 141.52; Dallas County; Texas","446","137","49","32","49","32","49","32","14","24","35","22","0","15","0","15","0","15","0","15","0","15","0","15","0","15","0","15","0","15","0","15","0","15","0","15","0","15","0","15","0","15","397","137","333","134","138","109","113","110","0","15","25","35","195","124","64","52","0","15","0","15","0","15","0","15","0","15","0","15","64","52","64","52","0","15","0","15","64","52","0","15",
"1500000US481130141531","Block Group 1; Census Tract 141.53; Dallas County; Texas","240","125","50","46","29","37","29","37","0","15","0","15","29","37","0","15","21","28","0","15","0","15","0","15","0","15","0","15","0","15","21","28","21","28","21","28","0","15","0","15","0","15","190","102","110","83","110","83","0","15","0","15","110","83","0","15","80","72","20","31","0","15","0","15","0","15","0","15","20","31","60","62","60","62","0","15","0","15","60","62","0","15",
"1500000US481130141532","Block Group 2; Census Tract 141.53; Dallas County; Texas","612","580","6","9","0","15","0","15","0","15","0","15","0","15","0","15","6","9","0","15","0","15","0","15","0","15","0","15","0","15","6","9","0","15","0","15","0","15","0","15","6","9","606","579","569","581","126","85","17","21","27","27","82","76","443","576","37","32","7","12","0","15","0","15","0","15","0","15","7","12","30","31","19","25","9","20","0","15","10","16","11","18",
"1500000US481130141533","Block Group 3; Census Tract 141.53; Dallas County; Texas","300","155","0","15","0","15","0","15","0","15","0","15","0","15","0","15","0","15","0","15","0","15","0","15","0","15","0","15","0","15","0","15","0","15","0","15","0","15","0","15","0","15","300","155","167","106","43","54","0","15","27","44","16","24","124","97","133","109","22","40","0","15","0","15","0","15","0","15","22","40","111","110","96","105","0","15","0","15","96","105","15","21",
"1500000US481130141541","Block Group 1; Census Tract 141.54; Dallas County; Texas","337","87","17","18","17","18","11","16","11","16","0","15","0","15","6","11","0","15","0","15","0","15","0","15","0","15","0","15","0","15","0","15","0","15","0","15","0","15","0","15","0","15","320","87","245","82","110","81","0","15","49","56","61","59","135","79","75","64","27","26","8","12","8","12","0","15","0","15","19","24","48","53","6","11","0","15","0","15","6","11","42","50",
"1500000US481130141542","Block Group 2; Census Tract 141.54; Dallas County; Texas","547","219","0","15","0","15","0","15","0","15","0","15","0","15","0","15","0","15","0","15","0","15","0","15","0","15","0","15","0","15","0","15","0","15","0","15","0","15","0","15","0","15","547","219","464","215","258","216","0","15","220","213","38","43","206","102","83","74","0","15","0","15","0","15","0","15","0","15","0","15","83","74","58","71","8","14","0","15","50","71","25","30",
"1500000US481130141551","Block Group 1; Census Tract 141.55; Dallas County; Texas","177","160","0","15","0","15","0","15","0","15","0","15","0","15","0","15","0","15","0","15","0","15","0","15","0","15","0","15","0","15","0","15","0","15","0","15","0","15","0","15","0","15","177","160","177","160","160","156","15","24","96","144","49","59","17","27","0","15","0","15","0","15","0","15","0","15","0","15","0","15","0","15","0","15","0","15","0","15","0","15","0","15",
"1500000US481130141552","Block Group 2; Census Tract 141.55; Dallas County; Texas","163","134","0","15","0","15","0","15","0","15","0","15","0","15","0","15","0","15","0","15","0","15","0","15","0","15","0","15","0","15","0","15","0","15","0","15","0","15","0","15","0","15","163","134","114","107","75","83","0","15","0","15","75","83","39","62","49","79","0","15","0","15","0","15","0","15","0","15","0","15","49","79","49","79","0","15","0","15","49","79","0","15",
"1500000US481130141553","Block Group 3; Census Tract 141.55; Dallas County; Texas","328","152","0","15","0","15","0","15","0","15","0","15","0","15","0","15","0","15","0","15","0","15","0","15","0","15","0","15","0","15","0","15","0","15","0","15","0","15","0","15","0","15","328","152","328","152","251","143","77","69","0","15","174","135","77","80","0","15","0","15","0","15","0","15","0","15","0","15","0","15","0","15","0","15","0","15","0","15","0","15","0","15",
"1500000US481130141554","Block Group 4; Census Tract 141.55; Dallas County; Texas","308","200","0","15","0","15","0","15","0","15","0","15","0","15","0","15","0","15","0","15","0","15","0","15","0","15","0","15","0","15","0","15","0","15","0","15","0","15","0","15","0","15","308","200","308","200","308","200","39","43","16","28","253","194","0","15","0","15","0","15","0","15","0","15","0","15","0","15","0","15","0","15","0","15","0","15","0","15","0","15","0","15",
"1500000US481130141555","Block Group 5; Census Tract 141.55; Dallas County; Texas","298","98","33","38","23","34","23","34","0","15","0","15","23","34","0","15","10","15","0","15","0","15","0","15","0","15","0","15","0","15","10","15","10","15","0","15","0","15","10","15","0","15","265","87","265","87","224","69","11","18","14","31","199","55","41","49","0","15","0","15","0","15","0","15","0","15","0","15","0","15","0","15","0","15","0","15","0","15","0","15","0","15",
"1500000US481130141561","Block Group 1; Census Tract 141.56; Dallas County; Texas","879","222","17","22","17","22","17","22","0","15","0","15","17","22","0","15","0","15","0","15","0","15","0","15","0","15","0","15","0","15","0","15","0","15","0","15","0","15","0","15","0","15","862","222","840","224","558","199","30","34","65","57","463","196","282","159","22","35","0","15","0","15","0","15","0","15","0","15","0","15","22","35","22","35","22","35","0","15","0","15","0","15",
"1500000US481130141562","Block Group 2; Census Tract 141.56; Dallas County; Texas","360","145","10","16","10","16","10","16","0","15","0","15","10","16","0","15","0","15","0","15","0","15","0","15","0","15","0","15","0","15","0","15","0","15","0","15","0","15","0","15","0","15","350","145","337","145","179","78","0","15","0","15","179","78","158","117","13","17","0","15","0","15","0","15","0","15","0","15","0","15","13","17","6","10","0","15","6","10","0","15","7","12",
"1500000US481130141571","Block Group 1; Census Tract 141.57; Dallas County; Texas","264","90","14","23","14","23","0","15","0","15","0","15","0","15","14","23","0","15","0","15","0","15","0","15","0","15","0","15","0","15","0","15","0","15","0","15","0","15","0","15","0","15","250","87","197","85","104","52","15","25","3","7","86","54","93","67","53","54","19","32","19","32","0","15","19","32","0","15","0","15","34","53","34","53","0","15","0","15","34","53","0","15",
"1500000US481130141572","Block Group 2; Census Tract 141.57; Dallas County; Texas","391","119","0","15","0","15","0","15","0","15","0","15","0","15","0","15","0","15","0","15","0","15","0","15","0","15","0","15","0","15","0","15","0","15","0","15","0","15","0","15","0","15","391","119","391","119","144","72","21","38","0","15","123","76","247","96","0","15","0","15","0","15","0","15","0","15","0","15","0","15","0","15","0","15","0","15","0","15","0","15","0","15",
"1500000US481130141581","Block Group 1; Census Tract 141.58; Dallas County; Texas","315","133","15","23","15","23","0","15","0","15","0","15","0","15","15","23","0","15","0","15","0","15","0","15","0","15","0","15","0","15","0","15","0","15","0","15","0","15","0","15","0","15","300","132","183","111","169","109","0","15","51","68","118","90","14","21","117","92","0","15","0","15","0","15","0","15","0","15","0","15","117","92","80","67","30","48","28","43","22","35","37","61",
"1500000US481130141582","Block Group 2; Census Tract 141.58; Dallas County; Texas","327","158","68","79","27","47","0","15","0","15","0","15","0","15","27","47","41","65","0","15","0","15","0","15","0","15","0","15","0","15","41","65","41","65","0","15","0","15","41","65","0","15","259","150","144","122","29","47","29","47","0","15","0","15","115","105","115","89","51","65","34","59","0","15","0","15","34","59","17","27","64","60","64","60","35","57","29","44","0","15","0","15",
"1500000US481130141591","Block Group 1; Census Tract 141.59; Dallas County; Texas","527","119","0","15","0","15","0","15","0","15","0","15","0","15","0","15","0","15","0","15","0","15","0","15","0","15","0","15","0","15","0","15","0","15","0","15","0","15","0","15","0","15","527","119","468","85","427","88","35","24","147","76","245","67","41","24","59","82","53","81","52","81","0","15","0","15","52","81","1","3","6","10","0","15","0","15","0","15","0","15","6","10",
"1500000US481130141592","Block Group 2; Census Tract 141.59; Dallas County; Texas","248","79","0","15","0","15","0","15","0","15","0","15","0","15","0","15","0","15","0","15","0","15","0","15","0","15","0","15","0","15","0","15","0","15","0","15","0","15","0","15","0","15","248","79","212","82","208","82","17","18","15","17","176","82","4","7","36","43","0","15","0","15","0","15","0","15","0","15","0","15","36","43","36","43","0","15","0","15","36","43","0","15",
"1500000US481130141601","Block Group 1; Census Tract 141.60; Dallas County; Texas","959","371","101","100","14","22","14","22","0","15","0","15","14","22","0","15","87","102","0","15","0","15","0","15","0","15","0","15","0","15","87","102","77","101","0","15","0","15","77","101","10","15","858","373","759","380","106","67","41","48","21","31","44","37","653","378","99","115","5","13","5","13","0","15","0","15","5","13","0","15","94","114","86","114","0","15","0","15","86","114","8","12",
"1500000US481130141611","Block Group 1; Census Tract 141.61; Dallas County; Texas","227","115","28","48","0","15","0","15","0","15","0","15","0","15","0","15","28","48","0","15","0","15","0","15","0","15","0","15","0","15","28","48","28","48","0","15","0","15","28","48","0","15","199","104","125","99","41","50","16","25","0","15","25","44","84","88","74","66","15","25","0","15","0","15","0","15","0","15","15","25","59","64","28","39","0","15","0","15","28","39","31","49",
"1500000US481130141612","Block Group 2; Census Tract 141.61; Dallas County; Texas","571","281","30","43","15","34","15","34","15","34","0","15","0","15","0","15","15","30","0","15","0","15","0","15","0","15","0","15","0","15","15","30","0","15","0","15","0","15","0","15","15","30","541","292","339","242","159","172","102","168","0","15","57","49","180","157","202","113","24","36","24","36","6","19","0","15","18","27","0","15","178","113","42","63","0","15","6","18","36","59","136","96",
"1500000US481130142031","Block Group 1; Census Tract 142.03; Dallas County; Texas","219","87","13","19","0","15","0","15","0","15","0","15","0","15","0","15","13","19","0","15","0","15","0","15","0","15","0","15","0","15","13","19","13","19","0","15","0","15","13","19","0","15","206","89","61","42","48","42","0","15","8","13","40","39","13","20","145","84","14","24","0","15","0","15","0","15","0","15","14","24","131","85","94","76","0","15","27","42","67","64","37","39",
"1500000US481130142032","Block Group 2; Census Tract 142.03; Dallas County; Texas","528","130","24","30","24","30","0","15","0","15","0","15","0","15","24","30","0","15","0","15","0","15","0","15","0","15","0","15","0","15","0","15","0","15","0","15","0","15","0","15","0","15","504","129","418","113","202","94","56","45","52","55","94","79","216","75","86","75","12","21","0","15","0","15","0","15","0","15","12","21","74","73","0","15","0","15","0","15","0","15","74","73",
"1500000US481130142041","Block Group 1; Census Tract 142.04; Dallas County; Texas","627","156","67","88","7","11","0","15","0","15","0","15","0","15","7","11","60","88","5","9","5","9","0","15","0","15","5","9","0","15","55","87","55","87","0","15","55","87","0","15","0","15","560","144","380","130","164","102","46","37","55","77","63","53","216","106","180","111","59","54","8","13","0","15","0","15","8","13","51","51","121","94","84","81","52","72","0","15","32","34","37","42",
"1500000US481130142051","Block Group 1; Census Tract 142.05; Dallas County; Texas","540","100","7","11","7","11","0","15","0","15","0","15","0","15","7","11","0","15","0","15","0","15","0","15","0","15","0","15","0","15","0","15","0","15","0","15","0","15","0","15","0","15","533","100","503","96","156","30","32","24","21","16","103","37","347","95","30","20","0","15","0","15","0","15","0","15","0","15","0","15","30","20","14","14","0","15","0","15","14","14","16","14",
"1500000US481130142071","Block Group 1; Census Tract 142.07; Dallas County; Texas","397","155","0","15","0","15","0","15","0","15","0","15","0","15","0","15","0","15","0","15","0","15","0","15","0","15","0","15","0","15","0","15","0","15","0","15","0","15","0","15","0","15","397","155","292","140","70","58","37","45","0","15","33","35","222","125","105","74","61","72","23","33","0","15","0","15","23","33","38","60","44","43","17","21","0","15","0","15","17","21","27","35",
"1500000US481130142081","Block Group 1; Census Tract 142.08; Dallas County; Texas","119","95","0","15","0","15","0","15","0","15","0","15","0","15","0","15","0","15","0","15","0","15","0","15","0","15","0","15","0","15","0","15","0","15","0","15","0","15","0","15","0","15","119","95","119","95","0","15","0","15","0","15","0","15","119","95","0","15","0","15","0","15","0","15","0","15","0","15","0","15","0","15","0","15","0","15","0","15","0","15","0","15",
"1500000US481130142082","Block Group 2; Census Tract 142.08; Dallas County; Texas","228","105","0","15","0","15","0","15","0","15","0","15","0","15","0","15","0","15","0","15","0","15","0","15","0","15","0","15","0","15","0","15","0","15","0","15","0","15","0","15","0","15","228","105","228","105","85","47","17","38","68","76","0","15","143","95","0","15","0","15","0","15","0","15","0","15","0","15","0","15","0","15","0","15","0","15","0","15","0","15","0","15",
"1500000US481130142091","Block Group 1; Census Tract 142.09; Dallas County; Texas","811","246","0","15","0","15","0","15","0","15","0","15","0","15","0","15","0","15","0","15","0","15","0","15","0","15","0","15","0","15","0","15","0","15","0","15","0","15","0","15","0","15","811","246","724","245","13","25","13","25","0","15","0","15","711","250","87","74","30","60","30","60","0","15","0","15","30","60","0","15","57","69","57","69","0","15","0","15","57","69","0","15",
"1500000US481130143061","Block Group 1; Census Tract 143.06; Dallas County; Texas","370","175","52","56","38","52","38","52","0","15","38","52","0","15","0","15","14","23","0","15","0","15","0","15","0","15","0","15","0","15","14","23","14","23","0","15","0","15","14","23","0","15","318","171","278","165","235","156","8","21","109","121","118","106","43","49","40","50","25","42","0","15","0","15","0","15","0","15","25","42","15","29","15","29","0","15","0","15","15","29","0","15",
"1500000US481130143062","Block Group 2; Census Tract 143.06; Dallas County; Texas","368","188","74","69","34","34","34","34","0","15","26","32","8","11","0","15","40","57","0","15","0","15","0","15","0","15","0","15","0","15","40","57","4","8","0","15","4","8","0","15","36","56","294","166","149","142","86","135","0","15","0","15","86","135","63","48","145","81","33","54","0","15","0","15","0","15","0","15","33","54","112","77","21","34","0","15","0","15","21","34","91","68",
"1500000US481130143063","Block Group 3; Census Tract 143.06; Dallas County; Texas","335","94","9","16","9","16","0","15","0","15","0","15","0","15","9","16","0","15","0","15","0","15","0","15","0","15","0","15","0","15","0","15","0","15","0","15","0","15","0","15","0","15","326","98","252","90","205","88","0","15","87","65","118","97","47","44","74","53","34","36","16","26","0","15","0","15","16","26","18","24","40","38","27","35","0","15","0","15","27","35","13","15",
"1500000US481130143064","Block Group 4; Census Tract 143.06; Dallas County; Texas","318","197","30","46","0","15","0","15","0","15","0","15","0","15","0","15","30","46","30","46","30","46","0","15","0","15","30","46","0","15","0","15","0","15","0","15","0","15","0","15","0","15","288","188","190","165","11","20","0","15","0","15","11","20","179","154","98","70","36","43","29","41","29","41","0","15","0","15","7","18","62","56","36","42","0","15","0","15","36","42","26","38",
"1500000US481130143081","Block Group 1; Census Tract 143.08; Dallas County; Texas","377","146","14","23","0","15","0","15","0","15","0","15","0","15","0","15","14","23","0","15","0","15","0","15","0","15","0","15","0","15","14","23","14","23","0","15","0","15","14","23","0","15","363","147","237","110","193","111","46","57","62","63","85","82","44","39","126","110","101","102","10","17","0","15","0","15","10","17","91","99","25","37","25","37","0","15","25","37","0","15","0","15",
"1500000US481130143082","Block Group 2; Census Tract 143.08; Dallas County; Texas","661","218","24","34","10","15","10","15","0","15","10","15","0","15","0","15","14","30","0","15","0","15","0","15","0","15","0","15","0","15","14","30","14","30","0","15","0","15","14","30","0","15","637","222","255","172","194","150","123","119","8","12","63","81","61","82","382","166","240","137","62","97","0","15","0","15","62","97","178","110","142","107","57","59","9","14","0","15","48","57","85","89",
"1500000US481130143091","Block Group 1; Census Tract 143.09; Dallas County; Texas","381","145","92","94","58","73","42","65","0","15","42","65","0","15","16","33","34","55","0","15","0","15","0","15","0","15","0","15","0","15","34","55","34","55","0","15","0","15","34","55","0","15","289","117","169","122","169","122","13","53","15","30","141","96","0","15","120","83","0","15","0","15","0","15","0","15","0","15","0","15","120","83","94","87","30","49","0","15","64","74","26","41",
"1500000US481130143092","Block Group 2; Census Tract 143.09; Dallas County; Texas","522","144","84","66","38","41","29","37","0","15","0","15","29","37","9","19","46","51","20","31","20","31","0","15","20","31","0","15","0","15","26","41","26","41","26","41","0","15","0","15","0","15","438","137","307","125","243","117","22","33","64","72","157","95","64","33","131","88","63","76","63","76","0","15","0","15","63","76","0","15","68","50","68","50","39","48","0","15","29","46","0","15",
"1500000US481130143093","Block Group 3; Census Tract 143.09; Dallas County; Texas","376","139","61","69","36","58","36","58","0","15","36","58","0","15","0","15","25","36","0","15","0","15","0","15","0","15","0","15","0","15","25","36","25","36","0","15","0","15","25","36","0","15","315","124","215","97","166","91","50","59","0","15","116","76","49","59","100","75","57","64","13","20","0","15","0","15","13","20","44","61","43","42","32","39","0","15","0","15","32","39","11","17",
"1500000US481130143101","Block Group 1; Census Tract 143.10; Dallas County; Texas","351","148","62","87","62","87","62","87","0","15","62","87","0","15","0","15","0","15","0","15","0","15","0","15","0","15","0","15","0","15","0","15","0","15","0","15","0","15","0","15","0","15","289","126","268","130","141","87","22","25","23","26","96","80","127","93","21","23","0","15","0","15","0","15","0","15","0","15","0","15","21","23","1","4","0","15","1","4","0","15","20","23",
"1500000US481130143102","Block Group 2; Census Tract 143.10; Dallas County; Texas","432","149","0","15","0","15","0","15","0","15","0","15","0","15","0","15","0","15","0","15","0","15","0","15","0","15","0","15","0","15","0","15","0","15","0","15","0","15","0","15","0","15","432","149","284","115","45","50","0","15","0","15","45","50","239","106","148","104","0","15","0","15","0","15","0","15","0","15","0","15","148","104","132","103","0","15","0","15","132","103","16","18",
"1500000US481130143103","Block Group 3; Census Tract 143.10; Dallas County; Texas","399","154","85","95","0","15","0","15","0","15","0","15","0","15","0","15","85","95","0","15","0","15","0","15","0","15","0","15","0","15","85","95","85","95","51","85","0","15","34","48","0","15","314","162","200","142","77","72","19","32","20","36","38","50","123","115","114","81","27","30","0","15","0","15","0","15","0","15","27","30","87","69","42","55","0","15","0","15","42","55","45","44",
"1500000US481130143131","Block Group 1; Census Tract 143.13; Dallas County; Texas","546","206","0","15","0","15","0","15","0","15","0","15","0","15","0","15","0","15","0","15","0","15","0","15","0","15","0","15","0","15","0","15","0","15","0","15","0","15","0","15","0","15","546","206","499","205","30","35","0","15","17","28","13","21","469","207","47","57","37","62","37","62","0","15","0","15","37","62","0","15","10","16","0","15","0","15","0","15","0","15","10","16",
"1500000US481130143132","Block Group 2; Census Tract 143.13; Dallas County; Texas","432","177","0","15","0","15","0","15","0","15","0","15","0","15","0","15","0","15","0","15","0","15","0","15","0","15","0","15","0","15","0","15","0","15","0","15","0","15","0","15","0","15","432","177","306","155","270","150","165","136","54","71","51","60","36","49","126","127","29","47","29","47","0","15","29","47","0","15","0","15","97","121","0","15","0","15","0","15","0","15","97","121",
"1500000US481130143141","Block Group 1; Census Tract 143.14; Dallas County; Texas","443","132","0","15","0","15","0","15","0","15","0","15","0","15","0","15","0","15","0","15","0","15","0","15","0","15","0","15","0","15","0","15","0","15","0","15","0","15","0","15","0","15","443","132","407","127","212","106","54","62","126","93","32","42","195","99","36","39","0","15","0","15","0","15","0","15","0","15","0","15","36","39","29","38","0","15","0","15","29","38","7","11",
"1500000US481130143142","Block Group 2; Census Tract 143.14; Dallas County; Texas","357","155","0","15","0","15","0","15","0","15","0","15","0","15","0","15","0","15","0","15","0","15","0","15","0","15","0","15","0","15","0","15","0","15","0","15","0","15","0","15","0","15","357","155","274","163","78","92","13","20","65","91","0","15","196","136","83","68","0","15","0","15","0","15","0","15","0","15","0","15","83","68","49","47","0","15","0","15","49","47","34","50",
"1500000US481130143151","Block Group 1; Census Tract 143.15; Dallas County; Texas","182","101","29","49","29","49","29","49","0","15","0","15","29","49","0","15","0","15","0","15","0","15","0","15","0","15","0","15","0","15","0","15","0","15","0","15","0","15","0","15","0","15","153","106","99","92","69","87","0","15","22","35","47","77","30","26","54","62","30","49","0","15","0","15","0","15","0","15","30","49","24","35","0","15","0","15","0","15","0","15","24","35",
"1500000US481130143152","Block Group 2; Census Tract 143.15; Dallas County; Texas","406","141","0","15","0","15","0","15","0","15","0","15","0","15","0","15","0","15","0","15","0","15","0","15","0","15","0","15","0","15","0","15","0","15","0","15","0","15","0","15","0","15","406","141","197","124","157","131","12","22","73","105","72","87","40","37","209","120","0","15","0","15","0","15","0","15","0","15","0","15","209","120","184","109","0","15","54","86","130","82","25","43",
"1500000US481130143161","Block Group 1; Census Tract 143.16; Dallas County; Texas","204","214","0","15","0","15","0","15","0","15","0","15","0","15","0","15","0","15","0","15","0","15","0","15","0","15","0","15","0","15","0","15","0","15","0","15","0","15","0","15","0","15","204","214","193","214","145","214","0","15","0","15","145","214","48","43","11","21","0","15","0","15","0","15","0","15","0","15","0","15","11","21","11","21","11","21","0","15","0","15","0","15",
"1500000US481130143162","Block Group 2; Census Tract 143.16; Dallas County; Texas","272","109","0","15","0","15","0","15","0","15","0","15","0","15","0","15","0","15","0","15","0","15","0","15","0","15","0","15","0","15","0","15","0","15","0","15","0","15","0","15","0","15","272","109","253","110","162","106","0","15","50","79","112","74","91","60","19","25","0","15","0","15","0","15","0","15","0","15","0","15","19","25","0","15","0","15","0","15","0","15","19","25",
"1500000US481130143163","Block Group 3; Census Tract 143.16; Dallas County; Texas","411","137","63","86","63","86","63","86","63","86","0","15","0","15","0","15","0","15","0","15","0","15","0","15","0","15","0","15","0","15","0","15","0","15","0","15","0","15","0","15","0","15","348","120","228","101","78","51","7","13","20","26","51","47","150","83","120","82","31","38","19","32","19","32","0","15","0","15","12","19","89","69","26","42","0","15","0","15","26","42","63","56",
"1500000US481130143171","Block Group 1; Census Tract 143.17; Dallas County; Texas","457","222","16","14","10","11","10","11","0","15","0","15","10","11","0","15","6","9","0","15","0","15","0","15","0","15","0","15","0","15","6","9","0","15","0","15","0","15","0","15","6","9","441","222","361","223","190","215","3","8","0","15","187","215","171","80","80","49","7","12","0","15","0","15","0","15","0","15","7","12","73","47","27","23","9","12","0","15","18","19","46","39",
"1500000US481130143181","Block Group 1; Census Tract 143.18; Dallas County; Texas","230","75","0","15","0","15","0","15","0","15","0","15","0","15","0","15","0","15","0","15","0","15","0","15","0","15","0","15","0","15","0","15","0","15","0","15","0","15","0","15","0","15","230","75","200","74","62","53","19","34","0","15","43","36","138","67","30","37","30","37","30","37","30","37","0","15","0","15","0","15","0","15","0","15","0","15","0","15","0","15","0","15",
"1500000US481130143182","Block Group 2; Census Tract 143.18; Dallas County; Texas","133","74","0","15","0","15","0","15","0","15","0","15","0","15","0","15","0","15","0","15","0","15","0","15","0","15","0","15","0","15","0","15","0","15","0","15","0","15","0","15","0","15","133","74","121","74","50","42","11","16","0","15","39","40","71","57","12","17","0","15","0","15","0","15","0","15","0","15","0","15","12","17","0","15","0","15","0","15","0","15","12","17",
"1500000US481130143183","Block Group 3; Census Tract 143.18; Dallas County; Texas","258","100","0","15","0","15","0","15","0","15","0","15","0","15","0","15","0","15","0","15","0","15","0","15","0","15","0","15","0","15","0","15","0","15","0","15","0","15","0","15","0","15","258","100","146","74","85","60","5","11","0","15","80","62","61","50","112","72","32","39","18","31","0","15","0","15","18","31","14","22","80","53","66","52","0","15","31","45","35","28","14","20",
"1500000US481130143191","Block Group 1; Census Tract 143.19; Dallas County; Texas","183","106","0","15","0","15","0","15","0","15","0","15","0","15","0","15","0","15","0","15","0","15","0","15","0","15","0","15","0","15","0","15","0","15","0","15","0","15","0","15","0","15","183","106","146","107","124","106","19","24","20","35","85","103","22","24","37","36","0","15","0","15","0","15","0","15","0","15","0","15","37","36","37","36","0","15","0","15","37","36","0","15",
"1500000US481130143192","Block Group 2; Census Tract 143.19; Dallas County; Texas","366","207","0","15","0","15","0","15","0","15","0","15","0","15","0","15","0","15","0","15","0","15","0","15","0","15","0","15","0","15","0","15","0","15","0","15","0","15","0","15","0","15","366","207","183","104","136","88","37","35","29","35","70","71","47","46","183","190","108","173","0","15","0","15","0","15","0","15","108","173","75","82","21","46","0","15","21","46","0","15","54","66",
"1500000US481130143201","Block Group 1; Census Tract 143.20; Dallas County; Texas","220","74","43","41","43","41","43","41","12","20","21","28","10","18","0","15","0","15","0","15","0","15","0","15","0","15","0","15","0","15","0","15","0","15","0","15","0","15","0","15","0","15","177","83","157","80","93","57","46","38","19","27","28","35","64","70","20","26","0","15","0","15","0","15","0","15","0","15","0","15","20","26","0","15","0","15","0","15","0","15","20","26",
"1500000US481130143202","Block Group 2; Census Tract 143.20; Dallas County; Texas","418","157","14","24","14","24","0","15","0","15","0","15","0","15","14","24","0","15","0","15","0","15","0","15","0","15","0","15","0","15","0","15","0","15","0","15","0","15","0","15","0","15","404","159","352","156","260","142","102","113","98","100","60","44","92","87","52","40","16","21","16","21","16","21","0","15","0","15","0","15","36","33","0","15","0","15","0","15","0","15","36","33",
"1500000US481130144051","Block Group 1; Census Tract 144.05; Dallas County; Texas","242","114","52","60","15","25","15","25","0","15","15","25","0","15","0","15","37","55","0","15","0","15","0","15","0","15","0","15","0","15","37","55","37","55","37","55","0","15","0","15","0","15","190","94","180","93","43","58","0","15","0","15","43","58","137","82","10","15","10","15","0","15","0","15","0","15","0","15","10","15","0","15","0","15","0","15","0","15","0","15","0","15",
"1500000US481130144052","Block Group 2; Census Tract 144.05; Dallas County; Texas","421","153","81","65","52","38","52","38","16","26","17","23","19","29","0","15","29","47","0","15","0","15","0","15","0","15","0","15","0","15","29","47","29","47","0","15","0","15","29","47","0","15","340","140","243","121","76","58","0","15","5","12","71","58","167","98","97","73","61","61","61","61","0","15","0","15","61","61","0","15","36","38","20","27","14","23","6","17","0","15","16","26",
"1500000US481130144061","Block Group 1; Census Tract 144.06; Dallas County; Texas","592","153","0","15","0","15","0","15","0","15","0","15","0","15","0","15","0","15","0","15","0","15","0","15","0","15","0","15","0","15","0","15","0","15","0","15","0","15","0","15","0","15","592","153","457","134","182","83","27","42","56","66","99","57","275","116","135","88","116","85","78","91","45","73","0","15","33","50","38","45","19","22","19","22","0","15","9","15","10","15","0","15",
"1500000US481130144062","Block Group 2; Census Tract 144.06; Dallas County; Texas","685","255","166","134","75","65","65","62","0","15","28","40","37","47","10","16","91","103","0","15","0","15","0","15","0","15","0","15","0","15","91","103","91","103","0","15","27","40","64","97","0","15","519","226","327","125","245","123","0","15","23","38","222","116","82","61","192","185","40","50","40","50","0","15","0","15","40","50","0","15","152","177","25","38","0","15","0","15","25","38","127","174",
"1500000US481130144071","Block Group 1; Census Tract 144.07; Dallas County; Texas","378","102","55","58","11","19","0","15","0","15","0","15","0","15","11","19","44","57","9","15","9","15","0","15","0","15","9","15","0","15","35","55","0","15","0","15","0","15","0","15","35","55","323","102","258","99","81","58","0","15","0","15","81","58","177","93","65","55","23","35","0","15","0","15","0","15","0","15","23","35","42","43","22","36","0","15","0","15","22","36","20","27",
"1500000US481130144072","Block Group 2; Census Tract 144.07; Dallas County; Texas","517","153","138","113","99","105","99","105","39","54","60","94","0","15","0","15","39","48","0","15","0","15","0","15","0","15","0","15","0","15","39","48","39","48","0","15","27","44","12","18","0","15","379","130","285","122","60","74","40","69","0","15","20","28","225","129","94","91","0","15","0","15","0","15","0","15","0","15","0","15","94","91","94","91","0","15","75","88","19","33","0","15",
"1500000US481130144073","Block Group 3; Census Tract 144.07; Dallas County; Texas","395","162","116","120","47","78","47","78","0","15","47","78","0","15","0","15","69","90","16","36","16","36","0","15","0","15","16","36","0","15","53","82","53","82","0","15","0","15","53","82","0","15","279","128","163","99","98","68","76","67","0","15","22","40","65","68","116","76","86","69","0","15","0","15","0","15","0","15","86","69","30","38","22","35","22","35","0","15","0","15","8","13",
"1500000US481130144081","Block Group 1; Census Tract 144.08; Dallas County; Texas","257","107","51","76","0","15","0","15","0","15","0","15","0","15","0","15","51","76","0","15","0","15","0","15","0","15","0","15","0","15","51","76","51","76","0","15","0","15","51","76","0","15","206","74","154","68","92","63","0","15","42","49","50","50","62","48","52","53","20","24","10","17","0","15","0","15","10","17","10","17","32","44","25","43","0","15","0","15","25","43","7","13",
"1500000US481130144082","Block Group 2; Census Tract 144.08; Dallas County; Texas","459","115","14","25","4","16","0","15","0","15","0","15","0","15","4","16","10","17","0","15","0","15","0","15","0","15","0","15","0","15","10","17","10","17","0","15","0","15","10","17","0","15","445","113","297","81","119","55","51","43","41","41","27","32","178","64","148","91","25","30","0","15","0","15","0","15","0","15","25","30","123","86","104","84","0","15","19","27","85","81","19","21",
"1500000US481130144083","Block Group 3; Census Tract 144.08; Dallas County; Texas","271","144","24","36","24","36","0","15","0","15","0","15","0","15","24","36","0","15","0","15","0","15","0","15","0","15","0","15","0","15","0","15","0","15","0","15","0","15","0","15","0","15","247","142","181","138","11","17","0","15","0","15","11","17","170","139","66","76","48","70","0","15","0","15","0","15","0","15","48","70","18","29","0","15","0","15","0","15","0","15","18","29",
"1500000US481130144091","Block Group 1; Census Tract 144.09; Dallas County; Texas","668","242","102","77","18","26","18","26","0","15","18","26","0","15","0","15","84","80","63","77","63","77","0","15","63","77","0","15","0","15","21","31","21","31","0","15","21","31","0","15","0","15","566","247","233","93","90","68","26","35","37","46","27","44","143","71","333","236","95","81","0","15","0","15","0","15","0","15","95","81","238","217","103","27","0","15","0","15","103","27","135","212",
"1500000US481130144101","Block Group 1; Census Tract 144.10; Dallas County; Texas","442","157","110","109","58","80","58","80","0","15","0","15","58","80","0","15","52","73","52","73","0","15","0","15","0","15","0","15","52","73","0","15","0","15","0","15","0","15","0","15","0","15","332","128","126","87","26","24","0","15","8","15","18","24","100","83","206","111","83","91","42","71","0","15","0","15","42","71","41","56","123","77","63","68","17","29","40","58","6","12","60","52",
"1500000US481130144102","Block Group 2; Census Tract 144.10; Dallas County; Texas","185","99","14","24","14","24","0","15","0","15","0","15","0","15","14","24","0","15","0","15","0","15","0","15","0","15","0","15","0","15","0","15","0","15","0","15","0","15","0","15","0","15","171","96","171","96","90","64","0","15","56","60","34","35","81","83","0","15","0","15","0","15","0","15","0","15","0","15","0","15","0","15","0","15","0","15","0","15","0","15","0","15",
"1500000US481130145011","Block Group 1; Census Tract 145.01; Dallas County; Texas","389","259","16","26","0","15","0","15","0","15","0","15","0","15","0","15","16","26","0","15","0","15","0","15","0","15","0","15","0","15","16","26","0","15","0","15","0","15","0","15","16","26","373","257","130","60","14","20","0","15","0","15","14","20","116","62","243","254","193","248","0","15","0","15","0","15","0","15","193","248","50","47","29","40","0","15","0","15","29","40","21","32",
"1500000US481130145012","Block Group 2; Census Tract 145.01; Dallas County; Texas","417","273","21","33","21","33","21","33","0","15","0","15","21","33","0","15","0","15","0","15","0","15","0","15","0","15","0","15","0","15","0","15","0","15","0","15","0","15","0","15","0","15","396","275","215","105","119","88","0","15","54","73","65","61","96","78","181","250","0","15","0","15","0","15","0","15","0","15","0","15","181","250","147","239","0","15","147","239","0","15","34","55",
"1500000US481130145013","Block Group 3; Census Tract 145.01; Dallas County; Texas","285","94","9","15","9","15","9","15","0","15","9","15","0","15","0","15","0","15","0","15","0","15","0","15","0","15","0","15","0","15","0","15","0","15","0","15","0","15","0","15","0","15","276","90","239","98","82","50","15","23","24","27","43","39","157","71","37","32","0","15","0","15","0","15","0","15","0","15","0","15","37","32","23","26","0","15","0","15","23","26","14","16",
"1500000US481130145021","Block Group 1; Census Tract 145.02; Dallas County; Texas","318","176","30","30","18","23","18","23","0","15","0","15","18","23","0","15","12","20","0","15","0","15","0","15","0","15","0","15","0","15","12","20","12","20","12","20","0","15","0","15","0","15","288","175","266","174","234","176","0","15","4","10","230","176","32","23","22","25","0","15","0","15","0","15","0","15","0","15","0","15","22","25","9","15","0","15","0","15","9","15","13","19",
"1500000US481130145022","Block Group 2; Census Tract 145.02; Dallas County; Texas","274","94","42","39","20","23","20","23","0","15","11","18","9","14","0","15","22","33","0","15","0","15","0","15","0","15","0","15","0","15","22","33","22","33","0","15","22","33","0","15","0","15","232","91","167","84","112","74","15","22","0","15","97","76","55","38","65","50","38","43","12","18","0","15","0","15","12","18","26","39","27","25","9","14","0","15","0","15","9","14","18","20",
"1500000US481130145023","Block Group 3; Census Tract 145.02; Dallas County; Texas","454","124","111","84","30","44","30","44","0","15","30","44","0","15","0","15","81","67","0","15","0","15","0","15","0","15","0","15","0","15","81","67","66","67","0","15","66","67","0","15","15","25","343","136","233","103","112","81","49","58","44","49","19","26","121","69","110","97","0","15","0","15","0","15","0","15","0","15","0","15","110","97","75","84","40","62","0","15","35","57","35","55",
"1500000US481130146011","Block Group 1; Census Tract 146.01; Dallas County; Texas","473","103","16","17","7","10","0","15","0","15","0","15","0","15","7","10","9","14","0","15","0","15","0","15","0","15","0","15","0","15","9","14","9","14","0","15","0","15","9","14","0","15","457","103","314","93","120","56","5","8","15","16","100","56","194","80","143","57","17","21","0","15","0","15","0","15","0","15","17","21","126","56","85","56","23","31","12","17","50","51","41","24",
"1500000US481130146021","Block Group 1; Census Tract 146.02; Dallas County; Texas","621","181","117","97","62","70","44","60","0","15","44","60","0","15","18","31","55","65","35","56","35","56","35","56","0","15","0","15","0","15","20","31","20","31","0","15","0","15","20","31","0","15","504","165","303","120","86","90","65","88","0","15","21","26","217","95","201","125","0","15","0","15","0","15","0","15","0","15","0","15","201","125","110","102","0","15","0","15","110","102","91","86",
"1500000US481130146022","Block Group 2; Census Tract 146.02; Dallas County; Texas","132","66","45","37","18","20","7","11","0","15","7","11","0","15","11","17","27","30","0","15","0","15","0","15","0","15","0","15","0","15","27","30","27","30","18","27","0","15","9","15","0","15","87","51","41","36","0","15","0","15","0","15","0","15","41","36","46","37","11","19","11","19","0","15","0","15","11","19","0","15","35","31","25","27","15","23","0","15","10","14","10","16",
"1500000US481130146023","Block Group 3; Census Tract 146.02; Dallas County; Texas","296","146","25","41","25","41","25","41","0","15","25","41","0","15","0","15","0","15","0","15","0","15","0","15","0","15","0","15","0","15","0","15","0","15","0","15","0","15","0","15","0","15","271","139","141","98","129","95","20","32","30","47","79","87","12","17","130","110","31","50","31","50","0","15","0","15","31","50","0","15","99","99","47","57","0","15","23","36","24","41","52","80",
"1500000US481130146031","Block Group 1; Census Tract 146.03; Dallas County; Texas","417","80","81","54","42","43","24","30","0","15","0","15","24","30","18","21","39","38","18","28","18","28","18","28","0","15","0","15","0","15","21","30","21","30","0","15","0","15","21","30","0","15","336","88","243","73","172","72","6","10","41","56","125","49","71","34","93","60","39","38","6","9","0","15","6","9","0","15","33","37","54","44","49","43","3","6","0","15","46","43","5","8",
"1500000US481130147011","Block Group 1; Census Tract 147.01; Dallas County; Texas","167","81","12","18","12","18","12","18","12","18","0","15","0","15","0","15","0","15","0","15","0","15","0","15","0","15","0","15","0","15","0","15","0","15","0","15","0","15","0","15","0","15","155","82","110","77","78","66","29","45","26","42","23","30","32","39","45","50","45","50","0","15","0","15","0","15","0","15","45","50","0","15","0","15","0","15","0","15","0","15","0","15",
"1500000US481130147012","Block Group 2; Census Tract 147.01; Dallas County; Texas","686","169","59","56","38","45","8","21","0","15","8","21","0","15","30","43","21","32","0","15","0","15","0","15","0","15","0","15","0","15","21","32","21","32","0","15","21","32","0","15","0","15","627","156","448","168","297","144","37","60","69","58","191","123","151","77","179","120","98","99","92","102","0","15","0","15","92","102","6","18","81","81","40","47","0","15","0","15","40","47","41","65",
"1500000US481130147013","Block Group 3; Census Tract 147.01; Dallas County; Texas","281","136","0","15","0","15","0","15","0","15","0","15","0","15","0","15","0","15","0","15","0","15","0","15","0","15","0","15","0","15","0","15","0","15","0","15","0","15","0","15","0","15","281","136","209","110","165","105","31","50","66","88","68","51","44","35","72","80","72","80","41","63","0","15","41","63","0","15","31","50","0","15","0","15","0","15","0","15","0","15","0","15",
"1500000US481130147041","Block Group 1; Census Tract 147.04; Dallas County; Texas","433","166","169","97","33","36","33","36","0","15","0","15","33","36","0","15","136","94","42","54","42","54","0","15","33","52","9","13","0","15","94","77","85","75","0","15","85","75","0","15","9","16","264","124","186","98","71","50","29","37","23","28","19","31","115","78","78","56","11","19","0","15","0","15","0","15","0","15","11","19","67","58","36","42","24","39","0","15","12","15","31","40",
"1500000US481130147042","Block Group 2; Census Tract 147.04; Dallas County; Texas","216","103","38","57","0","15","0","15","0","15","0","15","0","15","0","15","38","57","0","15","0","15","0","15","0","15","0","15","0","15","38","57","0","15","0","15","0","15","0","15","38","57","178","95","105","67","63","53","30","48","20","20","13","20","42","39","73","63","10","16","0","15","0","15","0","15","0","15","10","16","63","59","13","20","0","15","13","20","0","15","50","55",
"1500000US481130147043","Block Group 3; Census Tract 147.04; Dallas County; Texas","628","182","42","70","0","15","0","15","0","15","0","15","0","15","0","15","42","70","0","15","0","15","0","15","0","15","0","15","0","15","42","70","42","70","0","15","0","15","42","70","0","15","586","165","315","152","145","99","27","42","6","11","112","95","170","111","271","127","0","15","0","15","0","15","0","15","0","15","0","15","271","127","196","96","13","23","0","15","183","93","75","80",
"1500000US481130149031","Block Group 1; Census Tract 149.03; Dallas County; Texas","743","139","79","71","0","15","0","15","0","15","0","15","0","15","0","15","79","71","0","15","0","15","0","15","0","15","0","15","0","15","79","71","45","48","0","15","22","37","23","30","34","52","664","143","451","102","278","113","0","15","118","69","160","96","173","97","213","140","181","138","66","62","0","15","4","14","62","59","115","128","32","45","0","15","0","15","0","15","0","15","32","45",
"1500000US481130149032","Block Group 2; Census Tract 149.03; Dallas County; Texas","209","78","46","39","13","23","13","23","13","23","0","15","0","15","0","15","33","34","0","15","0","15","0","15","0","15","0","15","0","15","33","34","33","34","13","21","0","15","20","28","0","15","163","74","107","67","29","36","7","12","0","15","22","33","78","54","56","47","37","40","37","40","10","18","0","15","27","37","0","15","19","26","15","25","0","15","0","15","15","25","4","7",
"1500000US481130150011","Block Group 1; Census Tract 150.01; Dallas County; Texas","849","283","115","77","25","39","25","39","0","15","25","39","0","15","0","15","90","74","41","68","41","68","0","15","0","15","41","68","0","15","49","50","49","50","0","15","0","15","49","50","0","15","734","270","549","254","332","238","141","225","45","39","146","89","217","112","185","127","42","44","13","19","0","15","0","15","13","19","29","40","143","117","14","24","14","24","0","15","0","15","129","114",
"1500000US481130150012","Block Group 2; Census Tract 150.01; Dallas County; Texas","404","149","55","59","30","50","0","15","0","15","0","15","0","15","30","50","25","33","0","15","0","15","0","15","0","15","0","15","0","15","25","33","16","27","0","15","0","15","16","27","9","17","349","145","261","133","153","111","0","15","54","72","99","108","108","97","88","83","54","81","0","15","0","15","0","15","0","15","54","81","34","33","0","15","0","15","0","15","0","15","34","33",
"1500000US481130150021","Block Group 1; Census Tract 150.02; Dallas County; Texas","266","115","47","53","0","15","0","15","0","15","0","15","0","15","0","15","47","53","0","15","0","15","0","15","0","15","0","15","0","15","47","53","47","53","0","15","47","53","0","15","0","15","219","97","172","87","73","77","0","15","0","15","73","77","99","35","47","35","19","29","19","29","19","29","0","15","0","15","0","15","28","26","18","27","3","8","0","15","15","26","10","13",
"1500000US481130150022","Block Group 2; Census Tract 150.02; Dallas County; Texas","364","99","34","39","0","15","0","15","0","15","0","15","0","15","0","15","34","39","12","20","0","15","0","15","0","15","0","15","12","20","22","33","22","33","0","15","0","15","22","33","0","15","330","99","281","87","119","66","0","15","7","13","112","64","162","76","49","47","21","30","21","30","21","30","0","15","0","15","0","15","28","37","25","36","0","15","25","36","0","15","3","9",
"1500000US481130151011","Block Group 1; Census Tract 151.01; Dallas County; Texas","454","188","19","22","19","22","0","15","0","15","0","15","0","15","19","22","0","15","0","15","0","15","0","15","0","15","0","15","0","15","0","15","0","15","0","15","0","15","0","15","0","15","435","185","321","169","184","143","63","62","100","128","21","30","137","76","114","86","70","70","0","15","0","15","0","15","0","15","70","70","44","48","28","43","28","43","0","15","0","15","16","20",
"1500000US481130151012","Block Group 2; Census Tract 151.01; Dallas County; Texas","517","145","95","80","0","15","0","15","0","15","0","15","0","15","0","15","95","80","8","14","0","15","0","15","0","15","0","15","8","14","87","79","87","79","0","15","70","79","17","30","0","15","422","147","299","137","140","79","36","44","10","19","94","66","159","115","123","94","73","82","14","26","0","15","0","15","14","26","59","75","50","44","43","42","0","15","8","16","35","43","7","15",
"1500000US481130151021","Block Group 1; Census Tract 151.02; Dallas County; Texas","635","212","121","167","121","167","109","167","109","167","0","15","0","15","12","14","0","15","0","15","0","15","0","15","0","15","0","15","0","15","0","15","0","15","0","15","0","15","0","15","0","15","514","163","401","173","226","170","34","41","14","23","178","169","175","76","113","55","66","49","0","15","0","15","0","15","0","15","66","49","47","44","31","36","0","15","0","15","31","36","16","24",
"1500000US481130152021","Block Group 1; Census Tract 152.02; Dallas County; Texas","323","135","0","15","0","15","0","15","0","15","0","15","0","15","0","15","0","15","0","15","0","15","0","15","0","15","0","15","0","15","0","15","0","15","0","15","0","15","0","15","0","15","323","135","156","123","36","57","0","15","0","15","36","57","120","105","167","97","12","21","12","21","0","15","0","15","12","21","0","15","155","91","108","65","0","15","0","15","108","65","47","76",
"1500000US481130152022","Block Group 2; Census Tract 152.02; Dallas County; Texas","472","166","0","15","0","15","0","15","0","15","0","15","0","15","0","15","0","15","0","15","0","15","0","15","0","15","0","15","0","15","0","15","0","15","0","15","0","15","0","15","0","15","472","166","378","151","155","96","13","22","83","80","59","84","223","154","94","82","17","28","17","28","0","15","0","15","17","28","0","15","77","79","46","76","0","15","0","15","46","76","31","31",
"1500000US481130152051","Block Group 1; Census Tract 152.05; Dallas County; Texas","447","96","84","51","49","45","41","42","0","15","0","15","41","42","8","13","35","40","0","15","0","15","0","15","0","15","0","15","0","15","35","40","35","40","0","15","0","15","35","40","0","15","363","104","246","92","145","64","2","10","22","22","121","61","101","55","117","69","28","32","0","15","0","15","0","15","0","15","28","32","89","66","51","57","0","15","20","32","31","47","38","35",
"1500000US481130152052","Block Group 2; Census Tract 152.05; Dallas County; Texas","313","92","46","53","11","15","11","15","0","15","0","15","11","15","0","15","35","50","0","15","0","15","0","15","0","15","0","15","0","15","35","50","35","50","0","15","0","15","35","50","0","15","267","92","161","80","104","69","44","53","26","43","34","36","57","42","106","63","50","48","9","14","0","15","0","15","9","14","41","47","56","45","51","46","20","33","0","15","31","35","5","11",
"1500000US481130152061","Block Group 1; Census Tract 152.06; Dallas County; Texas","601","196","87","77","50","62","50","62","0","15","34","57","16","24","0","15","37","50","0","15","0","15","0","15","0","15","0","15","0","15","37","50","37","50","0","15","0","15","37","50","0","15","514","197","421","197","245","146","23","26","198","146","24","31","176","123","93","75","37","54","0","15","0","15","0","15","0","15","37","54","56","50","52","49","0","15","0","15","52","49","4","6",
"1500000US481130152062","Block Group 2; Census Tract 152.06; Dallas County; Texas","449","128","40","63","40","63","40","63","0","15","0","15","40","63","0","15","0","15","0","15","0","15","0","15","0","15","0","15","0","15","0","15","0","15","0","15","0","15","0","15","0","15","409","124","318","127","77","69","34","47","10","17","33","44","241","116","91","56","26","31","0","15","0","15","0","15","0","15","26","31","65","47","47","41","0","15","0","15","47","41","18","19",
"1500000US481130152071","Block Group 1; Census Tract 152.07; Dallas County; Texas","400","145","0","15","0","15","0","15","0","15","0","15","0","15","0","15","0","15","0","15","0","15","0","15","0","15","0","15","0","15","0","15","0","15","0","15","0","15","0","15","0","15","400","145","329","123","145","117","80","97","0","15","65","62","184","83","71","82","0","15","0","15","0","15","0","15","0","15","0","15","71","82","57","90","0","15","0","15","57","90","14","25",
"1500000US481130152072","Block Group 2; Census Tract 152.07; Dallas County; Texas","387","105","43","50","43","50","43","50","0","15","43","50","0","15","0","15","0","15","0","15","0","15","0","15","0","15","0","15","0","15","0","15","0","15","0","15","0","15","0","15","0","15","344","122","267","105","62","66","14","23","0","15","48","61","205","114","77","73","0","15","0","15","0","15","0","15","0","15","0","15","77","73","21","41","0","15","21","41","0","15","56","64",
"1500000US481130152081","Block Group 1; Census Tract 152.08; Dallas County; Texas","469","123","0","15","0","15","0","15","0","15","0","15","0","15","0","15","0","15","0","15","0","15","0","15","0","15","0","15","0","15","0","15","0","15","0","15","0","15","0","15","0","15","469","123","355","122","114","38","10","17","0","15","104","36","241","112","114","91","28","26","0","15","0","15","0","15","0","15","28","26","86","82","0","15","0","15","0","15","0","15","86","82",
"1500000US481130152082","Block Group 2; Census Tract 152.08; Dallas County; Texas","599","482","115","155","16","30","16","30","0","15","0","15","16","30","0","15","99","153","0","15","0","15","0","15","0","15","0","15","0","15","99","153","99","153","0","15","0","15","99","153","0","15","484","475","477","476","385","486","0","15","0","15","385","486","92","70","7","12","0","15","0","15","0","15","0","15","0","15","0","15","7","12","0","15","0","15","0","15","0","15","7","12",
"1500000US481130153031","Block Group 1; Census Tract 153.03; Dallas County; Texas","449","70","53","57","34","52","34","52","0","15","34","52","0","15","0","15","19","22","0","15","0","15","0","15","0","15","0","15","0","15","19","22","19","22","0","15","0","15","19","22","0","15","396","68","191","65","126","68","0","15","15","25","111","67","65","48","205","74","23","32","0","15","0","15","0","15","0","15","23","32","182","78","111","58","0","15","13","19","98","59","71","62",
"1500000US481130153041","Block Group 1; Census Tract 153.04; Dallas County; Texas","461","140","79","84","37","61","35","57","0","15","0","15","35","57","2","15","42","64","0","15","0","15","0","15","0","15","0","15","0","15","42","64","0","15","0","15","0","15","0","15","42","64","382","136","243","124","137","108","0","15","59","68","78","74","106","52","139","81","64","78","0","15","0","15","0","15","0","15","64","78","75","66","0","15","0","15","0","15","0","15","75","66",
"1500000US481130153042","Block Group 2; Census Tract 153.04; Dallas County; Texas","592","230","110","97","39","42","39","42","0","15","6","17","33","41","0","15","71","86","21","34","0","15","0","15","0","15","0","15","21","34","50","78","50","78","0","15","3","27","47","73","0","15","482","220","446","221","85","87","0","15","1","7","84","88","361","200","36","51","31","49","0","15","0","15","0","15","0","15","31","49","5","13","0","15","0","15","0","15","0","15","5","13",
"1500000US481130153051","Block Group 1; Census Tract 153.05; Dallas County; Texas","532","236","15","26","0","15","0","15","0","15","0","15","0","15","0","15","15","26","0","15","0","15","0","15","0","15","0","15","0","15","15","26","15","26","0","15","0","15","15","26","0","15","517","239","429","244","41","38","17","24","14","22","10","20","388","237","88","66","0","15","0","15","0","15","0","15","0","15","0","15","88","66","0","15","0","15","0","15","0","15","88","66",
"1500000US481130153052","Block Group 2; Census Tract 153.05; Dallas County; Texas","281","120","47","72","0","15","0","15","0","15","0","15","0","15","0","15","47","72","0","15","0","15","0","15","0","15","0","15","0","15","47","72","47","72","0","15","47","72","0","15","0","15","234","100","188","91","71","65","0","15","41","58","30","43","117","59","46","52","46","52","32","48","0","15","32","48","0","15","14","22","0","15","0","15","0","15","0","15","0","15","0","15",
"1500000US481130153053","Block Group 3; Census Tract 153.05; Dallas County; Texas","349","112","41","55","0","15","0","15","0","15","0","15","0","15","0","15","41","55","0","15","0","15","0","15","0","15","0","15","0","15","41","55","41","55","0","15","0","15","41","55","0","15","308","113","211","89","118","76","25","27","41","61","52","55","93","61","97","96","11","18","0","15","0","15","0","15","0","15","11","18","86","94","37","57","0","15","0","15","37","57","49","72",
"1500000US481130153061","Block Group 1; Census Tract 153.06; Dallas County; Texas","765","225","12","24","12","24","12","24","0","15","0","15","12","24","0","15","0","15","0","15","0","15","0","15","0","15","0","15","0","15","0","15","0","15","0","15","0","15","0","15","0","15","753","224","595","209","384","204","14","23","116","75","254","194","211","74","158","116","17","23","6","13","0","15","0","15","6","13","11","18","141","111","50","46","16","26","0","15","34","39","91","101",
"1500000US481130153062","Block Group 2; Census Tract 153.06; Dallas County; Texas","581","249","0","15","0","15","0","15","0","15","0","15","0","15","0","15","0","15","0","15","0","15","0","15","0","15","0","15","0","15","0","15","0","15","0","15","0","15","0","15","0","15","581","249","426","231","300","221","45","54","86","94","169","196","126","87","155","118","19","31","0","15","0","15","0","15","0","15","19","31","136","118","123","122","0","15","0","15","123","122","13","24",
"1500000US481130153063","Block Group 3; Census Tract 153.06; Dallas County; Texas","241","83","32","43","32","43","14","21","14","21","0","15","0","15","18","38","0","15","0","15","0","15","0","15","0","15","0","15","0","15","0","15","0","15","0","15","0","15","0","15","0","15","209","72","114","52","16","21","0","15","0","15","16","21","98","48","95","61","45","50","9","16","0","15","0","15","9","16","36","49","50","41","17","23","0","15","17","23","0","15","33","33",
"1500000US481130154031","Block Group 1; Census Tract 154.03; Dallas County; Texas","203","88","63","58","21","35","21","35","0","15","0","15","21","35","0","15","42","49","27","41","0","15","0","15","0","15","0","15","27","41","15","25","15","25","0","15","15","25","0","15","0","15","140","96","69","68","38","61","0","15","0","15","38","61","31","32","71","67","0","15","0","15","0","15","0","15","0","15","0","15","71","67","30","53","0","15","0","15","30","53","41","38",
"1500000US481130154032","Block Group 2; Census Tract 154.03; Dallas County; Texas","653","159","115","85","15","25","15","25","0","15","15","25","0","15","0","15","100","91","0","15","0","15","0","15","0","15","0","15","0","15","100","91","100","91","0","15","0","15","100","91","0","15","538","186","496","185","304","178","33","39","58","73","213","165","192","55","42","41","11","20","11","20","0","15","0","15","11","20","0","15","31","35","31","35","0","15","0","15","31","35","0","15",
"1500000US481130154041","Block Group 1; Census Tract 154.04; Dallas County; Texas","643","188","81","80","18","28","18","28","0","15","0","15","18","28","0","15","63","72","11","18","11","18","0","15","0","15","11","18","0","15","52","73","0","15","0","15","0","15","0","15","52","73","562","191","276","127","76","81","51","72","0","15","25","28","200","97","286","147","12","19","12","19","12","19","0","15","0","15","0","15","274","147","130","77","0","15","57","49","73","64","144","136",
"1500000US481130154042","Block Group 2; Census Tract 154.04; Dallas County; Texas","377","149","89","117","14","22","14","22","0","15","0","15","14","22","0","15","75","115","0","15","0","15","0","15","0","15","0","15","0","15","75","115","75","115","0","15","0","15","75","115","0","15","288","112","183","94","72","59","0","15","44","48","28","37","111","84","105","78","67","68","57","65","0","15","0","15","57","65","10","17","38","48","26","33","0","15","0","15","26","33","12","27",
"1500000US481130154051","Block Group 1; Census Tract 154.05; Dallas County; Texas","434","142","6","11","0","15","0","15","0","15","0","15","0","15","0","15","6","11","0","15","0","15","0","15","0","15","0","15","0","15","6","11","6","11","0","15","6","11","0","15","0","15","428","142","345","131","174","137","24","22","19","21","131","138","171","43","83","45","26","35","0","15","0","15","0","15","0","15","26","35","57","45","21","23","7","11","0","15","14","21","36","43",
"1500000US481130154052","Block Group 2; Census Tract 154.05; Dallas County; Texas","154","95","56","45","0","15","0","15","0","15","0","15","0","15","0","15","56","45","0","15","0","15","0","15","0","15","0","15","0","15","56","45","56","45","0","15","0","15","56","45","0","15","98","94","38","41","19","27","0","15","19","27","0","15","19","26","60","88","51","86","51","86","0","15","0","15","51","86","0","15","9","16","9","16","0","15","0","15","9","16","0","15",
"1500000US481130154061","Block Group 1; Census Tract 154.06; Dallas County; Texas","307","211","18","31","0","15","0","15","0","15","0","15","0","15","0","15","18","31","0","15","0","15","0","15","0","15","0","15","0","15","18","31","18","31","0","15","0","15","18","31","0","15","289","211","51","35","0","15","0","15","0","15","0","15","51","35","238","212","113","179","113","179","0","15","0","15","113","179","0","15","125","118","78","110","78","110","0","15","0","15","47","54",
"1500000US481130154062","Block Group 2; Census Tract 154.06; Dallas County; Texas","268","183","22","25","8","13","0","15","0","15","0","15","0","15","8","13","14","22","0","15","0","15","0","15","0","15","0","15","0","15","14","22","0","15","0","15","0","15","0","15","14","22","246","181","231","180","62","77","0","15","0","15","62","77","169","168","15","23","0","15","0","15","0","15","0","15","0","15","0","15","15","23","15","23","0","15","0","15","15","23","0","15",
"1500000US481130154063","Block Group 3; Census Tract 154.06; Dallas County; Texas","363","76","0","15","0","15","0","15","0","15","0","15","0","15","0","15","0","15","0","15","0","15","0","15","0","15","0","15","0","15","0","15","0","15","0","15","0","15","0","15","0","15","363","76","352","76","185","60","17","26","0","15","168","68","167","68","11","18","0","15","0","15","0","15","0","15","0","15","0","15","11","18","0","15","0","15","0","15","0","15","11","18",
"1500000US481130155001","Block Group 1; Census Tract 155; Dallas County; Texas","231","104","45","48","17","28","7","21","0","15","7","21","0","15","10","17","28","43","0","15","0","15","0","15","0","15","0","15","0","15","28","43","28","43","0","15","0","15","28","43","0","15","186","120","108","78","32","48","0","15","0","15","32","48","76","69","78","104","49","81","49","81","0","15","0","15","49","81","0","15","29","35","29","35","13","23","0","15","16","26","0","15",
"1500000US481130155002","Block Group 2; Census Tract 155; Dallas County; Texas","704","324","148","101","56","69","56","69","0","15","39","62","17","26","0","15","92","80","0","15","0","15","0","15","0","15","0","15","0","15","92","80","92","80","16","29","0","15","76","70","0","15","556","315","522","309","198","101","44","65","51","50","103","71","324","292","34","43","34","43","15","29","0","15","15","29","0","15","19","30","0","15","0","15","0","15","0","15","0","15","0","15",
"1500000US481130156001","Block Group 1; Census Tract 156; Dallas County; Texas","458","133","40","52","40","52","40","52","11","18","29","49","0","15","0","15","0","15","0","15","0","15","0","15","0","15","0","15","0","15","0","15","0","15","0","15","0","15","0","15","0","15","418","126","276","91","129","71","20","33","53","57","56","46","147","71","142","105","11","17","0","15","0","15","0","15","0","15","11","17","131","100","112","98","15","27","51","73","46","64","19","22",
"1500000US481130156002","Block Group 2; Census Tract 156; Dallas County; Texas","234","114","78","79","51","74","51","74","11","21","0","15","40","68","0","15","27","38","27","38","27","38","0","15","27","38","0","15","0","15","0","15","0","15","0","15","0","15","0","15","0","15","156","85","112","76","39","45","0","15","17","27","22","34","73","59","44","38","5","7","0","15","0","15","0","15","0","15","5","7","39","38","23","28","0","15","0","15","23","28","16","25",
"1500000US481130156003","Block Group 3; Census Tract 156; Dallas County; Texas","588","286","111","103","0","15","0","15","0","15","0","15","0","15","0","15","111","103","0","15","0","15","0","15","0","15","0","15","0","15","111","103","111","103","15","24","47","74","49","77","0","15","477","272","374","249","158","96","14","21","0","15","144","94","216","223","103","86","84","82","0","15","0","15","0","15","0","15","84","82","19","31","0","15","0","15","0","15","0","15","19","31",
"1500000US481130157001","Block Group 1; Census Tract 157; Dallas County; Texas","346","113","51","71","32","53","32","53","0","15","32","53","0","15","0","15","19","30","18","29","0","15","0","15","0","15","0","15","18","29","1","8","0","15","0","15","0","15","0","15","1","8","295","93","244","92","145","73","13","21","50","59","82","77","99","60","51","33","11","18","11","18","0","15","0","15","11","18","0","15","40","32","23","24","0","15","0","15","23","24","17","17",
"1500000US481130157002","Block Group 2; Census Tract 157; Dallas County; Texas","227","87","60","46","41","40","41","40","4","7","11","16","26","37","0","15","19","19","0","15","0","15","0","15","0","15","0","15","0","15","19","19","19","19","0","15","0","15","19","19","0","15","167","89","103","66","57","54","0","15","8","14","49","54","46","39","64","60","0","15","0","15","0","15","0","15","0","15","0","15","64","60","9","15","0","15","0","15","9","15","55","59",
"1500000US481130159001","Block Group 1; Census Tract 159; Dallas County; Texas","370","141","106","81","106","81","91","75","0","15","0","15","91","75","15","25","0","15","0","15","0","15","0","15","0","15","0","15","0","15","0","15","0","15","0","15","0","15","0","15","0","15","264","126","187","117","56","62","0","15","0","15","56","62","131","85","77","73","30","45","30","45","7","18","0","15","23","41","0","15","47","59","5","11","0","15","0","15","5","11","42","58",
"1500000US481130159002","Block Group 2; Census Tract 159; Dallas County; Texas","0","15","0","15","0","15","0","15","0","15","0","15","0","15","0","15","0","15","0","15","0","15","0","15","0","15","0","15","0","15","0","15","0","15","0","15","0","15","0","15","0","15","0","15","0","15","0","15","0","15","0","15","0","15","0","15","0","15","0","15","0","15","0","15","0","15","0","15","0","15","0","15","0","15","0","15","0","15","0","15","0","15",
"1500000US481130159003","Block Group 3; Census Tract 159; Dallas County; Texas","428","172","13","23","0","15","0","15","0","15","0","15","0","15","0","15","13","23","0","15","0","15","0","15","0","15","0","15","0","15","13","23","13","23","0","15","0","15","13","23","0","15","415","173","172","93","155","79","0","15","0","15","155","79","17","33","243","151","0","15","0","15","0","15","0","15","0","15","0","15","243","151","223","144","0","15","24","39","199","142","20","33",
"1500000US481130160011","Block Group 1; Census Tract 160.01; Dallas County; Texas","238","120","0","15","0","15","0","15","0","15","0","15","0","15","0","15","0","15","0","15","0","15","0","15","0","15","0","15","0","15","0","15","0","15","0","15","0","15","0","15","0","15","238","120","185","109","61","57","0","15","0","15","61","57","124","95","53","56","42","44","0","15","0","15","0","15","0","15","42","44","11","29","1","20","0","15","0","15","1","20","10","18",
"1500000US481130160012","Block Group 2; Census Tract 160.01; Dallas County; Texas","339","119","85","76","48","67","48","67","0","15","0","15","48","67","0","15","37","42","0","15","0","15","0","15","0","15","0","15","0","15","37","42","37","42","0","15","0","15","37","42","0","15","254","113","192","91","72","60","0","15","0","15","72","60","120","92","62","60","0","15","0","15","0","15","0","15","0","15","0","15","62","60","23","41","0","15","0","15","23","41","39","39",
"1500000US481130160013","Block Group 3; Census Tract 160.01; Dallas County; Texas","318","113","0","15","0","15","0","15","0","15","0","15","0","15","0","15","0","15","0","15","0","15","0","15","0","15","0","15","0","15","0","15","0","15","0","15","0","15","0","15","0","15","318","113","170","67","57","67","24","40","15","27","18","40","113","67","148","88","5","8","0","15","0","15","0","15","0","15","5","8","143","88","137","88","16","26","31","45","90","71","6","11",
"1500000US481130160021","Block Group 1; Census Tract 160.02; Dallas County; Texas","358","184","223","191","31","41","26","40","0","15","26","40","0","15","5","9","192","188","41","57","33","55","33","55","0","15","0","15","8","11","151","180","151","180","0","15","129","177","22","34","0","15","135","75","106","66","73","46","0","15","25","36","48","38","33","47","29","26","0","15","0","15","0","15","0","15","0","15","0","15","29","26","10","17","10","17","0","15","0","15","19","21",
"1500000US481130160022","Block Group 2; Census Tract 160.02; Dallas County; Texas","396","95","88","63","65","59","50","56","0","15","0","15","50","56","15","24","23","36","0","15","0","15","0","15","0","15","0","15","0","15","23","36","23","36","23","36","0","15","0","15","0","15","308","94","222","98","175","94","0","15","39","39","136","83","47","34","86","55","33","33","33","33","0","15","0","15","33","33","0","15","53","46","48","48","0","15","0","15","48","48","5","7",
"1500000US481130161001","Block Group 1; Census Tract 161; Dallas County; Texas","464","223","160","160","65","73","53","68","0","15","53","68","0","15","12","19","95","145","95","145","0","15","0","15","0","15","0","15","95","145","0","15","0","15","0","15","0","15","0","15","0","15","304","162","103","86","36","44","0","15","0","15","36","44","67","65","201","145","92","111","17","26","17","26","0","15","0","15","75","104","109","113","55","78","0","15","2","4","53","78","54","83",
"1500000US481130161002","Block Group 2; Census Tract 161; Dallas County; Texas","0","15","0","15","0","15","0","15","0","15","0","15","0","15","0","15","0","15","0","15","0","15","0","15","0","15","0","15","0","15","0","15","0","15","0","15","0","15","0","15","0","15","0","15","0","15","0","15","0","15","0","15","0","15","0","15","0","15","0","15","0","15","0","15","0","15","0","15","0","15","0","15","0","15","0","15","0","15","0","15","0","15",
"1500000US481130161003","Block Group 3; Census Tract 161; Dallas County; Texas","95","85","0","15","0","15","0","15","0","15","0","15","0","15","0","15","0","15","0","15","0","15","0","15","0","15","0","15","0","15","0","15","0","15","0","15","0","15","0","15","0","15","95","85","27","24","11","17","0","15","11","17","0","15","16","18","68","83","0","15","0","15","0","15","0","15","0","15","0","15","68","83","58","78","0","15","58","78","0","15","10","15",
"1500000US481130161004","Block Group 4; Census Tract 161; Dallas County; Texas","284","135","58","71","14","24","0","15","0","15","0","15","0","15","14","24","44","67","0","15","0","15","0","15","0","15","0","15","0","15","44","67","44","67","44","67","0","15","0","15","0","15","226","116","135","71","18","32","0","15","0","15","18","32","117","70","91","88","49","74","0","15","0","15","0","15","0","15","49","74","42","54","42","54","0","15","0","15","42","54","0","15",
"1500000US481130161005","Block Group 5; Census Tract 161; Dallas County; Texas","0","15","0","15","0","15","0","15","0","15","0","15","0","15","0","15","0","15","0","15","0","15","0","15","0","15","0","15","0","15","0","15","0","15","0","15","0","15","0","15","0","15","0","15","0","15","0","15","0","15","0","15","0","15","0","15","0","15","0","15","0","15","0","15","0","15","0","15","0","15","0","15","0","15","0","15","0","15","0","15","0","15",
"1500000US481130162011","Block Group 1; Census Tract 162.01; Dallas County; Texas","647","189","78","76","32","41","32","41","0","15","0","15","32","41","0","15","46","59","25","45","25","45","0","15","0","15","25","45","0","15","21","34","0","15","0","15","0","15","0","15","21","34","569","181","477","169","158","88","41","46","70","63","47","55","319","158","92","54","0","15","0","15","0","15","0","15","0","15","0","15","92","54","75","48","0","15","0","15","75","48","17","25",
"1500000US481130162012","Block Group 2; Census Tract 162.01; Dallas County; Texas","277","127","19","29","0","15","0","15","0","15","0","15","0","15","0","15","19","29","0","15","0","15","0","15","0","15","0","15","0","15","19","29","19","29","0","15","0","15","19","29","0","15","258","124","226","120","137","85","50","49","87","68","0","15","89","93","32","49","0","15","0","15","0","15","0","15","0","15","0","15","32","49","32","49","0","15","32","49","0","15","0","15",
"1500000US481130162031","Block Group 1; Census Tract 162.03; Dallas County; Texas","186","89","78","62","0","15","0","15","0","15","0","15","0","15","0","15","78","62","0","15","0","15","0","15","0","15","0","15","0","15","78","62","78","62","27","33","29","46","22","32","0","15","108","68","38","40","10","22","0","15","10","22","0","15","28","32","70","49","0","15","0","15","0","15","0","15","0","15","0","15","70","49","27","28","0","15","0","15","27","28","43","39",
"1500000US481130162032","Block Group 2; Census Tract 162.03; Dallas County; Texas","315","143","73","71","4","13","0","15","0","15","0","15","0","15","4","13","69","71","69","71","40","61","0","15","0","15","40","61","29","42","0","15","0","15","0","15","0","15","0","15","0","15","242","110","97","54","97","54","21","24","39","43","37","31","0","15","145","97","23","36","23","36","0","15","0","15","23","36","0","15","122","90","67","18","0","15","21","30","46","29","55","89",
"1500000US481130162041","Block Group 1; Census Tract 162.04; Dallas County; Texas","288","95","17","18","17","18","17","18","0","15","17","18","0","15","0","15","0","15","0","15","0","15","0","15","0","15","0","15","0","15","0","15","0","15","0","15","0","15","0","15","0","15","271","97","197","84","36","45","0","15","0","15","36","45","161","74","74","63","34","52","0","15","0","15","0","15","0","15","34","52","40","38","0","15","0","15","0","15","0","15","40","38",
"1500000US481130162042","Block Group 2; Census Tract 162.04; Dallas County; Texas","283","101","0","15","0","15","0","15","0","15","0","15","0","15","0","15","0","15","0","15","0","15","0","15","0","15","0","15","0","15","0","15","0","15","0","15","0","15","0","15","0","15","283","101","216","103","84","67","0","15","0","15","84","67","132","94","67","53","46","47","27","43","0","15","0","15","27","43","19","22","21","25","21","25","12","20","0","15","9","14","0","15",
"1500000US481130162043","Block Group 3; Census Tract 162.04; Dallas County; Texas","597","269","144","229","0","15","0","15","0","15","0","15","0","15","0","15","144","229","0","15","0","15","0","15","0","15","0","15","0","15","144","229","144","229","0","15","0","15","144","229","0","15","453","307","337","300","277","297","41","63","0","15","236","296","60","40","116","75","11","17","0","15","0","15","0","15","0","15","11","17","105","79","91","79","35","57","0","15","56","58","14","16",
"1500000US481130163011","Block Group 1; Census Tract 163.01; Dallas County; Texas","555","190","10","23","10","23","10","23","5","18","0","15","5","16","0","15","0","15","0","15","0","15","0","15","0","15","0","15","0","15","0","15","0","15","0","15","0","15","0","15","0","15","545","189","475","191","187","124","14","21","0","15","173","121","288","166","70","67","0","15","0","15","0","15","0","15","0","15","0","15","70","67","34","35","0","15","0","15","34","35","36","58",
"1500000US481130163012","Block Group 2; Census Tract 163.01; Dallas County; Texas","900","210","27","42","27","42","0","15","0","15","0","15","0","15","27","42","0","15","0","15","0","15","0","15","0","15","0","15","0","15","0","15","0","15","0","15","0","15","0","15","0","15","873","216","628","217","409","169","118","91","46","65","245","150","219","139","245","148","55","85","0","15","0","15","0","15","0","15","55","85","190","121","111","120","0","15","13","21","98","122","79","79",
"1500000US481130163013","Block Group 3; Census Tract 163.01; Dallas County; Texas","405","158","42","60","11","16","11","16","0","15","0","15","11","16","0","15","31","57","0","15","0","15","0","15","0","15","0","15","0","15","31","57","31","57","0","15","31","57","0","15","0","15","363","165","250","152","124","97","10","18","43","64","71","87","126","104","113","77","73","76","73","76","0","15","0","15","73","76","0","15","40","46","0","15","0","15","0","15","0","15","40","46",
"1500000US481130163021","Block Group 1; Census Tract 163.02; Dallas County; Texas","467","107","76","56","46","46","38","45","0","15","0","15","38","45","8","12","30","39","24","38","0","15","0","15","0","15","0","15","24","38","6","9","6","9","0","15","0","15","6","9","0","15","391","123","321","121","103","91","0","15","9","12","94","90","218","76","70","48","20","21","5","8","0","15","0","15","5","8","15","18","50","42","36","39","0","15","6","10","30","37","14","16",
"1500000US481130164061","Block Group 1; Census Tract 164.06; Dallas County; Texas","433","163","10","18","0","15","0","15","0","15","0","15","0","15","0","15","10","18","0","15","0","15","0","15","0","15","0","15","0","15","10","18","10","18","0","15","0","15","10","18","0","15","423","159","329","111","153","92","22","36","71","80","60","50","176","99","94","85","14","24","14","24","0","15","14","24","0","15","0","15","80","81","64","81","0","15","0","15","64","81","16","24",
"1500000US481130164062","Block Group 2; Census Tract 164.06; Dallas County; Texas","206","121","0","15","0","15","0","15","0","15","0","15","0","15","0","15","0","15","0","15","0","15","0","15","0","15","0","15","0","15","0","15","0","15","0","15","0","15","0","15","0","15","206","121","81","56","18","29","0","15","18","29","0","15","63","50","125","116","76","85","0","15","0","15","0","15","0","15","76","85","49","64","37","60","0","15","0","15","37","60","12","19",
"1500000US481130164063","Block Group 3; Census Tract 164.06; Dallas County; Texas","314","113","48","46","48","46","48","46","0","15","0","15","48","46","0","15","0","15","0","15","0","15","0","15","0","15","0","15","0","15","0","15","0","15","0","15","0","15","0","15","0","15","266","102","159","88","86","74","32","52","15","27","39","40","73","53","107","61","0","15","0","15","0","15","0","15","0","15","0","15","107","61","76","47","0","15","29","40","47","45","31","45",
"1500000US481130164071","Block Group 1; Census Tract 164.07; Dallas County; Texas","621","158","111","127","111","127","60","87","0","15","0","15","60","87","51","90","0","15","0","15","0","15","0","15","0","15","0","15","0","15","0","15","0","15","0","15","0","15","0","15","0","15","510","155","338","202","95","99","0","15","0","15","95","99","243","174","172","153","54","50","0","15","0","15","0","15","0","15","54","50","118","141","37","67","0","15","0","15","37","67","81","118",
"1500000US481130164072","Block Group 2; Census Tract 164.07; Dallas County; Texas","236","140","40","46","0","15","0","15","0","15","0","15","0","15","0","15","40","46","21","35","0","15","0","15","0","15","0","15","21","35","19","31","19","31","19","31","0","15","0","15","0","15","196","131","176","126","100","92","38","65","0","15","62","75","76","85","20","33","20","33","0","15","0","15","0","15","0","15","20","33","0","15","0","15","0","15","0","15","0","15","0","15",
"1500000US481130164073","Block Group 3; Census Tract 164.07; Dallas County; Texas","368","188","55","84","0","15","0","15","0","15","0","15","0","15","0","15","55","84","0","15","0","15","0","15","0","15","0","15","0","15","55","84","55","84","55","84","0","15","0","15","0","15","313","195","201","170","173","160","0","15","0","15","173","160","28","39","112","107","34","38","0","15","0","15","0","15","0","15","34","38","78","97","78","97","0","15","78","97","0","15","0","15",
"1500000US481130164074","Block Group 4; Census Tract 164.07; Dallas County; Texas","299","175","47","59","26","48","26","48","0","15","0","15","26","48","0","15","21","34","0","15","0","15","0","15","0","15","0","15","0","15","21","34","21","34","0","15","0","15","21","34","0","15","252","189","198","174","191","174","0","15","77","108","114","144","7","12","54","70","0","15","0","15","0","15","0","15","0","15","0","15","54","70","54","70","16","27","0","15","38","63","0","15",
"1500000US481130164091","Block Group 1; Census Tract 164.09; Dallas County; Texas","450","182","126","111","126","111","126","111","0","15","0","15","126","111","0","15","0","15","0","15","0","15","0","15","0","15","0","15","0","15","0","15","0","15","0","15","0","15","0","15","0","15","324","121","294","109","91","74","30","38","0","15","61","64","203","95","30","41","0","15","0","15","0","15","0","15","0","15","0","15","30","41","0","15","0","15","0","15","0","15","30","41",
"1500000US481130164092","Block Group 2; Census Tract 164.09; Dallas County; Texas","595","131","20","31","20","31","0","15","0","15","0","15","0","15","20","31","0","15","0","15","0","15","0","15","0","15","0","15","0","15","0","15","0","15","0","15","0","15","0","15","0","15","575","132","528","141","257","105","54","72","64","81","139","71","271","96","47","34","0","15","0","15","0","15","0","15","0","15","0","15","47","34","0","15","0","15","0","15","0","15","47","34",
"1500000US481130164101","Block Group 1; Census Tract 164.10; Dallas County; Texas","326","134","39","62","39","62","0","15","0","15","0","15","0","15","39","62","0","15","0","15","0","15","0","15","0","15","0","15","0","15","0","15","0","15","0","15","0","15","0","15","0","15","287","129","144","91","28","34","0","15","8","14","20","31","116","87","143","102","14","22","0","15","0","15","0","15","0","15","14","22","129","99","119","99","41","62","28","39","50","65","10","16",
"1500000US481130164102","Block Group 2; Census Tract 164.10; Dallas County; Texas","528","189","44","64","0","15","0","15","0","15","0","15","0","15","0","15","44","64","0","15","0","15","0","15","0","15","0","15","0","15","44","64","0","15","0","15","0","15","0","15","44","64","484","180","446","176","181","123","0","15","21","23","160","120","265","139","38","39","12","20","12","20","0","15","0","15","12","20","0","15","26","32","26","32","0","15","0","15","26","32","0","15",
"1500000US481130164103","Block Group 3; Census Tract 164.10; Dallas County; Texas","588","211","0","15","0","15","0","15","0","15","0","15","0","15","0","15","0","15","0","15","0","15","0","15","0","15","0","15","0","15","0","15","0","15","0","15","0","15","0","15","0","15","588","211","526","214","140","80","65","67","39","36","36","33","386","202","62","56","0","15","0","15","0","15","0","15","0","15","0","15","62","56","50","54","9","14","0","15","41","52","12","19",
"1500000US481130164121","Block Group 1; Census Tract 164.12; Dallas County; Texas","742","189","0","15","0","15","0","15","0","15","0","15","0","15","0","15","0","15","0","15","0","15","0","15","0","15","0","15","0","15","0","15","0","15","0","15","0","15","0","15","0","15","742","189","637","191","371","162","18","30","168","129","185","107","266","77","105","75","7","11","0","15","0","15","0","15","0","15","7","11","98","77","27","30","0","15","0","15","27","30","71","73",
"1500000US481130164122","Block Group 2; Census Tract 164.12; Dallas County; Texas","541","117","50","53","50","53","50","53","0","15","38","51","12","18","0","15","0","15","0","15","0","15","0","15","0","15","0","15","0","15","0","15","0","15","0","15","0","15","0","15","0","15","491","112","401","117","130","58","12","20","0","15","118","62","271","99","90","59","40","41","0","15","0","15","0","15","0","15","40","41","50","42","30","40","0","15","30","40","0","15","20","20",
"1500000US481130164141","Block Group 1; Census Tract 164.14; Dallas County; Texas","363","107","59","42","9","14","9","14","0","15","0","15","9","14","0","15","50","36","0","15","0","15","0","15","0","15","0","15","0","15","50","36","50","36","29","32","0","15","21","30","0","15","304","106","232","82","103","61","0","15","11","17","92","58","129","57","72","68","0","15","0","15","0","15","0","15","0","15","0","15","72","68","72","68","0","15","31","49","41","45","0","15",
"1500000US481130164151","Block Group 1; Census Tract 164.15; Dallas County; Texas","811","220","101","85","37","47","37","47","0","15","37","47","0","15","0","15","64","67","0","15","0","15","0","15","0","15","0","15","0","15","64","67","64","67","0","15","0","15","64","67","0","15","710","221","648","217","250","98","12","27","27","34","211","93","398","191","62","55","14","23","0","15","0","15","0","15","0","15","14","23","48","51","12","23","0","15","12","23","0","15","36","46",
"1500000US481130164152","Block Group 2; Census Tract 164.15; Dallas County; Texas","595","167","101","102","101","102","55","87","0","15","55","87","0","15","46","54","0","15","0","15","0","15","0","15","0","15","0","15","0","15","0","15","0","15","0","15","0","15","0","15","0","15","494","122","377","111","160","91","10","17","102","82","48","48","217","75","117","97","54","77","54","77","0","15","0","15","54","77","0","15","63","74","63","74","0","15","0","15","63","74","0","15",
"1500000US481130164161","Block Group 1; Census Tract 164.16; Dallas County; Texas","765","148","72","65","35","42","28","41","0","15","0","15","28","41","7","11","37","51","0","15","0","15","0","15","0","15","0","15","0","15","37","51","37","51","33","51","4","7","0","15","0","15","693","128","518","94","332","56","8","14","108","77","216","84","186","70","175","87","78","74","0","15","0","15","0","15","0","15","78","74","97","69","0","15","0","15","0","15","0","15","97","69",
"1500000US481130164171","Block Group 1; Census Tract 164.17; Dallas County; Texas","394","125","36","50","0","15","0","15","0","15","0","15","0","15","0","15","36","50","0","15","0","15","0","15","0","15","0","15","0","15","36","50","36","50","0","15","32","49","4","10","0","15","358","113","285","106","124","64","0","15","54","52","70","51","161","97","73","58","0","15","0","15","0","15","0","15","0","15","0","15","73","58","11","15","0","15","0","15","11","15","62","57",
"1500000US481130164172","Block Group 2; Census Tract 164.17; Dallas County; Texas","685","141","36","42","18","29","18","29","0","15","0","15","18","29","0","15","18","37","0","15","0","15","0","15","0","15","0","15","0","15","18","37","10","34","0","15","0","15","10","34","8","14","649","141","577","120","199","101","60","55","21","29","118","91","378","121","72","65","39","55","39","55","28","49","0","15","11","19","0","15","33","39","14","23","0","15","0","15","14","23","19","32",
"1500000US481130164173","Block Group 3; Census Tract 164.17; Dallas County; Texas","326","109","0","15","0","15","0","15","0","15","0","15","0","15","0","15","0","15","0","15","0","15","0","15","0","15","0","15","0","15","0","15","0","15","0","15","0","15","0","15","0","15","326","109","185","85","111","70","0","15","51","61","60","45","74","57","141","83","22","27","0","15","0","15","0","15","0","15","22","27","119","80","100","85","0","15","9","15","91","83","19","28",
"1500000US481130164181","Block Group 1; Census Tract 164.18; Dallas County; Texas","788","171","0","15","0","15","0","15","0","15","0","15","0","15","0","15","0","15","0","15","0","15","0","15","0","15","0","15","0","15","0","15","0","15","0","15","0","15","0","15","0","15","788","171","598","197","229","134","34","54","27","31","168","108","369","202","190","104","38","37","27","31","0","15","0","15","27","31","11","19","152","103","122","103","0","15","0","15","122","103","30","24",
"1500000US481130164182","Block Group 2; Census Tract 164.18; Dallas County; Texas","430","108","15","23","0","15","0","15","0","15","0","15","0","15","0","15","15","23","0","15","0","15","0","15","0","15","0","15","0","15","15","23","15","23","0","15","0","15","15","23","0","15","415","108","316","111","53","36","0","15","12","20","41","33","263","105","99","65","32","36","32","36","0","15","0","15","32","36","0","15","67","52","19","21","0","15","11","18","8","15","48","52",
"1500000US481130164191","Block Group 1; Census Tract 164.19; Dallas County; Texas","724","139","96","85","42","35","31","29","0","15","12","18","19","22","11","18","54","79","0","15","0","15","0","15","0","15","0","15","0","15","54","79","54","79","0","15","0","15","54","79","0","15","628","147","392","130","22","27","0","15","0","15","22","27","370","126","236","108","58","71","16","26","0","15","0","15","16","26","42","66","178","99","72","82","0","15","72","82","0","15","106","67",
"1500000US481130164192","Block Group 2; Census Tract 164.19; Dallas County; Texas","603","188","27","33","15","26","15","26","15","26","0","15","0","15","0","15","12","20","12","20","12","20","0","15","12","20","0","15","0","15","0","15","0","15","0","15","0","15","0","15","0","15","576","185","398","137","289","126","15","27","85","86","189","94","109","60","178","156","13","21","0","15","0","15","0","15","0","15","13","21","165","155","145","151","0","15","0","15","145","151","20","31",
"1500000US481130164201","Block Group 1; Census Tract 164.20; Dallas County; Texas","343","112","9","15","0","15","0","15","0","15","0","15","0","15","0","15","9","15","0","15","0","15","0","15","0","15","0","15","0","15","9","15","0","15","0","15","0","15","0","15","9","15","334","111","276","127","210","134","0","15","40","49","170","123","66","34","58","46","0","15","0","15","0","15","0","15","0","15","0","15","58","46","25","32","0","15","0","15","25","32","33","35",
"1500000US481130164202","Block Group 2; Census Tract 164.20; Dallas County; Texas","549","176","50","39","0","15","0","15","0","15","0","15","0","15","0","15","50","39","0","15","0","15","0","15","0","15","0","15","0","15","50","39","50","39","0","15","15","23","35","34","0","15","499","183","435","184","281","167","20","24","142","162","119","57","154","74","64","56","14","18","9","15","0","15","0","15","9","15","5","9","50","54","0","15","0","15","0","15","0","15","50","54",
"1500000US481130164211","Block Group 1; Census Tract 164.21; Dallas County; Texas","563","186","47","51","12","28","12","28","0","15","0","15","12","28","0","15","35","42","15","33","13","29","0","15","13","29","0","15","2","8","20","33","20","33","0","15","0","15","20","33","0","15","516","178","429","167","224","137","54","71","40","70","130","84","205","75","87","81","55","60","0","15","0","15","0","15","0","15","55","60","32","53","32","53","0","15","0","15","32","53","0","15",
"1500000US481130164212","Block Group 2; Census Tract 164.21; Dallas County; Texas","321","144","86","85","86","85","33","26","0","15","33","26","0","15","53","84","0","15","0","15","0","15","0","15","0","15","0","15","0","15","0","15","0","15","0","15","0","15","0","15","0","15","235","122","201","111","100","74","0","15","71","58","29","40","101","62","34","43","0","15","0","15","0","15","0","15","0","15","0","15","34","43","15","24","0","15","0","15","15","24","19","33",
"1500000US481130165111","Block Group 1; Census Tract 165.11; Dallas County; Texas","687","194","41","70","0","15","0","15","0","15","0","15","0","15","0","15","41","70","0","15","0","15","0","15","0","15","0","15","0","15","41","70","41","70","0","15","0","15","41","70","0","15","646","189","404","173","146","83","0","15","0","15","146","83","258","162","242","107","61","53","44","51","0","15","26","41","18","29","17","20","181","103","134","97","0","15","0","15","134","97","47","39",
"1500000US481130165112","Block Group 2; Census Tract 165.11; Dallas County; Texas","523","149","78","65","0","15","0","15","0","15","0","15","0","15","0","15","78","65","32","50","32","50","0","15","0","15","32","50","0","15","46","40","46","40","0","15","0","15","46","40","0","15","445","128","240","86","113","73","34","30","11","19","68","65","127","64","205","118","90","89","44","58","0","15","35","57","9","15","46","70","115","85","75","75","14","21","0","15","61","72","40","37",
"1500000US481130165131","Block Group 1; Census Tract 165.13; Dallas County; Texas","342","120","0","15","0","15","0","15","0","15","0","15","0","15","0","15","0","15","0","15","0","15","0","15","0","15","0","15","0","15","0","15","0","15","0","15","0","15","0","15","0","15","342","120","277","107","130","90","0","15","0","15","130","90","147","78","65","62","0","15","0","15","0","15","0","15","0","15","0","15","65","62","65","62","0","15","0","15","65","62","0","15",
"1500000US481130165132","Block Group 2; Census Tract 165.13; Dallas County; Texas","334","103","46","72","0","15","0","15","0","15","0","15","0","15","0","15","46","72","46","72","46","72","0","15","46","72","0","15","0","15","0","15","0","15","0","15","0","15","0","15","0","15","288","78","228","75","52","34","0","15","12","16","40","27","176","72","60","49","0","15","0","15","0","15","0","15","0","15","0","15","60","49","34","36","0","15","10","20","24","29","26","38",
"1500000US481130165133","Block Group 3; Census Tract 165.13; Dallas County; Texas","473","158","19","22","19","22","0","15","0","15","0","15","0","15","19","22","0","15","0","15","0","15","0","15","0","15","0","15","0","15","0","15","0","15","0","15","0","15","0","15","0","15","454","158","416","163","59","45","10","16","0","15","49","41","357","152","38","29","11","18","11","18","0","15","0","15","11","18","0","15","27","25","0","15","0","15","0","15","0","15","27","25",
"1500000US481130165134","Block Group 4; Census Tract 165.13; Dallas County; Texas","489","270","0","15","0","15","0","15","0","15","0","15","0","15","0","15","0","15","0","15","0","15","0","15","0","15","0","15","0","15","0","15","0","15","0","15","0","15","0","15","0","15","489","270","237","82","126","67","42","59","0","15","84","63","111","46","252","260","0","15","0","15","0","15","0","15","0","15","0","15","252","260","227","260","0","15","0","15","227","260","25","30",
"1500000US481130165161","Block Group 1; Census Tract 165.16; Dallas County; Texas","543","177","95","70","18","29","18","29","0","15","18","29","0","15","0","15","77","67","0","15","0","15","0","15","0","15","0","15","0","15","77","67","77","67","0","15","0","15","77","67","0","15","448","174","311","168","190","165","10","15","135","158","45","53","121","58","137","64","10","18","0","15","0","15","0","15","0","15","10","18","127","61","77","51","0","15","0","15","77","51","50","34",
"1500000US481130165162","Block Group 2; Census Tract 165.16; Dallas County; Texas","232","88","0","15","0","15","0","15","0","15","0","15","0","15","0","15","0","15","0","15","0","15","0","15","0","15","0","15","0","15","0","15","0","15","0","15","0","15","0","15","0","15","232","88","191","85","89","69","11","17","30","45","48","56","102","56","41","30","17","20","17","20","0","15","17","20","0","15","0","15","24","22","16","19","0","15","0","15","16","19","8","13",
"1500000US481130165163","Block Group 3; Census Tract 165.16; Dallas County; Texas","430","134","62","60","16","26","0","15","0","15","0","15","0","15","16","26","46","53","0","15","0","15","0","15","0","15","0","15","0","15","46","53","46","53","0","15","30","46","16","25","0","15","368","140","310","131","157","84","14","24","70","69","73","57","153","92","58","60","0","15","0","15","0","15","0","15","0","15","0","15","58","60","44","55","0","15","0","15","44","55","14","23",
"1500000US481130165171","Block Group 1; Census Tract 165.17; Dallas County; Texas","250","100","56","69","0","15","0","15","0","15","0","15","0","15","0","15","56","69","0","15","0","15","0","15","0","15","0","15","0","15","56","69","56","69","0","15","0","15","56","69","0","15","194","71","121","54","37","27","0","15","0","15","37","27","84","52","73","58","0","15","0","15","0","15","0","15","0","15","0","15","73","58","43","45","31","42","12","20","0","15","30","33",
"1500000US481130165172","Block Group 2; Census Tract 165.17; Dallas County; Texas","396","156","66","91","0","15","0","15","0","15","0","15","0","15","0","15","66","91","0","15","0","15","0","15","0","15","0","15","0","15","66","91","66","91","0","15","0","15","66","91","0","15","330","125","201","93","97","68","0","15","80","61","17","29","104","62","129","85","0","15","0","15","0","15","0","15","0","15","0","15","129","85","60","54","0","15","0","15","60","54","69","70",
"1500000US481130165173","Block Group 3; Census Tract 165.17; Dallas County; Texas","460","210","70","79","0","15","0","15","0","15","0","15","0","15","0","15","70","79","0","15","0","15","0","15","0","15","0","15","0","15","70","79","60","78","60","78","0","15","0","15","10","15","390","213","289","215","238","206","0","15","13","23","225","206","51","40","101","72","40","41","17","18","0","15","0","15","17","18","23","35","61","58","0","15","0","15","0","15","0","15","61","58",
"1500000US481130165181","Block Group 1; Census Tract 165.18; Dallas County; Texas","184","87","0","15","0","15","0","15","0","15","0","15","0","15","0","15","0","15","0","15","0","15","0","15","0","15","0","15","0","15","0","15","0","15","0","15","0","15","0","15","0","15","184","87","126","78","95","75","51","59","0","15","44","50","31","28","58","45","1","7","0","15","0","15","0","15","0","15","1","7","57","43","31","32","0","15","0","15","31","32","26","28",
"1500000US481130165182","Block Group 2; Census Tract 165.18; Dallas County; Texas","832","377","101","106","7","10","0","15","0","15","0","15","0","15","7","10","94","106","0","15","0","15","0","15","0","15","0","15","0","15","94","106","94","106","0","15","94","106","0","15","0","15","731","386","242","97","74","70","13","22","39","61","22","36","168","73","489","384","264","358","12","21","0","15","0","15","12","21","252","359","225","153","194","155","0","15","66","68","128","142","31","34",
"1500000US481130165183","Block Group 3; Census Tract 165.18; Dallas County; Texas","498","186","0","15","0","15","0","15","0","15","0","15","0","15","0","15","0","15","0","15","0","15","0","15","0","15","0","15","0","15","0","15","0","15","0","15","0","15","0","15","0","15","498","186","162","107","67","92","0","15","0","15","67","92","95","51","336","187","70","81","70","81","0","15","0","15","70","81","0","15","266","177","207","165","0","15","41","66","166","150","59","63",
"1500000US481130165191","Block Group 1; Census Tract 165.19; Dallas County; Texas","231","57","4","6","4","6","0","15","0","15","0","15","0","15","4","6","0","15","0","15","0","15","0","15","0","15","0","15","0","15","0","15","0","15","0","15","0","15","0","15","0","15","227","57","156","58","86","50","0","15","26","29","60","58","70","33","71","34","31","25","15","20","0","15","0","15","15","20","16","19","40","23","24","21","15","17","0","15","9","13","16","15",
"1500000US481130165192","Block Group 2; Census Tract 165.19; Dallas County; Texas","327","78","39","50","3","6","0","15","0","15","0","15","0","15","3","6","36","49","36","49","36","49","0","15","0","15","36","49","0","15","0","15","0","15","0","15","0","15","0","15","0","15","288","65","245","62","105","48","8","12","30","31","67","36","140","45","43","34","16","23","16","23","0","15","0","15","16","23","0","15","27","25","0","15","0","15","0","15","0","15","27","25",
"1500000US481130165211","Block Group 1; Census Tract 165.21; Dallas County; Texas","655","289","215","246","0","15","0","15","0","15","0","15","0","15","0","15","215","246","0","15","0","15","0","15","0","15","0","15","0","15","215","246","180","246","0","15","0","15","180","246","35","45","440","194","376","180","187","115","0","15","133","99","54","58","189","127","64","70","0","15","0","15","0","15","0","15","0","15","0","15","64","70","58","69","0","15","0","15","58","69","6","10",
"1500000US481130165212","Block Group 2; Census Tract 165.21; Dallas County; Texas","739","258","95","125","0","21","0","21","0","21","0","21","0","21","0","21","95","125","23","36","23","36","0","21","23","36","0","21","0","21","72","105","72","105","72","105","0","21","0","21","0","21","644","257","377","182","245","176","135","147","0","21","110","99","132","59","267","191","7","16","7","16","0","21","0","21","7","16","0","21","260","191","252","190","0","21","7","17","245","190","8","16",
"1500000US481130165221","Block Group 1; Census Tract 165.22; Dallas County; Texas","437","137","47","65","47","65","0","15","0","15","0","15","0","15","47","65","0","15","0","15","0","15","0","15","0","15","0","15","0","15","0","15","0","15","0","15","0","15","0","15","0","15","390","127","201","93","50","34","0","15","29","24","21","27","151","87","189","111","0","15","0","15","0","15","0","15","0","15","0","15","189","111","131","98","30","34","35","34","66","90","58","68",
"1500000US481130165222","Block Group 2; Census Tract 165.22; Dallas County; Texas","619","256","173","246","0","15","0","15","0","15","0","15","0","15","0","15","173","246","173","246","173","246","0","15","0","15","173","246","0","15","0","15","0","15","0","15","0","15","0","15","0","15","446","140","388","149","206","122","33","36","23","24","150","120","182","98","58","48","0","15","0","15","0","15","0","15","0","15","0","15","58","48","12","18","0","15","0","15","12","18","46","46",
"1500000US481130165241","Block Group 1; Census Tract 165.24; Dallas County; Texas","541","86","6","10","6","10","0","15","0","15","0","15","0","15","6","10","0","15","0","15","0","15","0","15","0","15","0","15","0","15","0","15","0","15","0","15","0","15","0","15","0","15","535","87","505","92","191","112","93","112","0","15","98","64","314","108","30","36","26","36","26","36","0","15","0","15","26","36","0","15","4","9","0","15","0","15","0","15","0","15","4","9",
"1500000US481130165242","Block Group 2; Census Tract 165.24; Dallas County; Texas","422","94","45","50","24","38","0","15","0","15","0","15","0","15","24","38","21","33","21","33","21","33","0","15","0","15","21","33","0","15","0","15","0","15","0","15","0","15","0","15","0","15","377","98","287","102","48","42","37","40","0","15","11","22","239","98","90","70","23","39","0","15","0","15","0","15","0","15","23","39","67","58","44","44","0","15","6","12","38","42","23","35",
"1500000US481130165251","Block Group 1; Census Tract 165.25; Dallas County; Texas","633","82","12","12","12","12","5","8","0","15","0","15","5","8","7","10","0","15","0","15","0","15","0","15","0","15","0","15","0","15","0","15","0","15","0","15","0","15","0","15","0","15","621","84","567","81","215","71","32","49","12","22","171","61","352","90","54","42","0","15","0","15","0","15","0","15","0","15","0","15","54","42","25","32","0","15","0","15","25","32","29","32",
"1500000US481130165261","Block Group 1; Census Tract 165.26; Dallas County; Texas","339","166","26","41","0","15","0","15","0","15","0","15","0","15","0","15","26","41","0","15","0","15","0","15","0","15","0","15","0","15","26","41","9","17","0","15","0","15","9","17","17","40","313","172","143","84","31","36","0","15","0","15","31","36","112","78","170","141","21","37","0","15","0","15","0","15","0","15","21","37","149","130","90","104","0","15","0","15","90","104","59","77",
"1500000US481130165262","Block Group 2; Census Tract 165.26; Dallas County; Texas","781","489","75","91","0","15","0","15","0","15","0","15","0","15","0","15","75","91","0","15","0","15","0","15","0","15","0","15","0","15","75","91","68","90","0","15","68","90","0","15","7","21","706","490","508","479","442","477","29","39","337","472","76","71","66","34","198","138","62","56","12","24","0","15","0","15","12","24","50","56","136","116","132","115","0","15","0","15","132","115","4","8",
"1500000US481130165271","Block Group 1; Census Tract 165.27; Dallas County; Texas","639","275","56","75","0","15","0","15","0","15","0","15","0","15","0","15","56","75","0","15","0","15","0","15","0","15","0","15","0","15","56","75","56","75","0","15","17","29","39","69","0","15","583","271","391","190","103","87","39","59","0","15","64","75","288","183","192","219","0","15","0","15","0","15","0","15","0","15","0","15","192","219","33","35","0","15","0","15","33","35","159","215",
"1500000US481130165272","Block Group 2; Census Tract 165.27; Dallas County; Texas","162","93","0","15","0","15","0","15","0","15","0","15","0","15","0","15","0","15","0","15","0","15","0","15","0","15","0","15","0","15","0","15","0","15","0","15","0","15","0","15","0","15","162","93","89","66","43","70","0","15","0","15","43","70","46","40","73","68","52","66","7","12","7","12","0","15","0","15","45","65","21","23","12","19","0","15","0","15","12","19","9","15",
"1500000US481130165273","Block Group 3; Census Tract 165.27; Dallas County; Texas","439","167","0","15","0","15","0","15","0","15","0","15","0","15","0","15","0","15","0","15","0","15","0","15","0","15","0","15","0","15","0","15","0","15","0","15","0","15","0","15","0","15","439","167","341","152","150","108","85","92","15","24","50","50","191","140","98","62","19","33","0","15","0","15","0","15","0","15","19","33","79","52","65","49","19","29","0","15","46","57","14","24",
"1500000US481130165281","Block Group 1; Census Tract 165.28; Dallas County; Texas","540","143","0","15","0","15","0","15","0","15","0","15","0","15","0","15","0","15","0","15","0","15","0","15","0","15","0","15","0","15","0","15","0","15","0","15","0","15","0","15","0","15","540","143","452","142","254","140","61","91","81","75","112","100","198","92","88","76","52","62","40","57","0","15","40","57","0","15","12","19","36","50","28","46","0","15","0","15","28","46","8","15",
"1500000US481130165282","Block Group 2; Census Tract 165.28; Dallas County; Texas","138","93","0","15","0","15","0","15","0","15","0","15","0","15","0","15","0","15","0","15","0","15","0","15","0","15","0","15","0","15","0","15","0","15","0","15","0","15","0","15","0","15","138","93","126","90","79","70","19","24","47","58","13","26","47","49","12","19","0","15","0","15","0","15","0","15","0","15","0","15","12","19","0","15","0","15","0","15","0","15","12","19",
"1500000US481130165283","Block Group 3; Census Tract 165.28; Dallas County; Texas","454","250","28","52","0","15","0","15","0","15","0","15","0","15","0","15","28","52","0","15","0","15","0","15","0","15","0","15","0","15","28","52","28","52","0","15","0","15","28","52","0","15","426","245","184","116","86","79","0","15","0","15","86","79","98","74","242","237","101","100","74","88","14","23","0","15","60","84","27","42","141","182","12","20","12","20","0","15","0","15","129","182",
"1500000US481130165291","Block Group 1; Census Tract 165.29; Dallas County; Texas","381","166","0","15","0","15","0","15","0","15","0","15","0","15","0","15","0","15","0","15","0","15","0","15","0","15","0","15","0","15","0","15","0","15","0","15","0","15","0","15","0","15","381","166","342","154","230","151","0","15","53","55","177","156","112","54","39","58","0","15","0","15","0","15","0","15","0","15","0","15","39","58","0","15","0","15","0","15","0","15","39","58",
"1500000US481130165292","Block Group 2; Census Tract 165.29; Dallas County; Texas","503","199","116","168","109","167","0","15","0","15","0","15","0","15","109","167","7","20","0","15","0","15","0","15","0","15","0","15","0","15","7","20","7","20","0","15","7","20","0","15","0","15","387","117","258","99","135","86","0","15","32","38","103","77","123","67","129","82","46","44","36","38","8","15","0","15","28","41","10","18","83","71","43","53","15","25","0","15","28","46","40","44",
"1500000US481130165301","Block Group 1; Census Tract 165.30; Dallas County; Texas","349","85","6","15","6","15","6","15","0","15","6","15","0","15","0","15","0","15","0","15","0","15","0","15","0","15","0","15","0","15","0","15","0","15","0","15","0","15","0","15","0","15","343","90","248","90","123","67","18","30","55","53","50","38","125","59","95","59","11","15","11","15","0","15","0","15","11","15","0","15","84","57","37","32","15","21","0","15","22","25","47","47",
"1500000US481130165302","Block Group 2; Census Tract 165.30; Dallas County; Texas","436","116","96","67","0","15","0","15","0","15","0","15","0","15","0","15","96","67","32","53","0","15","0","15","0","15","0","15","32","53","64","74","6","11","0","15","0","15","6","11","58","73","340","107","241","85","129","68","14","23","20","24","95","67","112","70","99","77","6","11","0","15","0","15","0","15","0","15","6","11","93","78","33","38","0","15","0","15","33","38","60","70",
"1500000US481130165311","Block Group 1; Census Tract 165.31; Dallas County; Texas","294","134","0","15","0","15","0","15","0","15","0","15","0","15","0","15","0","15","0","15","0","15","0","15","0","15","0","15","0","15","0","15","0","15","0","15","0","15","0","15","0","15","294","134","167","104","134","100","16","25","72","66","46","65","33","34","127","92","10","18","10","18","0","15","0","15","10","18","0","15","117","89","0","15","0","15","0","15","0","15","117","89",
"1500000US481130165312","Block Group 2; Census Tract 165.31; Dallas County; Texas","460","165","14","18","14","18","0","15","0","15","0","15","0","15","14","18","0","15","0","15","0","15","0","15","0","15","0","15","0","15","0","15","0","15","0","15","0","15","0","15","0","15","446","162","364","138","250","107","83","71","76","66","91","95","114","59","82","101","0","15","0","15","0","15","0","15","0","15","0","15","82","101","74","100","0","15","0","15","74","100","8","15",
"1500000US481130165321","Block Group 1; Census Tract 165.32; Dallas County; Texas","325","86","3","5","0","15","0","15","0","15","0","15","0","15","0","15","3","5","0","15","0","15","0","15","0","15","0","15","0","15","3","5","0","15","0","15","0","15","0","15","3","5","322","86","294","91","153","78","8","12","0","15","145","77","141","67","28","26","11","18","0","15","0","15","0","15","0","15","11","18","17","21","0","15","0","15","0","15","0","15","17","21",
"1500000US481130165322","Block Group 2; Census Tract 165.32; Dallas County; Texas","220","82","60","58","0","15","0","15","0","15","0","15","0","15","0","15","60","58","0","15","0","15","0","15","0","15","0","15","0","15","60","58","60","58","18","28","14","24","28","45","0","15","160","73","145","70","36","36","10","18","18","29","8","15","109","59","15","23","0","15","0","15","0","15","0","15","0","15","0","15","15","23","9","19","0","15","9","19","0","15","6","11",
"1500000US481130165331","Block Group 1; Census Tract 165.33; Dallas County; Texas","0","15","0","15","0","15","0","15","0","15","0","15","0","15","0","15","0","15","0","15","0","15","0","15","0","15","0","15","0","15","0","15","0","15","0","15","0","15","0","15","0","15","0","15","0","15","0","15","0","15","0","15","0","15","0","15","0","15","0","15","0","15","0","15","0","15","0","15","0","15","0","15","0","15","0","15","0","15","0","15","0","15",
"1500000US481130165332","Block Group 2; Census Tract 165.33; Dallas County; Texas","373","171","120","133","27","35","15","29","15","29","0","15","0","15","12","19","93","131","0","15","0","15","0","15","0","15","0","15","0","15","93","131","93","131","0","15","0","15","93","131","0","15","253","135","213","123","30","48","0","15","0","15","30","48","183","116","40","65","0","15","0","15","0","15","0","15","0","15","0","15","40","65","0","15","0","15","0","15","0","15","40","65",
"1500000US481130165333","Block Group 3; Census Tract 165.33; Dallas County; Texas","423","124","0","15","0","15","0","15","0","15","0","15","0","15","0","15","0","15","0","15","0","15","0","15","0","15","0","15","0","15","0","15","0","15","0","15","0","15","0","15","0","15","423","124","272","122","176","124","74","68","28","45","74","102","96","79","151","103","37","58","37","58","0","15","37","58","0","15","0","15","114","86","66","68","0","15","0","15","66","68","48","56",
"1500000US481130165341","Block Group 1; Census Tract 165.34; Dallas County; Texas","353","125","177","118","0","15","0","15","0","15","0","15","0","15","0","15","177","118","101","108","66","95","66","95","0","15","0","15","35","49","76","54","76","54","0","15","19","31","57","47","0","15","176","106","54","50","22","32","22","32","0","15","0","15","32","40","122","98","0","15","0","15","0","15","0","15","0","15","0","15","122","98","77","83","0","15","54","77","23","39","45","56",
"1500000US481130165342","Block Group 2; Census Tract 165.34; Dallas County; Texas","430","112","49","77","0","15","0","15","0","15","0","15","0","15","0","15","49","77","0","15","0","15","0","15","0","15","0","15","0","15","49","77","0","15","0","15","0","15","0","15","49","77","381","99","323","72","140","74","0","15","67","60","73","66","183","72","58","70","0","15","0","15","0","15","0","15","0","15","0","15","58","70","49","71","0","15","0","15","49","71","9","15",
"1500000US481130165351","Block Group 1; Census Tract 165.35; Dallas County; Texas","457","201","9","21","0","15","0","15","0","15","0","15","0","15","0","15","9","21","9","21","9","21","0","15","0","15","9","21","0","15","0","15","0","15","0","15","0","15","0","15","0","15","448","193","303","117","78","84","0","15","0","15","78","84","225","103","145","142","12","22","0","15","0","15","0","15","0","15","12","22","133","140","0","15","0","15","0","15","0","15","133","140",
"1500000US481130165352","Block Group 2; Census Tract 165.35; Dallas County; Texas","247","103","35","36","0","15","0","15","0","15","0","15","0","15","0","15","35","36","0","15","0","15","0","15","0","15","0","15","0","15","35","36","35","36","0","15","35","36","0","15","0","15","212","100","171","86","109","71","0","15","0","15","109","71","62","53","41","63","7","33","7","33","0","15","0","15","7","33","0","15","34","52","0","15","0","15","0","15","0","15","34","52",
"1500000US481130165361","Block Group 1; Census Tract 165.36; Dallas County; Texas","229","87","0","15","0","15","0","15","0","15","0","15","0","15","0","15","0","15","0","15","0","15","0","15","0","15","0","15","0","15","0","15","0","15","0","15","0","15","0","15","0","15","229","87","154","73","109","58","0","15","40","42","69","53","45","37","75","55","65","53","38","54","0","15","0","15","38","54","27","34","10","15","0","15","0","15","0","15","0","15","10","15",
"1500000US481130165362","Block Group 2; Census Tract 165.36; Dallas County; Texas","375","92","74","65","52","57","0","15","0","15","0","15","0","15","52","57","22","37","22","37","22","37","0","15","0","15","22","37","0","15","0","15","0","15","0","15","0","15","0","15","0","15","301","88","158","63","110","54","0","15","0","15","110","54","48","31","143","89","13","17","3","9","0","15","0","15","3","9","10","14","130","88","35","54","0","15","0","15","35","54","95","78",
"1500000US481130166071","Block Group 1; Census Tract 166.07; Dallas County; Texas","374","203","173","140","18","28","0","15","0","15","0","15","0","15","18","28","155","142","37","41","37","41","17","28","0","15","20","33","0","15","118","138","118","138","0","15","0","15","118","138","0","15","201","132","105","111","62","98","0","15","62","98","0","15","43","60","96","83","70","76","31","48","31","48","0","15","0","15","39","59","26","40","0","15","0","15","0","15","0","15","26","40",
"1500000US481130166072","Block Group 2; Census Tract 166.07; Dallas County; Texas","153","126","75","116","0","15","0","15","0","15","0","15","0","15","0","15","75","116","0","15","0","15","0","15","0","15","0","15","0","15","75","116","75","116","0","15","0","15","75","116","0","15","78","62","56","61","36","54","36","54","0","15","0","15","20","33","22","35","0","15","0","15","0","15","0","15","0","15","0","15","22","35","0","15","0","15","0","15","0","15","22","35",
"1500000US481130166073","Block Group 3; Census Tract 166.07; Dallas County; Texas","264","163","177","150","25","39","25","39","0","15","0","15","25","39","0","15","152","147","0","15","0","15","0","15","0","15","0","15","0","15","152","147","111","133","0","15","111","133","0","15","41","65","87","72","20","35","0","15","0","15","0","15","0","15","20","35","67","65","31","50","31","50","31","50","0","15","0","15","0","15","36","43","26","40","0","15","0","15","26","40","10","16",
"1500000US481130166101","Block Group 1; Census Tract 166.10; Dallas County; Texas","177","102","25","29","25","29","14","22","14","22","0","15","0","15","11","18","0","15","0","15","0","15","0","15","0","15","0","15","0","15","0","15","0","15","0","15","0","15","0","15","0","15","152","105","77","60","23","40","0","15","0","15","23","40","54","51","75","91","20","34","0","15","0","15","0","15","0","15","20","34","55","85","55","85","0","15","0","15","55","85","0","15",
"1500000US481130166102","Block Group 2; Census Tract 166.10; Dallas County; Texas","343","150","61","85","0","15","0","15","0","15","0","15","0","15","0","15","61","85","0","15","0","15","0","15","0","15","0","15","0","15","61","85","61","85","0","15","0","15","61","85","0","15","282","146","80","65","22","25","0","15","0","15","22","25","58","59","202","120","19","34","19","34","0","15","0","15","19","34","0","15","183","125","144","123","0","15","9","14","135","125","39","39",
"1500000US481130166103","Block Group 3; Census Tract 166.10; Dallas County; Texas","440","197","98","137","12","21","0","15","0","15","0","15","0","15","12","21","86","135","0","15","0","15","0","15","0","15","0","15","0","15","86","135","86","135","0","15","86","135","0","15","0","15","342","128","170","90","35","47","0","15","0","15","35","47","135","82","172","106","0","15","0","15","0","15","0","15","0","15","0","15","172","106","98","66","0","15","0","15","98","66","74","62",
"1500000US481130166151","Block Group 1; Census Tract 166.15; Dallas County; Texas","491","137","56","58","56","58","56","58","24","35","32","48","0","15","0","15","0","15","0","15","0","15","0","15","0","15","0","15","0","15","0","15","0","15","0","15","0","15","0","15","0","15","435","141","217","104","60","61","19","31","0","15","41","52","157","84","218","109","66","85","0","15","0","15","0","15","0","15","66","85","152","64","82","47","0","15","33","39","49","45","70","39",
"1500000US481130166152","Block Group 2; Census Tract 166.15; Dallas County; Texas","449","134","16","24","0","15","0","15","0","15","0","15","0","15","0","15","16","24","0","15","0","15","0","15","0","15","0","15","0","15","16","24","16","24","0","15","0","15","16","24","0","15","433","130","263","107","169","97","19","22","68","76","82","62","94","41","170","82","18","22","18","22","0","15","0","15","18","22","0","15","152","83","61","60","0","15","27","40","34","51","91","54",
"1500000US481130166161","Block Group 1; Census Tract 166.16; Dallas County; Texas","405","148","40","57","40","57","40","57","0","15","40","57","0","15","0","15","0","15","0","15","0","15","0","15","0","15","0","15","0","15","0","15","0","15","0","15","0","15","0","15","0","15","365","138","252","87","27","28","0","15","8","13","19","24","225","82","113","117","0","15","0","15","0","15","0","15","0","15","0","15","113","117","113","117","65","105","0","15","48","52","0","15",
"1500000US481130166162","Block Group 2; Census Tract 166.16; Dallas County; Texas","511","125","36","52","0","15","0","15","0","15","0","15","0","15","0","15","36","52","0","15","0","15","0","15","0","15","0","15","0","15","36","52","36","52","0","15","0","15","36","52","0","15","475","105","334","93","209","76","0","15","19","32","190","80","125","65","141","75","0","15","0","15","0","15","0","15","0","15","0","15","141","75","63","57","15","24","0","15","48","52","78","66",
"1500000US481130166163","Block Group 3; Census Tract 166.16; Dallas County; Texas","483","146","35","38","16","25","7","13","0","15","7","13","0","15","9","21","19","30","0","15","0","15","0","15","0","15","0","15","0","15","19","30","19","30","0","15","0","15","19","30","0","15","448","150","270","108","98","70","15","26","59","59","24","34","172","80","178","127","0","15","0","15","0","15","0","15","0","15","0","15","178","127","59","74","0","15","40","63","19","28","119","86",
"1500000US481130166171","Block Group 1; Census Tract 166.17; Dallas County; Texas","646","135","49","44","8","13","0","15","0","15","0","15","0","15","8","13","41","43","0","15","0","15","0","15","0","15","0","15","0","15","41","43","31","41","0","15","31","41","0","15","10","16","597","135","520","134","169","102","42","45","10","16","117","104","351","123","77","53","13","19","0","15","0","15","0","15","0","15","13","19","64","50","24","38","0","15","0","15","24","38","40","33",
"1500000US481130166172","Block Group 2; Census Tract 166.17; Dallas County; Texas","830","200","71","72","10","16","10","16","0","15","0","15","10","16","0","15","61","70","23","36","0","15","0","15","0","15","0","15","23","36","38","56","0","15","0","15","0","15","0","15","38","56","759","199","632","206","135","74","118","65","0","15","17","23","497","202","127","72","33","42","5","9","0","15","0","15","5","9","28","41","94","66","34","27","0","15","0","15","34","27","60","65",
"1500000US481130166181","Block Group 1; Census Tract 166.18; Dallas County; Texas","262","133","0","15","0","15","0","15","0","15","0","15","0","15","0","15","0","15","0","15","0","15","0","15","0","15","0","15","0","15","0","15","0","15","0","15","0","15","0","15","0","15","262","133","141","104","72","92","65","92","7","14","0","15","69","49","121","87","28","49","28","49","0","15","0","15","28","49","0","15","93","77","53","67","0","15","0","15","53","67","40","46",
"1500000US481130166182","Block Group 2; Census Tract 166.18; Dallas County; Texas","454","130","26","32","18","28","0","15","0","15","0","15","0","15","18","28","8","14","0","15","0","15","0","15","0","15","0","15","0","15","8","14","0","15","0","15","0","15","0","15","8","14","428","127","319","120","226","104","22","38","27","39","177","97","93","63","109","73","19","31","0","15","0","15","0","15","0","15","19","31","90","62","81","62","0","15","0","15","81","62","9","12",
"1500000US481130166183","Block Group 3; Census Tract 166.18; Dallas County; Texas","504","118","8","21","0","15","0","15","0","15","0","15","0","15","0","15","8","21","8","21","0","15","0","15","0","15","0","15","8","21","0","15","0","15","0","15","0","15","0","15","0","15","496","119","244","96","91","70","17","29","0","15","74","64","153","60","252","119","54","65","44","56","0","15","0","15","44","56","10","19","198","107","154","94","0","15","0","15","154","94","44","46",
"1500000US481130166191","Block Group 1; Census Tract 166.19; Dallas County; Texas","425","131","0","15","0","15","0","15","0","15","0","15","0","15","0","15","0","15","0","15","0","15","0","15","0","15","0","15","0","15","0","15","0","15","0","15","0","15","0","15","0","15","425","131","290","103","171","83","0","15","47","38","124","81","119","79","135","73","87","79","70","72","33","52","0","15","37","49","17","29","48","57","0","15","0","15","0","15","0","15","48","57",
"1500000US481130166192","Block Group 2; Census Tract 166.19; Dallas County; Texas","255","139","40","55","0","15","0","15","0","15","0","15","0","15","0","15","40","55","0","15","0","15","0","15","0","15","0","15","0","15","40","55","40","55","0","15","0","15","40","55","0","15","215","137","150","95","42","30","0","15","19","27","23","24","108","88","65","86","53","87","53","87","0","15","0","15","53","87","0","15","12","20","5","14","0","15","0","15","5","14","7","13",
"1500000US481130166201","Block Group 1; Census Tract 166.20; Dallas County; Texas","669","208","10","20","0","15","0","15","0","15","0","15","0","15","0","15","10","20","0","15","0","15","0","15","0","15","0","15","0","15","10","20","10","20","0","15","0","15","10","20","0","15","659","208","346","161","197","151","0","15","0","15","197","151","149","107","313","157","0","15","0","15","0","15","0","15","0","15","0","15","313","157","259","148","0","15","228","142","31","47","54","80",
"1500000US481130166202","Block Group 2; Census Tract 166.20; Dallas County; Texas","492","167","10","17","10","17","0","15","0","15","0","15","0","15","10","17","0","15","0","15","0","15","0","15","0","15","0","15","0","15","0","15","0","15","0","15","0","15","0","15","0","15","482","166","260","128","58","63","0","15","0","15","58","63","202","122","222","147","54","86","0","15","0","15","0","15","0","15","54","86","168","118","94","112","0","15","0","15","94","112","74","58",
"1500000US481130166203","Block Group 3; Census Tract 166.20; Dallas County; Texas","295","168","18","43","18","43","0","15","0","15","0","15","0","15","18","43","0","15","0","15","0","15","0","15","0","15","0","15","0","15","0","15","0","15","0","15","0","15","0","15","0","15","277","158","108","87","11","20","0","15","0","15","11","20","97","84","169","135","91","120","0","15","0","15","0","15","0","15","91","120","78","75","22","46","22","46","0","15","0","15","56","55",
"1500000US481130166211","Block Group 1; Census Tract 166.21; Dallas County; Texas","448","218","30","49","30","49","30","49","0","15","30","49","0","15","0","15","0","15","0","15","0","15","0","15","0","15","0","15","0","15","0","15","0","15","0","15","0","15","0","15","0","15","418","221","206","111","72","61","0","15","33","37","39","51","134","98","212","193","0","15","0","15","0","15","0","15","0","15","0","15","212","193","132","173","28","46","0","15","104","169","80","120",
"1500000US481130166212","Block Group 2; Census Tract 166.21; Dallas County; Texas","458","213","0","15","0","15","0","15","0","15","0","15","0","15","0","15","0","15","0","15","0","15","0","15","0","15","0","15","0","15","0","15","0","15","0","15","0","15","0","15","0","15","458","213","265","165","222","159","0","15","16","29","206","163","43","44","193","169","78","110","78","110","0","15","78","110","0","15","0","15","115","131","115","131","0","15","0","15","115","131","0","15",
"1500000US481130166213","Block Group 3; Census Tract 166.21; Dallas County; Texas","349","211","10","19","10","19","0","15","0","15","0","15","0","15","10","19","0","15","0","15","0","15","0","15","0","15","0","15","0","15","0","15","0","15","0","15","0","15","0","15","0","15","339","209","339","209","159","118","53","88","0","15","106","90","180","198","0","15","0","15","0","15","0","15","0","15","0","15","0","15","0","15","0","15","0","15","0","15","0","15","0","15",
"1500000US481130166214","Block Group 4; Census Tract 166.21; Dallas County; Texas","600","190","53","56","29","36","0","15","0","15","0","15","0","15","29","36","24","42","0","15","0","15","0","15","0","15","0","15","0","15","24","42","0","15","0","15","0","15","0","15","24","42","547","188","453","180","219","144","0","15","29","36","190","137","234","121","94","111","0","15","0","15","0","15","0","15","0","15","0","15","94","111","0","15","0","15","0","15","0","15","94","111",
"1500000US481130166221","Block Group 1; Census Tract 166.22; Dallas County; Texas","452","269","43","52","12","19","0","15","0","15","0","15","0","15","12","19","31","49","0","15","0","15","0","15","0","15","0","15","0","15","31","49","31","49","0","15","0","15","31","49","0","15","409","270","241","197","55","82","55","82","0","15","0","15","186","179","168","198","26","42","26","42","0","15","0","15","26","42","0","15","142","193","142","193","0","15","0","15","142","193","0","15",
"1500000US481130166222","Block Group 2; Census Tract 166.22; Dallas County; Texas","378","158","35","41","14","22","0","15","0","15","0","15","0","15","14","22","21","33","21","33","0","15","0","15","0","15","0","15","21","33","0","15","0","15","0","15","0","15","0","15","0","15","343","152","226","118","37","45","0","15","25","38","12","22","189","112","117","86","0","15","0","15","0","15","0","15","0","15","0","15","117","86","22","36","0","15","0","15","22","36","95","78",
"1500000US481130166223","Block Group 3; Census Tract 166.22; Dallas County; Texas","266","128","14","26","0","15","0","15","0","15","0","15","0","15","0","15","14","26","0","15","0","15","0","15","0","15","0","15","0","15","14","26","14","26","0","15","14","26","0","15","0","15","252","129","154","109","68","79","0","15","68","79","0","15","86","73","98","83","8","14","0","15","0","15","0","15","0","15","8","14","90","83","53","76","0","15","0","15","53","76","37","43",
"1500000US481130166231","Block Group 1; Census Tract 166.23; Dallas County; Texas","1377","437","110","109","110","109","110","109","0","21","28","44","82","104","0","21","0","21","0","21","0","21","0","21","0","21","0","21","0","21","0","21","0","21","0","21","0","21","0","21","0","21","1267","439","1046","436","521","299","188","230","14","35","319","199","525","265","221","152","47","41","0","21","0","21","0","21","0","21","47","41","174","145","118","144","0","21","0","21","118","144","56","56",
"1500000US481130166232","Block Group 2; Census Tract 166.23; Dallas County; Texas","328","177","50","85","0","15","0","15","0","15","0","15","0","15","0","15","50","85","0","15","0","15","0","15","0","15","0","15","0","15","50","85","50","85","50","85","0","15","0","15","0","15","278","152","179","148","45","67","0","15","0","15","45","67","134","130","99","89","45","55","0","15","0","15","0","15","0","15","45","55","54","69","0","15","0","15","0","15","0","15","54","69",
"1500000US481130166233","Block Group 3; Census Tract 166.23; Dallas County; Texas","946","338","238","229","105","118","105","118","0","15","0","15","105","118","0","15","133","204","0","15","0","15","0","15","0","15","0","15","0","15","133","204","133","204","0","15","0","15","133","204","0","15","708","307","479","253","91","79","19","32","0","15","72","77","388","216","229","162","82","94","32","55","0","15","0","15","32","55","50","75","147","133","128","147","0","15","0","15","128","147","19","34",
"1500000US481130166241","Block Group 1; Census Tract 166.24; Dallas County; Texas","491","137","55","73","2","9","2","9","0","15","0","15","2","9","0","15","53","73","0","15","0","15","0","15","0","15","0","15","0","15","53","73","53","73","0","15","0","15","53","73","0","15","436","127","328","98","161","107","11","16","38","47","112","98","167","100","108","80","6","11","6","11","0","15","0","15","6","11","0","15","102","81","29","39","0","15","0","15","29","39","73","69",
"1500000US481130166242","Block Group 2; Census Tract 166.24; Dallas County; Texas","447","188","15","24","15","24","15","24","0","15","15","24","0","15","0","15","0","15","0","15","0","15","0","15","0","15","0","15","0","15","0","15","0","15","0","15","0","15","0","15","0","15","432","185","379","196","236","172","46","72","0","15","190","154","143","91","53","43","32","32","32","32","0","15","0","15","32","32","0","15","21","25","13","21","0","15","13","21","0","15","8","13",
"1500000US481130166261","Block Group 1; Census Tract 166.26; Dallas County; Texas","387","166","8","13","8","13","8","13","0","15","8","13","0","15","0","15","0","15","0","15","0","15","0","15","0","15","0","15","0","15","0","15","0","15","0","15","0","15","0","15","0","15","379","166","265","141","67","35","10","16","57","31","0","15","198","133","114","94","3","8","0","15","0","15","0","15","0","15","3","8","111","93","65","92","0","15","0","15","65","92","46","46",
"1500000US481130166262","Block Group 2; Census Tract 166.26; Dallas County; Texas","289","104","36","35","16","26","16","26","0","15","0","15","16","26","0","15","20","23","9","14","9","14","0","15","0","15","9","14","0","15","11","17","11","17","0","15","0","15","11","17","0","15","253","104","198","93","43","56","29","47","0","15","14","28","155","76","55","45","26","34","6","11","0","15","0","15","6","11","20","32","29","29","12","20","0","15","0","15","12","20","17","21",
"1500000US481130166263","Block Group 3; Census Tract 166.26; Dallas County; Texas","172","71","14","20","14","20","9","17","9","17","0","15","0","15","5","9","0","15","0","15","0","15","0","15","0","15","0","15","0","15","0","15","0","15","0","15","0","15","0","15","0","15","158","69","29","36","0","15","0","15","0","15","0","15","29","36","129","65","28","45","24","43","0","15","0","15","24","43","4","10","101","56","72","61","0","15","0","15","72","61","29","30",
"1500000US481130166271","Block Group 1; Census Tract 166.27; Dallas County; Texas","36","23","0","15","0","15","0","15","0","15","0","15","0","15","0","15","0","15","0","15","0","15","0","15","0","15","0","15","0","15","0","15","0","15","0","15","0","15","0","15","0","15","36","23","16","19","9","13","0","15","0","15","9","13","7","11","20","21","0","15","0","15","0","15","0","15","0","15","0","15","20","21","20","21","0","15","0","15","20","21","0","15",
"1500000US481130166272","Block Group 2; Census Tract 166.27; Dallas County; Texas","434","229","5","6","0","15","0","15","0","15","0","15","0","15","0","15","5","6","0","15","0","15","0","15","0","15","0","15","0","15","5","6","0","15","0","15","0","15","0","15","5","6","429","229","241","144","67","44","26","29","9","13","32","33","174","139","188","185","34","31","19","23","0","15","0","15","19","23","15","21","154","183","126","181","0","15","0","15","126","181","28","33",
"1500000US481130166281","Block Group 1; Census Tract 166.28; Dallas County; Texas","785","294","18","28","18","28","18","28","0","15","0","15","18","28","0","15","0","15","0","15","0","15","0","15","0","15","0","15","0","15","0","15","0","15","0","15","0","15","0","15","0","15","767","295","405","180","123","95","27","43","55","84","41","51","282","162","362","240","14","23","14","23","0","15","14","23","0","15","0","15","348","239","302","232","0","15","0","15","302","232","46","57",
"1500000US481130166282","Block Group 2; Census Tract 166.28; Dallas County; Texas","417","153","0","15","0","15","0","15","0","15","0","15","0","15","0","15","0","15","0","15","0","15","0","15","0","15","0","15","0","15","0","15","0","15","0","15","0","15","0","15","0","15","417","153","214","94","60","59","0","15","0","15","60","59","154","72","203","117","134","124","86","101","0","15","0","15","86","101","48","77","69","59","33","46","0","15","0","15","33","46","36","39",
"1500000US481130166291","Block Group 1; Census Tract 166.29; Dallas County; Texas","178","77","0","15","0","15","0","15","0","15","0","15","0","15","0","15","0","15","0","15","0","15","0","15","0","15","0","15","0","15","0","15","0","15","0","15","0","15","0","15","0","15","178","77","140","74","62","39","0","15","48","33","14","25","78","60","38","60","0","15","0","15","0","15","0","15","0","15","0","15","38","60","0","15","0","15","0","15","0","15","38","60",
"1500000US481130166292","Block Group 2; Census Tract 166.29; Dallas County; Texas","437","94","0","15","0","15","0","15","0","15","0","15","0","15","0","15","0","15","0","15","0","15","0","15","0","15","0","15","0","15","0","15","0","15","0","15","0","15","0","15","0","15","437","94","363","79","155","78","14","22","0","15","141","67","208","83","74","58","56","55","42","54","0","15","0","15","42","54","14","23","18","26","0","15","0","15","0","15","0","15","18","26",
"1500000US481130166301","Block Group 1; Census Tract 166.30; Dallas County; Texas","261","153","26","41","0","15","0","15","0","15","0","15","0","15","0","15","26","41","0","15","0","15","0","15","0","15","0","15","0","15","26","41","26","41","0","15","0","15","26","41","0","15","235","146","207","136","156","118","0","15","60","92","96","70","51","76","28","46","28","46","28","46","0","15","0","15","28","46","0","15","0","15","0","15","0","15","0","15","0","15","0","15",
"1500000US481130166302","Block Group 2; Census Tract 166.30; Dallas County; Texas","486","225","12","22","12","22","12","22","0","15","0","15","12","22","0","15","0","15","0","15","0","15","0","15","0","15","0","15","0","15","0","15","0","15","0","15","0","15","0","15","0","15","474","225","459","225","236","209","19","35","117","190","100","80","223","122","15","22","0","15","0","15","0","15","0","15","0","15","0","15","15","22","0","15","0","15","0","15","0","15","15","22",
"1500000US481130166303","Block Group 3; Census Tract 166.30; Dallas County; Texas","398","167","61","87","0","15","0","15","0","15","0","15","0","15","0","15","61","87","0","15","0","15","0","15","0","15","0","15","0","15","61","87","61","87","0","15","0","15","61","87","0","15","337","172","23","39","23","39","0","15","0","15","23","39","0","15","314","174","0","15","0","15","0","15","0","15","0","15","0","15","314","174","228","194","66","103","0","15","162","175","86","141",
"1500000US481130166304","Block Group 4; Census Tract 166.30; Dallas County; Texas","387","114","29","36","14","26","14","26","0","15","0","15","14","26","0","15","15","24","0","15","0","15","0","15","0","15","0","15","0","15","15","24","15","24","0","15","0","15","15","24","0","15","358","113","245","98","98","70","29","48","22","33","47","43","147","72","113","100","16","26","16","26","0","15","0","15","16","26","0","15","97","96","21","33","0","15","0","15","21","33","76","92",
"1500000US481130166311","Block Group 1; Census Tract 166.31; Dallas County; Texas","831","296","28","33","9","16","0","15","0","15","0","15","0","15","9","16","19","29","19","29","19","29","0","15","0","15","19","29","0","15","0","15","0","15","0","15","0","15","0","15","0","15","803","302","734","305","220","123","0","15","55","69","165","106","514","302","69","64","0","15","0","15","0","15","0","15","0","15","0","15","69","64","34","55","0","15","0","15","34","55","35","33",
"1500000US481130166312","Block Group 2; Census Tract 166.31; Dallas County; Texas","684","191","0","15","0","15","0","15","0","15","0","15","0","15","0","15","0","15","0","15","0","15","0","15","0","15","0","15","0","15","0","15","0","15","0","15","0","15","0","15","0","15","684","191","566","193","238","123","13","20","29","44","196","116","328","194","118","91","27","43","27","43","0","15","27","43","0","15","0","15","91","80","0","15","0","15","0","15","0","15","91","80",
"1500000US481130166321","Block Group 1; Census Tract 166.32; Dallas County; Texas","454","257","18","30","0","15","0","15","0","15","0","15","0","15","0","15","18","30","0","15","0","15","0","15","0","15","0","15","0","15","18","30","18","30","0","15","0","15","18","30","0","15","436","257","188","113","38","37","0","15","0","15","38","37","150","105","248","225","17","25","17","25","0","15","0","15","17","25","0","15","231","228","17","29","17","29","0","15","0","15","214","226",
"1500000US481130166322","Block Group 2; Census Tract 166.32; Dallas County; Texas","487","134","51","65","51","65","0","15","0","15","0","15","0","15","51","65","0","15","0","15","0","15","0","15","0","15","0","15","0","15","0","15","0","15","0","15","0","15","0","15","0","15","436","141","205","94","115","58","0","15","74","38","41","51","90","68","231","123","47","58","0","15","0","15","0","15","0","15","47","58","184","113","94","95","0","15","0","15","94","95","90","68",
"1500000US481130166331","Block Group 1; Census Tract 166.33; Dallas County; Texas","729","260","30","52","30","52","30","52","0","15","0","15","30","52","0","15","0","15","0","15","0","15","0","15","0","15","0","15","0","15","0","15","0","15","0","15","0","15","0","15","0","15","699","254","598","259","357","217","81","92","0","15","276","209","241","115","101","72","19","33","0","15","0","15","0","15","0","15","19","33","82","66","35","46","0","15","4","10","31","45","47","52",
"1500000US481130166332","Block Group 2; Census Tract 166.33; Dallas County; Texas","524","156","0","15","0","15","0","15","0","15","0","15","0","15","0","15","0","15","0","15","0","15","0","15","0","15","0","15","0","15","0","15","0","15","0","15","0","15","0","15","0","15","524","156","247","125","66","56","18","31","0","15","48","49","181","111","277","123","55","54","23","37","0","15","0","15","23","37","32","35","222","114","126","96","6","14","0","15","120","96","96","83",
"1500000US481130166333","Block Group 3; Census Tract 166.33; Dallas County; Texas","614","295","0","15","0","15","0","15","0","15","0","15","0","15","0","15","0","15","0","15","0","15","0","15","0","15","0","15","0","15","0","15","0","15","0","15","0","15","0","15","0","15","614","295","384","143","141","109","0","15","22","43","119","93","243","123","230","275","53","63","30","49","0","15","0","15","30","49","23","38","177","269","5","9","0","15","0","15","5","9","172","269",
"1500000US481130166341","Block Group 1; Census Tract 166.34; Dallas County; Texas","594","347","27","46","27","46","0","15","0","15","0","15","0","15","27","46","0","15","0","15","0","15","0","15","0","15","0","15","0","15","0","15","0","15","0","15","0","15","0","15","0","15","567","348","474","336","448","334","38","54","0","15","410","327","26","30","93","103","41","54","41","54","0","15","0","15","41","54","0","15","52","88","52","88","0","15","0","15","52","88","0","15",
"1500000US481130166342","Block Group 2; Census Tract 166.34; Dallas County; Texas","279","110","51","64","26","42","26","42","0","15","0","15","26","42","0","15","25","44","0","15","0","15","0","15","0","15","0","15","0","15","25","44","25","44","0","15","25","44","0","15","0","15","228","115","166","112","71","88","23","31","0","15","48","85","95","85","62","49","12","21","0","15","0","15","0","15","0","15","12","21","50","44","0","15","0","15","0","15","0","15","50","44",
"1500000US481130166351","Block Group 1; Census Tract 166.35; Dallas County; Texas","144","104","63","65","0","15","0","15","0","15","0","15","0","15","0","15","63","65","26","30","0","15","0","15","0","15","0","15","26","30","37","59","0","15","0","15","0","15","0","15","37","59","81","89","54","86","0","15","0","15","0","15","0","15","54","86","27","32","0","15","0","15","0","15","0","15","0","15","0","15","27","32","0","15","0","15","0","15","0","15","27","32",
"1500000US481130166352","Block Group 2; Census Tract 166.35; Dallas County; Texas","490","226","306","199","34","56","0","15","0","15","0","15","0","15","34","56","272","191","24","37","24","37","0","15","0","15","24","37","0","15","248","192","248","192","37","59","85","123","126","140","0","15","184","165","91","143","91","143","0","15","91","143","0","15","0","15","93","76","31","54","31","54","31","54","0","15","0","15","0","15","62","54","62","54","0","15","38","57","24","39","0","15",
"1500000US481130166353","Block Group 3; Census Tract 166.35; Dallas County; Texas","222","191","127","178","0","15","0","15","0","15","0","15","0","15","0","15","127","178","127","178","0","15","0","15","0","15","0","15","127","178","0","15","0","15","0","15","0","15","0","15","0","15","95","77","16","25","16","25","0","15","16","25","0","15","0","15","79","75","0","15","0","15","0","15","0","15","0","15","0","15","79","75","42","63","42","63","0","15","0","15","37","43",
"1500000US481130166361","Block Group 1; Census Tract 166.36; Dallas County; Texas","344","88","19","31","0","15","0","15","0","15","0","15","0","15","0","15","19","31","0","15","0","15","0","15","0","15","0","15","0","15","19","31","19","31","0","15","0","15","19","31","0","15","325","87","233","90","69","55","0","15","6","25","63","55","164","67","92","70","28","37","0","15","0","15","0","15","0","15","28","37","64","64","64","64","0","15","0","15","64","64","0","15",
"1500000US481130166362","Block Group 2; Census Tract 166.36; Dallas County; Texas","383","241","0","15","0","15","0","15","0","15","0","15","0","15","0","15","0","15","0","15","0","15","0","15","0","15","0","15","0","15","0","15","0","15","0","15","0","15","0","15","0","15","383","241","252","226","12","20","0","15","0","15","12","20","240","225","131","88","16","23","16","23","0","15","0","15","16","23","0","15","115","87","69","74","0","15","6","10","63","75","46","46",
"1500000US481130166371","Block Group 1; Census Tract 166.37; Dallas County; Texas","746","183","99","71","20","23","20","23","0","15","0","15","20","23","0","15","79","65","0","15","0","15","0","15","0","15","0","15","0","15","79","65","54","55","0","15","0","15","54","55","25","34","647","193","393","175","210","100","20","34","44","52","146","86","183","140","254","134","45","45","32","42","0","15","0","15","32","42","13","20","209","121","128","110","0","15","51","83","77","78","81","60",
"1500000US481130166381","Block Group 1; Census Tract 166.38; Dallas County; Texas","428","133","29","42","0","15","0","15","0","15","0","15","0","15","0","15","29","42","0","15","0","15","0","15","0","15","0","15","0","15","29","42","29","42","29","42","0","15","0","15","0","15","399","129","128","77","45","66","9","50","0","15","36","42","83","60","271","103","48","30","0","15","0","15","0","15","0","15","48","30","223","100","75","64","32","47","0","15","43","51","148","123",
"1500000US481130167041","Block Group 1; Census Tract 167.04; Dallas County; Texas","774","239","93","86","10","16","0","15","0","15","0","15","0","15","10","16","83","85","48","75","48","75","0","15","48","75","0","15","0","15","35","42","35","42","0","15","0","15","35","42","0","15","681","243","617","223","441","223","28","34","97","85","316","208","176","87","64","66","0","15","0","15","0","15","0","15","0","15","0","15","64","66","39","61","0","15","0","15","39","61","25","27",
"1500000US481130167042","Block Group 2; Census Tract 167.04; Dallas County; Texas","205","88","9","16","0","15","0","15","0","15","0","15","0","15","0","15","9","16","0","15","0","15","0","15","0","15","0","15","0","15","9","16","0","15","0","15","0","15","0","15","9","16","196","85","95","53","0","15","0","15","0","15","0","15","95","53","101","69","53","62","0","15","0","15","0","15","0","15","53","62","48","32","15","26","0","15","0","15","15","26","33","29",
"1500000US481130167061","Block Group 1; Census Tract 167.06; Dallas County; Texas","154","70","70","49","21","34","21","34","0","15","21","34","0","15","0","15","49","42","0","15","0","15","0","15","0","15","0","15","0","15","49","42","49","42","27","32","22","30","0","15","0","15","84","52","57","44","0","15","0","15","0","15","0","15","57","44","27","30","0","15","0","15","0","15","0","15","0","15","0","15","27","30","7","13","0","15","0","15","7","13","20","25",
"1500000US481130167062","Block Group 2; Census Tract 167.06; Dallas County; Texas","331","216","158","188","0","15","0","15","0","15","0","15","0","15","0","15","158","188","0","15","0","15","0","15","0","15","0","15","0","15","158","188","158","188","100","186","33","36","25","38","0","15","173","84","46","50","24","42","0","15","24","42","0","15","22","22","127","74","8","10","0","15","0","15","0","15","0","15","8","10","119","73","8","14","8","14","0","15","0","15","111","74",
"1500000US481130167071","Block Group 1; Census Tract 167.07; Dallas County; Texas","248","119","0","15","0","15","0","15","0","15","0","15","0","15","0","15","0","15","0","15","0","15","0","15","0","15","0","15","0","15","0","15","0","15","0","15","0","15","0","15","0","15","248","119","157","98","30","45","0","15","23","37","7","22","127","83","91","115","0","15","0","15","0","15","0","15","0","15","0","15","91","115","91","115","0","15","0","15","91","115","0","15",
"1500000US481130167072","Block Group 2; Census Tract 167.07; Dallas County; Texas","383","147","22","41","0","15","0","15","0","15","0","15","0","15","0","15","22","41","0","15","0","15","0","15","0","15","0","15","0","15","22","41","22","41","0","15","0","15","22","41","0","15","361","145","277","148","148","124","0","15","57","78","91","100","129","64","84","58","37","40","37","40","0","15","0","15","37","40","0","15","47","47","31","39","0","15","20","31","11","21","16","26",
"1500000US481130167073","Block Group 3; Census Tract 167.07; Dallas County; Texas","288","128","29","33","0","15","0","15","0","15","0","15","0","15","0","15","29","33","0","15","0","15","0","15","0","15","0","15","0","15","29","33","29","33","0","15","15","24","14","22","0","15","259","128","158","74","64","76","43","69","0","15","21","35","94","71","101","107","0","15","0","15","0","15","0","15","0","15","0","15","101","107","101","107","0","15","50","77","51","77","0","15",
"1500000US481130167081","Block Group 1; Census Tract 167.08; Dallas County; Texas","631","220","0","15","0","15","0","15","0","15","0","15","0","15","0","15","0","15","0","15","0","15","0","15","0","15","0","15","0","15","0","15","0","15","0","15","0","15","0","15","0","15","631","220","517","224","274","190","41","64","0","15","233","190","243","112","114","122","0","15","0","15","0","15","0","15","0","15","0","15","114","122","0","15","0","15","0","15","0","15","114","122",
"1500000US481130167082","Block Group 2; Census Tract 167.08; Dallas County; Texas","558","254","0","15","0","15","0","15","0","15","0","15","0","15","0","15","0","15","0","15","0","15","0","15","0","15","0","15","0","15","0","15","0","15","0","15","0","15","0","15","0","15","558","254","437","223","281","164","0","15","155","139","126","123","156","190","121","148","14","23","0","15","0","15","0","15","0","15","14","23","107","148","92","142","0","15","0","15","92","142","15","36",
"1500000US481130167083","Block Group 3; Census Tract 167.08; Dallas County; Texas","512","308","0","15","0","15","0","15","0","15","0","15","0","15","0","15","0","15","0","15","0","15","0","15","0","15","0","15","0","15","0","15","0","15","0","15","0","15","0","15","0","15","512","308","356","272","245","238","163","233","0","15","82","95","111","174","156","129","20","45","0","15","0","15","0","15","0","15","20","45","136","113","136","113","0","15","0","15","136","113","0","15",
"1500000US481130167091","Block Group 1; Census Tract 167.09; Dallas County; Texas","393","122","38","57","0","15","0","15","0","15","0","15","0","15","0","15","38","57","38","57","0","15","0","15","0","15","0","15","38","57","0","15","0","15","0","15","0","15","0","15","0","15","355","123","195","108","127","70","0","15","25","40","102","78","68","73","160","101","84","76","28","41","0","15","28","41","0","15","56","57","76","82","51","73","0","15","45","67","6","19","25","34",
"1500000US481130167092","Block Group 2; Census Tract 167.09; Dallas County; Texas","393","122","43","63","0","15","0","15","0","15","0","15","0","15","0","15","43","63","0","15","0","15","0","15","0","15","0","15","0","15","43","63","43","63","0","15","16","25","27","63","0","15","350","147","45","43","31","34","0","15","0","15","31","34","14","24","305","155","94","86","94","86","0","15","0","15","94","86","0","15","211","128","159","105","54","67","0","15","105","86","52","79",
"1500000US481130167101","Block Group 1; Census Tract 167.10; Dallas County; Texas","572","184","113","156","101","156","101","156","0","15","0","15","101","156","0","15","12","18","0","15","0","15","0","15","0","15","0","15","0","15","12","18","12","18","0","15","0","15","12","18","0","15","459","137","314","134","222","124","0","15","123","135","99","86","92","77","145","87","16","25","0","15","0","15","0","15","0","15","16","25","129","84","62","63","0","15","15","24","47","58","67","58",
"1500000US481130167102","Block Group 2; Census Tract 167.10; Dallas County; Texas","806","209","206","127","49","61","39","59","0","15","0","15","39","59","10","16","157","117","0","15","0","15","0","15","0","15","0","15","0","15","157","117","81","79","35","56","11","18","35","54","76","91","600","197","198","100","40","41","14","21","0","15","26","34","158","92","402","190","49","63","11","16","0","15","11","16","0","15","38","60","353","188","161","155","0","15","0","15","161","155","192","115",
"1500000US481130167111","Block Group 1; Census Tract 167.11; Dallas County; Texas","699","123","89","87","0","15","0","15","0","15","0","15","0","15","0","15","89","87","0","15","0","15","0","15","0","15","0","15","0","15","89","87","59","61","21","37","2","12","36","43","30","45","610","163","287","118","164","69","23","31","40","46","101","74","123","89","323","163","180","126","19","30","0","15","0","15","19","30","161","110","143","88","65","73","0","15","0","15","65","73","78","55",
"1500000US481130168021","Block Group 1; Census Tract 168.02; Dallas County; Texas","420","187","188","153","64","64","39","60","0","15","0","15","39","60","25","29","124","141","40","62","40","62","0","15","0","15","40","62","0","15","84","133","84","133","0","15","84","133","0","15","0","15","232","103","126","67","19","26","0","15","19","26","0","15","107","72","106","69","41","54","41","54","0","15","0","15","41","54","0","15","65","68","36","58","0","15","0","15","36","58","29","34",
"1500000US481130168022","Block Group 2; Census Tract 168.02; Dallas County; Texas","582","234","0","15","0","15","0","15","0","15","0","15","0","15","0","15","0","15","0","15","0","15","0","15","0","15","0","15","0","15","0","15","0","15","0","15","0","15","0","15","0","15","582","234","353","188","138","118","23","37","0","15","115","113","215","147","229","193","67","68","46","56","0","15","18","32","28","46","21","37","162","211","146","209","0","15","0","15","146","209","16","27",
"1500000US481130168023","Block Group 3; Census Tract 168.02; Dallas County; Texas","542","153","15","24","0","15","0","15","0","15","0","15","0","15","0","15","15","24","0","15","0","15","0","15","0","15","0","15","0","15","15","24","0","15","0","15","0","15","0","15","15","24","527","154","372","161","173","130","60","96","0","15","113","89","199","95","155","112","58","78","0","15","0","15","0","15","0","15","58","78","97","88","83","86","66","82","0","15","17","31","14","22",
"1500000US481130168031","Block Group 1; Census Tract 168.03; Dallas County; Texas","792","350","157","127","19","32","19","32","0","15","0","15","19","32","0","15","138","135","43","69","0","15","0","15","0","15","0","15","43","69","95","119","72","113","0","15","0","15","72","113","23","41","635","339","377","239","132","163","0","15","132","163","0","15","245","196","258","249","0","15","0","15","0","15","0","15","0","15","0","15","258","249","125","183","0","15","0","15","125","183","133","154",
"1500000US481130168032","Block Group 2; Census Tract 168.03; Dallas County; Texas","310","221","4","21","0","15","0","15","0","15","0","15","0","15","0","15","4","21","4","21","4","21","0","15","4","21","0","15","0","15","0","15","0","15","0","15","0","15","0","15","0","15","306","216","281","216","173","234","19","32","0","15","154","232","108","92","25","40","25","40","0","15","0","15","0","15","0","15","25","40","0","15","0","15","0","15","0","15","0","15","0","15",
"1500000US481130168033","Block Group 3; Census Tract 168.03; Dallas County; Texas","321","137","0","15","0","15","0","15","0","15","0","15","0","15","0","15","0","15","0","15","0","15","0","15","0","15","0","15","0","15","0","15","0","15","0","15","0","15","0","15","0","15","321","137","242","99","135","88","0","15","0","15","135","88","107","79","79","99","79","99","17","30","17","30","0","15","0","15","62","92","0","15","0","15","0","15","0","15","0","15","0","15",
"1500000US481130168051","Block Group 1; Census Tract 168.05; Dallas County; Texas","842","500","93","115","0","15","0","15","0","15","0","15","0","15","0","15","93","115","0","15","0","15","0","15","0","15","0","15","0","15","93","115","93","115","0","15","0","15","93","115","0","15","749","493","515","442","414","441","344","445","36","55","34","43","101","68","234","215","30","38","20","34","0","15","0","15","20","34","10","16","204","212","183","212","0","15","3","21","180","209","21","23",
"1500000US481130168052","Block Group 2; Census Tract 168.05; Dallas County; Texas","410","408","16","20","0","15","0","15","0","15","0","15","0","15","0","15","16","20","0","15","0","15","0","15","0","15","0","15","0","15","16","20","16","20","0","15","7","12","9","17","0","15","394","413","137","89","30","36","0","15","7","14","23","34","107","87","257","426","0","15","0","15","0","15","0","15","0","15","0","15","257","426","252","427","0","15","0","15","252","427","5","9",
"1500000US481130168061","Block Group 1; Census Tract 168.06; Dallas County; Texas","593","176","114","99","58","76","58","76","0","15","14","26","44","70","0","15","56","68","28","48","0","15","0","15","0","15","0","15","28","48","28","46","28","46","0","15","28","46","0","15","0","15","479","175","320","149","131","121","96","117","21","27","14","23","189","104","159","111","0","15","0","15","0","15","0","15","0","15","0","15","159","111","127","105","0","15","0","15","127","105","32","50",
"1500000US481130168062","Block Group 2; Census Tract 168.06; Dallas County; Texas","741","230","50","59","31","47","0","15","0","15","0","15","0","15","31","47","19","35","0","15","0","15","0","15","0","15","0","15","0","15","19","35","19","35","0","15","0","15","19","35","0","15","691","232","465","199","299","182","0","15","124","114","175","150","166","98","226","143","42","64","42","64","0","15","0","15","42","64","0","15","184","126","120","113","0","15","69","105","51","53","64","51",
"1500000US481130169021","Block Group 1; Census Tract 169.02; Dallas County; Texas","902","220","191","163","20","34","0","15","0","15","0","15","0","15","20","34","171","156","0","15","0","15","0","15","0","15","0","15","0","15","171","156","156","155","0","15","105","137","51","84","15","25","711","181","430","158","300","149","145","126","51","62","104","100","130","107","281","168","57","65","0","15","0","15","0","15","0","15","57","65","224","164","150","125","0","15","40","41","110","130","74","92",
"1500000US481130169022","Block Group 2; Census Tract 169.02; Dallas County; Texas","0","15","0","15","0","15","0","15","0","15","0","15","0","15","0","15","0","15","0","15","0","15","0","15","0","15","0","15","0","15","0","15","0","15","0","15","0","15","0","15","0","15","0","15","0","15","0","15","0","15","0","15","0","15","0","15","0","15","0","15","0","15","0","15","0","15","0","15","0","15","0","15","0","15","0","15","0","15","0","15","0","15",
"1500000US481130169023","Block Group 3; Census Tract 169.02; Dallas County; Texas","230","135","13","20","0","15","0","15","0","15","0","15","0","15","0","15","13","20","0","15","0","15","0","15","0","15","0","15","0","15","13","20","13","20","0","15","13","20","0","15","0","15","217","134","71","63","21","23","9","16","0","15","12","18","50","58","146","119","25","30","14","24","0","15","0","15","14","24","11","18","121","113","101","106","15","31","0","15","86","105","20","29",
"1500000US481130169031","Block Group 1; Census Tract 169.03; Dallas County; Texas","686","353","0","15","0","15","0","15","0","15","0","15","0","15","0","15","0","15","0","15","0","15","0","15","0","15","0","15","0","15","0","15","0","15","0","15","0","15","0","15","0","15","686","353","385","263","211","223","64","100","0","15","147","198","174","157","301","239","12","22","0","15","0","15","0","15","0","15","12","22","289","242","58","69","0","15","0","15","58","69","231","239",
"1500000US481130169032","Block Group 2; Census Tract 169.03; Dallas County; Texas","469","184","136","111","84","82","65","76","0","15","0","15","65","76","19","33","52","80","0","15","0","15","0","15","0","15","0","15","0","15","52","80","52","80","0","15","52","80","0","15","0","15","333","159","333","159","182","106","46","72","89","101","47","68","151","154","0","15","0","15","0","15","0","15","0","15","0","15","0","15","0","15","0","15","0","15","0","15","0","15","0","15",
"1500000US481130169033","Block Group 3; Census Tract 169.03; Dallas County; Texas","759","272","374","278","138","192","112","186","0","15","112","186","0","15","26","51","236","226","115","164","115","164","0","15","0","15","115","164","0","15","121","126","121","126","0","15","0","15","121","126","0","15","385","216","320","214","157","192","124","184","0","15","33","59","163","112","65","74","0","15","0","15","0","15","0","15","0","15","0","15","65","74","0","15","0","15","0","15","0","15","65","74",
"1500000US481130170051","Block Group 1; Census Tract 170.05; Dallas County; Texas","362","161","60","77","60","77","19","39","0","15","0","15","19","39","41","67","0","15","0","15","0","15","0","15","0","15","0","15","0","15","0","15","0","15","0","15","0","15","0","15","0","15","302","154","228","143","217","142","99","92","0","15","118","134","11","18","74","110","0","15","0","15","0","15","0","15","0","15","0","15","74","110","0","15","0","15","0","15","0","15","74","110",
"1500000US481130170052","Block Group 2; Census Tract 170.05; Dallas County; Texas","730","189","145","105","93","87","39","55","0","15","21","40","18","32","54","71","52","60","20","37","0","15","0","15","0","15","0","15","20","37","32","50","13","33","0","15","0","15","13","33","19","36","585","187","456","169","176","130","0","15","103","95","73","83","280","160","129","101","15","27","15","27","0","15","0","15","15","27","0","15","114","101","101","103","0","15","50","83","51","64","13","24",
"1500000US481130170061","Block Group 1; Census Tract 170.06; Dallas County; Texas","633","158","67","67","20","24","5","9","0","15","5","9","0","15","15","22","47","54","5","10","5","10","0","15","0","15","5","10","0","15","42","55","42","55","0","15","0","15","42","55","0","15","566","153","485","163","206","126","31","27","5","9","170","118","279","114","81","43","37","40","3","5","0","15","0","15","3","5","34","40","44","40","13","23","0","15","0","15","13","23","31","31",
"1500000US481130170062","Block Group 2; Census Tract 170.06; Dallas County; Texas","226","106","39","38","0","15","0","15","0","15","0","15","0","15","0","15","39","38","12","19","0","15","0","15","0","15","0","15","12","19","27","31","15","23","15","23","0","15","0","15","12","22","187","107","140","90","63","83","0","15","54","82","9","15","77","47","47","58","0","15","0","15","0","15","0","15","0","15","0","15","47","58","0","15","0","15","0","15","0","15","47","58",
"1500000US481130170071","Block Group 1; Census Tract 170.07; Dallas County; Texas","470","152","86","74","0","15","0","15","0","15","0","15","0","15","0","15","86","74","0","15","0","15","0","15","0","15","0","15","0","15","86","74","76","74","27","44","0","15","49","58","10","22","384","131","312","126","181","120","22","43","136","112","23","38","131","59","72","66","15","27","15","27","11","19","0","15","4","18","0","15","57","61","38","51","24","42","0","15","14","29","19","34",
"1500000US481130170072","Block Group 2; Census Tract 170.07; Dallas County; Texas","991","255","46","56","28","44","28","44","0","15","28","44","0","15","0","15","18","35","0","15","0","15","0","15","0","15","0","15","0","15","18","35","18","35","0","15","18","35","0","15","0","15","945","277","676","193","577","195","118","119","270","140","189","79","99","83","269","245","207","225","147","213","0","15","0","15","147","213","60","79","62","60","42","48","0","15","0","15","42","48","20","32",
"1500000US481130170081","Block Group 1; Census Tract 170.08; Dallas County; Texas","531","275","0","15","0","15","0","15","0","15","0","15","0","15","0","15","0","15","0","15","0","15","0","15","0","15","0","15","0","15","0","15","0","15","0","15","0","15","0","15","0","15","531","275","275","185","110","108","0","15","45","67","65","84","165","144","256","164","25","40","25","40","25","40","0","15","0","15","0","15","231","162","183","161","20","32","0","15","163","153","48","60",
"1500000US481130170082","Block Group 2; Census Tract 170.08; Dallas County; Texas","604","202","111","104","65","83","65","83","0","15","0","15","65","83","0","15","46","53","46","53","24","39","0","15","0","15","24","39","22","38","0","15","0","15","0","15","0","15","0","15","0","15","493","205","118","86","28","46","0","15","0","15","28","46","90","67","375","182","69","78","44","65","0","15","0","15","44","65","25","47","306","191","211","150","0","15","35","55","176","159","95","89",
"1500000US481130170083","Block Group 3; Census Tract 170.08; Dallas County; Texas","583","254","52","55","28","44","28","44","0","15","0","15","28","44","0","15","24","35","0","15","0","15","0","15","0","15","0","15","0","15","24","35","0","15","0","15","0","15","0","15","24","35","531","262","433","240","258","166","18","35","50","66","190","161","175","176","98","88","41","61","41","61","0","15","0","15","41","61","0","15","57","66","0","15","0","15","0","15","0","15","57","66",
"1500000US481130170091","Block Group 1; Census Tract 170.09; Dallas County; Texas","887","201","175","129","73","89","73","89","0","15","33","55","40","67","0","15","102","98","25","41","0","15","0","15","0","15","0","15","25","41","77","88","77","88","0","15","0","15","77","88","0","15","712","202","405","193","270","159","66","93","118","120","86","76","135","118","307","178","35","49","35","49","0","15","0","15","35","49","0","15","272","171","241","179","0","15","0","15","241","179","31","44",
"1500000US481130170092","Block Group 2; Census Tract 170.09; Dallas County; Texas","432","174","40","62","40","62","40","62","0","15","0","15","40","62","0","15","0","15","0","15","0","15","0","15","0","15","0","15","0","15","0","15","0","15","0","15","0","15","0","15","0","15","392","172","291","169","172","129","5","13","36","59","131","114","119","113","101","94","33","49","0","15","0","15","0","15","0","15","33","49","68","75","40","60","40","60","0","15","0","15","28","46",
"1500000US481130170101","Block Group 1; Census Tract 170.10; Dallas County; Texas","775","180","80","108","80","108","62","104","0","15","0","15","62","104","18","27","0","15","0","15","0","15","0","15","0","15","0","15","0","15","0","15","0","15","0","15","0","15","0","15","0","15","695","129","519","131","379","120","64","63","38","48","277","136","140","76","176","100","60","71","0","15","0","15","0","15","0","15","60","71","116","89","99","83","0","15","25","36","74","84","17","28",
"1500000US481130170102","Block Group 2; Census Tract 170.10; Dallas County; Texas","728","218","131","143","40","50","30","47","0","15","0","15","30","47","10","21","91","133","0","15","0","15","0","15","0","15","0","15","0","15","91","133","91","133","0","15","78","130","13","22","0","15","597","169","459","180","266","145","0","15","86","66","180","125","193","112","138","103","116","101","85","98","0","15","0","15","85","98","31","33","22","28","8","15","0","15","0","15","8","15","14","23",
"1500000US481130171011","Block Group 1; Census Tract 171.01; Dallas County; Texas","593","417","15","38","15","38","8","34","0","15","0","15","8","34","7","16","0","15","0","15","0","15","0","15","0","15","0","15","0","15","0","15","0","15","0","15","0","15","0","15","0","15","578","404","496","383","432","377","0","15","247","336","185","149","64","60","82","54","36","40","22","28","0","15","0","15","22","28","14","25","46","48","21","28","0","15","0","15","21","28","25","39",
"1500000US481130171012","Block Group 2; Census Tract 171.01; Dallas County; Texas","328","142","111","85","61","68","15","25","0","15","0","15","15","25","46","64","50","61","0","15","0","15","0","15","0","15","0","15","0","15","50","61","50","61","36","57","0","15","14","23","0","15","217","123","191","122","103","90","0","15","35","58","68","68","88","76","26","33","0","15","0","15","0","15","0","15","0","15","0","15","26","33","6","16","0","15","0","15","6","16","20","26",
"1500000US481130171013","Block Group 3; Census Tract 171.01; Dallas County; Texas","608","216","46","51","20","25","13","20","0","15","0","15","13","20","7","15","26","43","0","15","0","15","0","15","0","15","0","15","0","15","26","43","26","43","0","15","0","15","26","43","0","15","562","219","462","214","155","103","6","9","24","37","125","91","307","217","100","79","0","15","0","15","0","15","0","15","0","15","0","15","100","79","0","15","0","15","0","15","0","15","100","79",
"1500000US481130171021","Block Group 1; Census Tract 171.02; Dallas County; Texas","322","182","98","130","0","15","0","15","0","15","0","15","0","15","0","15","98","130","0","15","0","15","0","15","0","15","0","15","0","15","98","130","98","130","0","15","0","15","98","130","0","15","224","137","59","76","59","76","0","15","46","70","13","28","0","15","165","106","63","64","63","64","0","15","0","15","63","64","0","15","102","86","83","81","48","73","0","15","35","39","19","31",
"1500000US481130171022","Block Group 2; Census Tract 171.02; Dallas County; Texas","422","136","38","49","26","42","26","42","0","15","26","42","0","15","0","15","12","26","12","26","12","26","0","15","0","15","12","26","0","15","0","15","0","15","0","15","0","15","0","15","0","15","384","142","270","133","135","113","0","15","62","72","73","87","135","98","114","85","46","58","0","15","0","15","0","15","0","15","46","58","68","64","0","15","0","15","0","15","0","15","68","64",
"1500000US481130171023","Block Group 3; Census Tract 171.02; Dallas County; Texas","765","216","168","120","51","70","42","69","0","15","0","15","42","69","9","14","117","109","0","15","0","15","0","15","0","15","0","15","0","15","117","109","117","109","0","15","117","109","0","15","0","15","597","193","431","157","278","142","36","54","162","138","80","61","153","111","166","121","66","102","0","15","0","15","0","15","0","15","66","102","100","73","0","15","0","15","0","15","0","15","100","73",
"1500000US481130172011","Block Group 1; Census Tract 172.01; Dallas County; Texas","250","172","0","15","0","15","0","15","0","15","0","15","0","15","0","15","0","15","0","15","0","15","0","15","0","15","0","15","0","15","0","15","0","15","0","15","0","15","0","15","0","15","250","172","138","132","116","124","0","15","0","15","116","124","22","33","112","132","0","15","0","15","0","15","0","15","0","15","0","15","112","132","22","37","0","15","0","15","22","37","90","129",
"1500000US481130172012","Block Group 2; Census Tract 172.01; Dallas County; Texas","478","242","50","66","0","15","0","15","0","15","0","15","0","15","0","15","50","66","12","30","12","30","0","15","0","15","12","30","0","15","38","57","38","57","0","15","0","15","38","57","0","15","428","227","390","223","331","208","0","15","30","54","301","205","59","92","38","48","21","35","0","15","0","15","0","15","0","15","21","35","17","32","17","32","0","15","0","15","17","32","0","15",
"1500000US481130172013","Block Group 3; Census Tract 172.01; Dallas County; Texas","438","191","49","60","0","15","0","15","0","15","0","15","0","15","0","15","49","60","0","15","0","15","0","15","0","15","0","15","0","15","49","60","27","45","27","45","0","15","0","15","22","37","389","184","275","153","193","144","0","15","172","141","21","32","82","80","114","87","0","15","0","15","0","15","0","15","0","15","0","15","114","87","84","75","0","15","0","15","84","75","30","40",
"1500000US481130172031","Block Group 1; Census Tract 172.03; Dallas County; Texas","529","164","25","40","0","15","0","15","0","15","0","15","0","15","0","15","25","40","0","15","0","15","0","15","0","15","0","15","0","15","25","40","25","40","25","40","0","15","0","15","0","15","504","160","143","100","74","78","59","71","0","15","15","32","69","79","361","142","82","82","29","43","0","15","0","15","29","43","53","65","279","127","182","118","17","34","45","54","120","123","97","73",
"1500000US481130172032","Block Group 2; Census Tract 172.03; Dallas County; Texas","704","361","10","16","0","15","0","15","0","15","0","15","0","15","0","15","10","16","10","16","0","15","0","15","0","15","0","15","10","16","0","15","0","15","0","15","0","15","0","15","0","15","694","364","654","354","341","146","123","141","0","15","218","135","313","347","40","60","0","15","0","15","0","15","0","15","0","15","0","15","40","60","40","60","0","15","0","15","40","60","0","15",
"1500000US481130172041","Block Group 1; Census Tract 172.04; Dallas County; Texas","620","196","206","139","13","20","13","20","0","15","0","15","13","20","0","15","193","138","0","15","0","15","0","15","0","15","0","15","0","15","193","138","165","131","87","120","0","15","78","91","28","46","414","210","142","101","90","86","0","15","32","48","58","74","52","54","272","191","60","58","48","56","0","15","0","15","48","56","12","19","212","193","75","84","0","15","0","15","75","84","137","184",
"1500000US481130172042","Block Group 2; Census Tract 172.04; Dallas County; Texas","610","233","0","15","0","15","0","15","0","15","0","15","0","15","0","15","0","15","0","15","0","15","0","15","0","15","0","15","0","15","0","15","0","15","0","15","0","15","0","15","0","15","610","233","451","191","321","179","64","99","52","66","205","129","130","93","159","146","145","141","65","71","33","52","0","15","32","51","80","122","14","27","0","15","0","15","0","15","0","15","14","27",
"1500000US481130173071","Block Group 1; Census Tract 173.07; Dallas County; Texas","191","113","21","32","21","32","0","15","0","15","0","15","0","15","21","32","0","15","0","15","0","15","0","15","0","15","0","15","0","15","0","15","0","15","0","15","0","15","0","15","0","15","170","109","142","100","62","77","0","15","0","15","62","77","80","63","28","45","0","15","0","15","0","15","0","15","0","15","0","15","28","45","0","15","0","15","0","15","0","15","28","45",
"1500000US481130173072","Block Group 2; Census Tract 173.07; Dallas County; Texas","302","124","49","60","0","15","0","15","0","15","0","15","0","15","0","15","49","60","28","48","28","48","0","15","28","48","0","15","0","15","21","33","21","33","0","15","0","15","21","33","0","15","253","109","214","90","92","84","0","15","49","54","43","56","122","54","39","46","21","33","21","33","0","15","0","15","21","33","0","15","18","27","0","15","0","15","0","15","0","15","18","27",
"1500000US481130173073","Block Group 3; Census Tract 173.07; Dallas County; Texas","542","155","85","71","0","15","0","15","0","15","0","15","0","15","0","15","85","71","0","15","0","15","0","15","0","15","0","15","0","15","85","71","85","71","0","15","85","71","0","15","0","15","457","142","399","150","132","106","0","15","5","26","127","106","267","126","58","59","9","19","9","19","0","15","0","15","9","19","0","15","49","54","0","15","0","15","0","15","0","15","49","54",
"1500000US481130173081","Block Group 1; Census Tract 173.08; Dallas County; Texas","644","230","149","155","0","15","0","15","0","15","0","15","0","15","0","15","149","155","46","70","46","70","0","15","0","15","46","70","0","15","103","144","103","144","0","15","92","145","11","21","0","15","495","189","342","115","148","105","45","46","70","80","33","49","194","99","153","138","50","44","0","15","0","15","0","15","0","15","50","44","103","132","91","131","0","15","0","15","91","131","12","20",
"1500000US481130173082","Block Group 2; Census Tract 173.08; Dallas County; Texas","393","127","16","27","16","27","16","27","0","15","0","15","16","27","0","15","0","15","0","15","0","15","0","15","0","15","0","15","0","15","0","15","0","15","0","15","0","15","0","15","0","15","377","129","307","123","139","67","12","19","10","16","117","65","168","101","70","72","0","15","0","15","0","15","0","15","0","15","0","15","70","72","56","78","0","15","56","78","0","15","14","23",
"1500000US481130173083","Block Group 3; Census Tract 173.08; Dallas County; Texas","210","83","0","15","0","15","0","15","0","15","0","15","0","15","0","15","0","15","0","15","0","15","0","15","0","15","0","15","0","15","0","15","0","15","0","15","0","15","0","15","0","15","210","83","123","63","31","30","0","15","0","15","31","30","92","58","87","61","14","23","0","15","0","15","0","15","0","15","14","23","73","62","44","55","0","15","0","15","44","55","29","33",
"1500000US481130173091","Block Group 1; Census Tract 173.09; Dallas County; Texas","484","173","10","15","0","15","0","15","0","15","0","15","0","15","0","15","10","15","0","15","0","15","0","15","0","15","0","15","0","15","10","15","0","15","0","15","0","15","0","15","10","15","474","175","425","161","262","120","127","146","103","99","32","54","163","92","49","59","0","15","0","15","0","15","0","15","0","15","0","15","49","59","49","59","0","15","21","39","28","47","0","15",
"1500000US481130173092","Block Group 2; Census Tract 173.09; Dallas County; Texas","343","114","31","51","0","15","0","15","0","15","0","15","0","15","0","15","31","51","0","15","0","15","0","15","0","15","0","15","0","15","31","51","31","51","0","15","0","15","31","51","0","15","312","115","294","111","228","118","48","64","60","64","120","81","66","51","18","22","0","15","0","15","0","15","0","15","0","15","0","15","18","22","6","12","0","15","6","12","0","15","12","18",
"1500000US481130173101","Block Group 1; Census Tract 173.10; Dallas County; Texas","252","154","54","59","26","37","26","37","0","15","0","15","26","37","0","15","28","45","0","15","0","15","0","15","0","15","0","15","0","15","28","45","28","45","0","15","0","15","28","45","0","15","198","139","110","87","55","66","0","15","0","15","55","66","55","47","88","116","0","15","0","15","0","15","0","15","0","15","0","15","88","116","0","15","0","15","0","15","0","15","88","116",
"1500000US481130173102","Block Group 2; Census Tract 173.10; Dallas County; Texas","553","122","104","100","30","49","0","15","0","15","0","15","0","15","30","49","74","84","0","15","0","15","0","15","0","15","0","15","0","15","74","84","74","84","0","15","74","84","0","15","0","15","449","138","353","125","67","71","0","15","46","61","21","30","286","116","96","71","14","23","0","15","0","15","0","15","0","15","14","23","82","71","70","64","15","30","0","15","55","57","12","21",
"1500000US481130173111","Block Group 1; Census Tract 173.11; Dallas County; Texas","474","150","129","118","116","123","116","123","116","123","0","15","0","15","0","15","13","29","13","29","13","29","13","29","0","15","0","15","0","15","0","15","0","15","0","15","0","15","0","15","0","15","345","137","202","77","107","62","26","30","0","15","81","53","95","56","143","106","84","95","17","33","0","15","0","15","17","33","67","89","59","54","50","50","19","32","0","15","31","51","9","19",
"1500000US481130173112","Block Group 2; Census Tract 173.11; Dallas County; Texas","284","90","6","10","6","10","0","15","0","15","0","15","0","15","6","10","0","15","0","15","0","15","0","15","0","15","0","15","0","15","0","15","0","15","0","15","0","15","0","15","0","15","278","91","192","71","87","63","0","15","17","27","70","58","105","61","86","80","49","66","0","15","0","15","0","15","0","15","49","66","37","54","31","50","0","15","0","15","31","50","6","15",
"1500000US481130173121","Block Group 1; Census Tract 173.12; Dallas County; Texas","309","200","19","30","0","15","0","15","0","15","0","15","0","15","0","15","19","30","0","15","0","15","0","15","0","15","0","15","0","15","19","30","0","15","0","15","0","15","0","15","19","30","290","197","257","196","115","93","0","15","91","85","24","39","142","175","33","34","10","16","0","15","0","15","0","15","0","15","10","16","23","29","0","15","0","15","0","15","0","15","23","29",
"1500000US481130173122","Block Group 2; Census Tract 173.12; Dallas County; Texas","798","179","30","49","0","15","0","15","0","15","0","15","0","15","0","15","30","49","30","49","30","49","0","15","0","15","30","49","0","15","0","15","0","15","0","15","0","15","0","15","0","15","768","171","507","141","155","118","25","39","12","25","118","108","352","117","261","111","77","81","77","81","0","15","0","15","77","81","0","15","184","119","123","104","86","99","20","35","17","27","61","79",
"1500000US481130173131","Block Group 1; Census Tract 173.13; Dallas County; Texas","206","148","0","15","0","15","0","15","0","15","0","15","0","15","0","15","0","15","0","15","0","15","0","15","0","15","0","15","0","15","0","15","0","15","0","15","0","15","0","15","0","15","206","148","117","104","78","90","0","15","0","15","78","90","39","55","89","120","0","15","0","15","0","15","0","15","0","15","0","15","89","120","72","115","0","15","0","15","72","115","17","34",
"1500000US481130173132","Block Group 2; Census Tract 173.13; Dallas County; Texas","792","184","105","89","0","15","0","15","0","15","0","15","0","15","0","15","105","89","0","15","0","15","0","15","0","15","0","15","0","15","105","89","105","89","0","15","105","89","0","15","0","15","687","195","454","193","308","156","23","37","47","56","238","138","146","124","233","222","233","222","233","222","0","15","205","230","28","59","0","15","0","15","0","15","0","15","0","15","0","15","0","15",
"1500000US481130173141","Block Group 1; Census Tract 173.14; Dallas County; Texas","664","265","0","15","0","15","0","15","0","15","0","15","0","15","0","15","0","15","0","15","0","15","0","15","0","15","0","15","0","15","0","15","0","15","0","15","0","15","0","15","0","15","664","265","433","249","213","146","0","15","19","32","194","143","220","221","231","135","21","36","21","36","0","15","0","15","21","36","0","15","210","133","167","125","0","15","0","15","167","125","43","46",
"1500000US481130173142","Block Group 2; Census Tract 173.14; Dallas County; Texas","498","202","0","15","0","15","0","15","0","15","0","15","0","15","0","15","0","15","0","15","0","15","0","15","0","15","0","15","0","15","0","15","0","15","0","15","0","15","0","15","0","15","498","202","361","196","109","90","37","47","0","15","72","81","252","181","137","121","16","27","16","27","0","15","16","27","0","15","0","15","121","119","96","115","0","15","72","108","24","41","25","40",
"1500000US481130173143","Block Group 3; Census Tract 173.14; Dallas County; Texas","569","184","62","84","0","15","0","15","0","15","0","15","0","15","0","15","62","84","0","15","0","15","0","15","0","15","0","15","0","15","62","84","62","84","0","15","62","84","0","15","0","15","507","173","380","164","110","96","19","33","70","82","21","33","270","186","127","87","25","40","0","15","0","15","0","15","0","15","25","40","102","79","82","71","0","15","0","15","82","71","20","35",
"1500000US481130173144","Block Group 4; Census Tract 173.14; Dallas County; Texas","731","373","20","31","16","29","16","29","0","15","16","29","0","15","0","15","4","10","0","15","0","15","0","15","0","15","0","15","0","15","4","10","4","10","0","15","4","10","0","15","0","15","711","375","496","359","104","159","0","15","0","15","104","159","392","336","215","172","101","113","25","39","0","15","0","15","25","39","76","112","114","132","73","118","0","15","0","15","73","118","41","64",
"1500000US481130173151","Block Group 1; Census Tract 173.15; Dallas County; Texas","660","307","82","98","51","76","51","76","0","15","51","76","0","15","0","15","31","51","31","51","0","15","0","15","0","15","0","15","31","51","0","15","0","15","0","15","0","15","0","15","0","15","578","297","311","206","206","185","15","30","138","176","53","64","105","91","267","211","33","41","9","14","9","14","0","15","0","15","24","37","234","212","62","101","0","15","0","15","62","101","172","207",
"1500000US481130173152","Block Group 2; Census Tract 173.15; Dallas County; Texas","437","173","0","15","0","15","0","15","0","15","0","15","0","15","0","15","0","15","0","15","0","15","0","15","0","15","0","15","0","15","0","15","0","15","0","15","0","15","0","15","0","15","437","173","426","170","240","163","0","15","20","36","220","155","186","144","11","19","0","15","0","15","0","15","0","15","0","15","0","15","11","19","11","19","0","15","0","15","11","19","0","15",
"1500000US481130173153","Block Group 3; Census Tract 173.15; Dallas County; Texas","840","336","58","62","8","23","0","15","0","15","0","15","0","15","8","23","50","67","20","34","0","15","0","15","0","15","0","15","20","34","30","52","0","15","0","15","0","15","0","15","30","52","782","329","410","235","302","195","0","15","165","145","137","112","108","116","372","243","0","15","0","15","0","15","0","15","0","15","0","15","372","243","227","207","0","15","0","15","227","207","145","115",
"1500000US481130174001","Block Group 1; Census Tract 174; Dallas County; Texas","166","68","14","24","14","24","14","24","0","15","14","24","0","15","0","15","0","15","0","15","0","15","0","15","0","15","0","15","0","15","0","15","0","15","0","15","0","15","0","15","0","15","152","70","98","64","67","52","0","15","4","7","63","52","31","47","54","42","14","21","14","21","0","15","0","15","14","21","0","15","40","39","28","33","0","15","0","15","28","33","12","19",
"1500000US481130174002","Block Group 2; Census Tract 174; Dallas County; Texas","672","165","97","84","13","24","13","24","0","15","13","24","0","15","0","15","84","78","0","15","0","15","0","15","0","15","0","15","0","15","84","78","84","78","0","15","6","9","78","79","0","15","575","152","261","102","49","56","19","29","0","15","30","46","212","94","314","158","103","89","86","85","0","15","0","15","86","85","17","27","211","140","62","71","12","22","50","67","0","15","149","134",
"1500000US481130174003","Block Group 3; Census Tract 174; Dallas County; Texas","420","141","34","51","3","6","3","6","0","15","3","6","0","15","0","15","31","51","0","15","0","15","0","15","0","15","0","15","0","15","31","51","0","15","0","15","0","15","0","15","31","51","386","136","224","118","60","72","36","59","0","15","24","39","164","87","162","81","74","57","0","15","0","15","0","15","0","15","74","57","88","57","53","51","12","20","23","38","18","28","35","52",
"1500000US481130175001","Block Group 1; Census Tract 175; Dallas County; Texas","358","103","16","26","0","15","0","15","0","15","0","15","0","15","0","15","16","26","16","26","16","26","0","15","0","15","16","26","0","15","0","15","0","15","0","15","0","15","0","15","0","15","342","110","311","112","117","65","18","29","25","38","74","55","194","100","31","29","11","19","0","15","0","15","0","15","0","15","11","19","20","25","15","22","0","15","0","15","15","22","5","10",
"1500000US481130175002","Block Group 2; Census Tract 175; Dallas County; Texas","616","133","65","68","0","15","0","15","0","15","0","15","0","15","0","15","65","68","0","15","0","15","0","15","0","15","0","15","0","15","65","68","18","29","0","15","0","15","18","29","47","58","551","134","440","117","187","60","20","24","18","29","149","63","253","116","111","69","35","40","24","38","0","15","0","15","24","38","11","18","76","61","26","39","0","15","0","15","26","39","50","44",
"1500000US481130176021","Block Group 1; Census Tract 176.02; Dallas County; Texas","423","177","0","15","0","15","0","15","0","15","0","15","0","15","0","15","0","15","0","15","0","15","0","15","0","15","0","15","0","15","0","15","0","15","0","15","0","15","0","15","0","15","423","177","318","164","213","170","13","33","0","15","200","161","105","112","105","77","37","42","37","42","0","15","0","15","37","42","0","15","68","69","54","62","0","15","20","31","34","55","14","19",
"1500000US481130176022","Block Group 2; Census Tract 176.02; Dallas County; Texas","615","172","90","86","35","41","26","39","0","15","20","33","6","15","9","14","55","81","0","15","0","15","0","15","0","15","0","15","0","15","55","81","49","81","0","15","0","15","49","81","6","10","525","178","411","147","195","133","0","15","0","15","195","133","216","125","114","73","0","15","0","15","0","15","0","15","0","15","0","15","114","73","99","66","72","55","0","15","27","42","15","25",
"1500000US481130176041","Block Group 1; Census Tract 176.04; Dallas County; Texas","304","131","45","59","13","23","13","23","0","15","13","23","0","15","0","15","32","53","0","15","0","15","0","15","0","15","0","15","0","15","32","53","32","53","0","15","32","53","0","15","0","15","259","114","160","79","107","75","0","15","36","62","71","52","53","42","99","85","34","52","34","52","0","15","0","15","34","52","0","15","65","68","14","21","0","15","0","15","14","21","51","63",
"1500000US481130176042","Block Group 2; Census Tract 176.04; Dallas County; Texas","473","135","10","16","0","15","0","15","0","15","0","15","0","15","0","15","10","16","0","15","0","15","0","15","0","15","0","15","0","15","10","16","10","16","0","15","0","15","10","16","0","15","463","139","271","157","159","146","0","15","78","113","81","83","112","62","192","103","11","17","10","16","0","15","10","16","0","15","1","8","181","102","143","94","27","39","28","34","88","83","38","47",
"1500000US481130176051","Block Group 1; Census Tract 176.05; Dallas County; Texas","510","146","62","52","22","34","22","34","0","15","0","15","22","34","0","15","40","41","0","15","0","15","0","15","0","15","0","15","0","15","40","41","8","14","0","15","0","15","8","14","32","38","448","145","242","97","121","80","7","11","63","70","51","45","121","84","206","110","35","45","25","42","0","15","25","42","0","15","10","15","171","105","91","65","8","16","0","15","83","66","80","91",
"1500000US481130176052","Block Group 2; Census Tract 176.05; Dallas County; Texas","470","177","25","29","10","16","10","16","0","15","10","16","0","15","0","15","15","24","0","15","0","15","0","15","0","15","0","15","0","15","15","24","0","15","0","15","0","15","0","15","15","24","445","179","255","116","179","109","50","60","11","19","118","89","76","63","190","139","121","125","121","125","70","104","0","15","51","69","0","15","69","56","23","29","0","15","16","26","7","13","46","52",
"1500000US481130176061","Block Group 1; Census Tract 176.06; Dallas County; Texas","405","119","70","71","46","57","17","32","0","15","0","15","17","32","29","47","24","40","0","15","0","15","0","15","0","15","0","15","0","15","24","40","24","40","0","15","0","15","24","40","0","15","335","119","293","108","203","110","56","55","89","113","58","62","90","77","42","40","0","15","0","15","0","15","0","15","0","15","0","15","42","40","11","20","0","15","11","20","0","15","31","33",
"1500000US481130176062","Block Group 2; Census Tract 176.06; Dallas County; Texas","449","176","10","18","0","15","0","15","0","15","0","15","0","15","0","15","10","18","10","18","10","18","10","18","0","15","0","15","0","15","0","15","0","15","0","15","0","15","0","15","0","15","439","174","324","141","114","66","0","15","44","50","70","69","210","110","115","104","64","87","64","87","0","15","58","86","6","12","0","15","51","53","8","26","0","15","8","26","0","15","43","48",
"1500000US481130176063","Block Group 3; Census Tract 176.06; Dallas County; Texas","202","151","93","113","0","15","0","15","0","15","0","15","0","15","0","15","93","113","0","15","0","15","0","15","0","15","0","15","0","15","93","113","93","113","0","15","0","15","93","113","0","15","109","96","109","96","20","45","0","15","0","15","20","45","89","89","0","15","0","15","0","15","0","15","0","15","0","15","0","15","0","15","0","15","0","15","0","15","0","15","0","15",
"1500000US481130177031","Block Group 1; Census Tract 177.03; Dallas County; Texas","778","421","316","373","0","15","0","15","0","15","0","15","0","15","0","15","316","373","0","15","0","15","0","15","0","15","0","15","0","15","316","373","298","369","0","15","7","14","291","368","18","32","462","211","122","94","66","69","41","61","0","15","25","33","56","72","340","172","80","87","61","84","0","15","55","84","6","9","19","23","260","155","160","138","0","15","0","15","160","138","100","87",
"1500000US481130177032","Block Group 2; Census Tract 177.03; Dallas County; Texas","682","232","9","18","0","15","0","15","0","15","0","15","0","15","0","15","9","18","0","15","0","15","0","15","0","15","0","15","0","15","9","18","9","18","0","15","0","15","9","18","0","15","673","235","381","237","92","79","0","15","0","15","92","79","289","211","292","151","72","54","0","15","0","15","0","15","0","15","72","54","220","128","171","133","0","15","106","116","65","78","49","39",
"1500000US481130177041","Block Group 1; Census Tract 177.04; Dallas County; Texas","610","203","166","128","93","109","31","54","0","15","0","15","31","54","62","94","73","66","0","15","0","15","0","15","0","15","0","15","0","15","73","66","47","54","0","15","0","15","47","54","26","43","444","178","289","130","162","118","0","15","47","71","115","94","127","113","155","124","19","29","19","29","0","15","0","15","19","29","0","15","136","126","136","126","0","15","0","15","136","126","0","15",
"1500000US481130177042","Block Group 2; Census Tract 177.04; Dallas County; Texas","228","125","6","10","6","10","0","15","0","15","0","15","0","15","6","10","0","15","0","15","0","15","0","15","0","15","0","15","0","15","0","15","0","15","0","15","0","15","0","15","0","15","222","126","98","88","24","30","0","15","0","15","24","30","74","79","124","110","0","15","0","15","0","15","0","15","0","15","0","15","124","110","97","113","13","33","0","15","84","107","27","37",
"1500000US481130177043","Block Group 3; Census Tract 177.04; Dallas County; Texas","595","255","23","22","7","10","7","10","0","15","0","15","7","10","0","15","16","20","8","15","8","15","8","15","0","15","0","15","0","15","8","13","0","15","0","15","0","15","0","15","8","13","572","256","179","131","36","45","19","32","0","15","17","29","143","120","393","256","0","15","0","15","0","15","0","15","0","15","0","15","393","256","368","255","0","15","13","24","355","255","25","40",
"1500000US481130177051","Block Group 1; Census Tract 177.05; Dallas County; Texas","647","283","192","252","0","15","0","15","0","15","0","15","0","15","0","15","192","252","0","15","0","15","0","15","0","15","0","15","0","15","192","252","157","248","0","15","0","15","157","248","35","36","455","147","373","132","178","89","29","41","0","15","149","72","195","123","82","75","0","15","0","15","0","15","0","15","0","15","0","15","82","75","16","24","0","15","0","15","16","24","66","72",
"1500000US481130177052","Block Group 2; Census Tract 177.05; Dallas County; Texas","254","121","73","87","0","15","0","15","0","15","0","15","0","15","0","15","73","87","0","15","0","15","0","15","0","15","0","15","0","15","73","87","73","87","0","15","50","77","23","35","0","15","181","115","28","44","0","15","0","15","0","15","0","15","28","44","153","111","13","26","0","15","0","15","0","15","0","15","13","26","140","107","101","83","0","15","0","15","101","83","39","64",
"1500000US481130177061","Block Group 1; Census Tract 177.06; Dallas County; Texas","402","134","17","38","0","15","0","15","0","15","0","15","0","15","0","15","17","38","0","15","0","15","0","15","0","15","0","15","0","15","17","38","17","38","0","15","0","15","17","38","0","15","385","130","293","131","97","105","0","15","17","26","80","103","196","96","92","62","9","16","0","15","0","15","0","15","0","15","9","16","83","61","38","39","0","15","0","15","38","39","45","46",
"1500000US481130177062","Block Group 2; Census Tract 177.06; Dallas County; Texas","348","122","41","58","0","15","0","15","0","15","0","15","0","15","0","15","41","58","0","15","0","15","0","15","0","15","0","15","0","15","41","58","41","58","0","15","0","15","41","58","0","15","307","109","262","105","73","60","23","39","19","28","31","35","189","102","45","48","0","15","0","15","0","15","0","15","0","15","0","15","45","48","29","41","0","15","0","15","29","41","16","26",
"1500000US481130177063","Block Group 3; Census Tract 177.06; Dallas County; Texas","612","154","31","36","0","15","0","15","0","15","0","15","0","15","0","15","31","36","0","15","0","15","0","15","0","15","0","15","0","15","31","36","20","30","0","15","0","15","20","30","11","21","581","156","396","110","211","98","18","28","19","32","174","107","185","72","185","146","121","105","15","23","0","15","0","15","15","23","106","109","64","101","0","15","0","15","0","15","0","15","64","101",
"1500000US481130178051","Block Group 1; Census Tract 178.05; Dallas County; Texas","0","15","0","15","0","15","0","15","0","15","0","15","0","15","0","15","0","15","0","15","0","15","0","15","0","15","0","15","0","15","0","15","0","15","0","15","0","15","0","15","0","15","0","15","0","15","0","15","0","15","0","15","0","15","0","15","0","15","0","15","0","15","0","15","0","15","0","15","0","15","0","15","0","15","0","15","0","15","0","15","0","15",
"1500000US481130178052","Block Group 2; Census Tract 178.05; Dallas County; Texas","692","177","0","15","0","15","0","15","0","15","0","15","0","15","0","15","0","15","0","15","0","15","0","15","0","15","0","15","0","15","0","15","0","15","0","15","0","15","0","15","0","15","692","177","614","171","379","188","48","67","10","33","321","201","235","115","78","99","5","8","0","15","0","15","0","15","0","15","5","8","73","98","0","15","0","15","0","15","0","15","73","98",
"1500000US481130178053","Block Group 3; Census Tract 178.05; Dallas County; Texas","210","126","41","66","41","66","41","66","0","15","0","15","41","66","0","15","0","15","0","15","0","15","0","15","0","15","0","15","0","15","0","15","0","15","0","15","0","15","0","15","0","15","169","107","169","107","11","22","0","15","0","15","11","22","158","102","0","15","0","15","0","15","0","15","0","15","0","15","0","15","0","15","0","15","0","15","0","15","0","15","0","15",
"1500000US481130178054","Block Group 4; Census Tract 178.05; Dallas County; Texas","601","233","160","178","0","15","0","15","0","15","0","15","0","15","0","15","160","178","113","176","0","15","0","15","0","15","0","15","113","176","47","59","14","24","0","15","0","15","14","24","33","55","441","255","120","150","0","15","0","15","0","15","0","15","120","150","321","238","161","216","0","15","0","15","0","15","0","15","161","216","160","178","125","167","0","15","125","167","0","15","35","60",
"1500000US481130178061","Block Group 1; Census Tract 178.06; Dallas County; Texas","532","174","166","106","0","15","0","15","0","15","0","15","0","15","0","15","166","106","43","68","43","68","43","68","0","15","0","15","0","15","123","104","108","105","0","15","0","15","108","105","15","25","366","159","254","125","150","107","0","15","20","35","130","102","104","69","112","105","100","104","0","15","0","15","0","15","0","15","100","104","12","20","12","20","0","15","0","15","12","20","0","15",
"1500000US481130178062","Block Group 2; Census Tract 178.06; Dallas County; Texas","239","105","62","70","62","70","62","70","0","15","0","15","62","70","0","15","0","15","0","15","0","15","0","15","0","15","0","15","0","15","0","15","0","15","0","15","0","15","0","15","0","15","177","80","91","46","44","29","6","10","38","31","0","15","47","42","86","83","36","62","0","15","0","15","0","15","0","15","36","62","50","60","0","15","0","15","0","15","0","15","50","60",
"1500000US481130178063","Block Group 3; Census Tract 178.06; Dallas County; Texas","337","127","0","15","0","15","0","15","0","15","0","15","0","15","0","15","0","15","0","15","0","15","0","15","0","15","0","15","0","15","0","15","0","15","0","15","0","15","0","15","0","15","337","127","170","116","116","106","27","34","1","14","88","107","54","40","167","79","89","65","29","44","0","15","0","15","29","44","60","51","78","54","25","30","0","15","0","15","25","30","53","44",
"1500000US481130178081","Block Group 1; Census Tract 178.08; Dallas County; Texas","334","138","40","61","0","15","0","15","0","15","0","15","0","15","0","15","40","61","0","15","0","15","0","15","0","15","0","15","0","15","40","61","40","61","0","15","0","15","40","61","0","15","294","136","161","106","43","49","23","39","0","15","20","32","118","96","133","84","46","48","0","15","0","15","0","15","0","15","46","48","87","74","43","50","27","43","0","15","16","25","44","58",
"1500000US481130178082","Block Group 2; Census Tract 178.08; Dallas County; Texas","266","98","0","15","0","15","0","15","0","15","0","15","0","15","0","15","0","15","0","15","0","15","0","15","0","15","0","15","0","15","0","15","0","15","0","15","0","15","0","15","0","15","266","98","210","90","25","30","0","15","0","15","25","30","185","85","56","58","17","29","0","15","0","15","0","15","0","15","17","29","39","50","0","15","0","15","0","15","0","15","39","50",
"1500000US481130178083","Block Group 3; Census Tract 178.08; Dallas County; Texas","655","148","57","65","8","18","0","15","0","15","0","15","0","15","8","18","49","69","0","15","0","15","0","15","0","15","0","15","0","15","49","69","49","69","0","15","0","15","49","69","0","15","598","148","420","130","235","113","55","77","21","32","159","101","185","91","178","133","5","10","0","15","0","15","0","15","0","15","5","10","173","133","55","70","0","15","0","15","55","70","118","104",
"1500000US481130178111","Block Group 1; Census Tract 178.11; Dallas County; Texas","413","141","47","66","0","15","0","15","0","15","0","15","0","15","0","15","47","66","0","15","0","15","0","15","0","15","0","15","0","15","47","66","47","66","47","66","0","15","0","15","0","15","366","127","329","119","64","54","0","15","0","15","64","54","265","112","37","36","7","14","7","14","0","15","0","15","7","14","0","15","30","35","0","15","0","15","0","15","0","15","30","35",
"1500000US481130178112","Block Group 2; Census Tract 178.11; Dallas County; Texas","912","286","104","69","10","16","0","15","0","15","0","15","0","15","10","16","94","67","0","15","0","15","0","15","0","15","0","15","0","15","94","67","94","67","15","25","79","61","0","15","0","15","808","281","574","193","182","75","122","105","25","50","35","33","392","182","234","218","77","61","23","35","0","15","0","15","23","35","54","54","157","207","139","206","0","15","0","15","139","206","18","27",
"1500000US481130178121","Block Group 1; Census Tract 178.12; Dallas County; Texas","363","90","19","19","4","8","4","8","0","15","4","8","0","15","0","15","15","16","0","15","0","15","0","15","0","15","0","15","0","15","15","16","15","16","0","15","4","9","11","14","0","15","344","88","139","52","48","33","0","15","6","10","42","32","91","37","205","92","120","82","5","8","0","15","0","15","5","8","115","82","85","52","43","43","0","15","0","15","43","43","42","30",
"1500000US481130178122","Block Group 2; Census Tract 178.12; Dallas County; Texas","208","66","0","15","0","15","0","15","0","15","0","15","0","15","0","15","0","15","0","15","0","15","0","15","0","15","0","15","0","15","0","15","0","15","0","15","0","15","0","15","0","15","208","66","161","60","53","42","24","27","0","15","29","33","108","48","47","33","0","15","0","15","0","15","0","15","0","15","0","15","47","33","15","18","0","15","15","18","0","15","32","36",
"1500000US481130178141","Block Group 1; Census Tract 178.14; Dallas County; Texas","481","152","16","27","16","27","16","27","0","15","0","15","16","27","0","15","0","15","0","15","0","15","0","15","0","15","0","15","0","15","0","15","0","15","0","15","0","15","0","15","0","15","465","151","441","148","204","104","25","32","29","30","150","102","237","117","24","31","6","10","6","10","6","10","0","15","0","15","0","15","18","29","0","15","0","15","0","15","0","15","18","29",
"1500000US481130178142","Block Group 2; Census Tract 178.14; Dallas County; Texas","327","100","11","17","0","15","0","15","0","15","0","15","0","15","0","15","11","17","0","15","0","15","0","15","0","15","0","15","0","15","11","17","11","17","0","15","0","15","11","17","0","15","316","98","236","87","53","52","0","15","31","42","22","30","183","73","80","54","9","14","0","15","0","15","0","15","0","15","9","14","71","52","31","48","0","15","0","15","31","48","40","32",
"1500000US481130178143","Block Group 3; Census Tract 178.14; Dallas County; Texas","478","168","61","88","0","15","0","15","0","15","0","15","0","15","0","15","61","88","0","15","0","15","0","15","0","15","0","15","0","15","61","88","55","88","0","15","0","15","55","88","6","12","417","146","305","121","111","67","12","19","11","18","88","63","194","104","112","115","93","109","92","108","70","102","0","15","22","38","1","8","19","28","0","15","0","15","0","15","0","15","19","28",
"1500000US481130178151","Block Group 1; Census Tract 178.15; Dallas County; Texas","543","178","89","129","0","15","0","15","0","15","0","15","0","15","0","15","89","129","89","129","89","129","89","129","0","15","0","15","0","15","0","15","0","15","0","15","0","15","0","15","0","15","454","161","324","161","79","122","0","15","0","15","79","122","245","125","130","134","78","127","0","15","0","15","0","15","0","15","78","127","52","58","30","41","0","15","0","15","30","41","22","37",
"1500000US481130178152","Block Group 2; Census Tract 178.15; Dallas County; Texas","475","141","0","15","0","15","0","15","0","15","0","15","0","15","0","15","0","15","0","15","0","15","0","15","0","15","0","15","0","15","0","15","0","15","0","15","0","15","0","15","0","15","475","141","406","126","190","72","71","60","19","30","100","59","216","128","69","65","12","23","0","15","0","15","0","15","0","15","12","23","57","57","47","55","36","47","0","15","11","25","10","17",
"1500000US481130178161","Block Group 1; Census Tract 178.16; Dallas County; Texas","535","233","187","189","8","16","0","15","0","15","0","15","0","15","8","16","179","188","0","15","0","15","0","15","0","15","0","15","0","15","179","188","179","188","0","15","0","15","179","188","0","15","348","144","196","123","177","116","38","65","51","80","88","69","19","30","152","72","27","38","0","15","0","15","0","15","0","15","27","38","125","76","11","28","0","15","0","15","11","28","114","84",
"1500000US481130178162","Block Group 2; Census Tract 178.16; Dallas County; Texas","584","308","23","52","23","52","23","52","0","15","0","15","23","52","0","15","0","15","0","15","0","15","0","15","0","15","0","15","0","15","0","15","0","15","0","15","0","15","0","15","0","15","561","302","463","268","402","270","26","41","135","69","241","257","61","65","98","116","94","105","94","105","54","84","0","15","40","72","0","15","4","48","0","15","0","15","0","15","0","15","4","48",
"1500000US481130178171","Block Group 1; Census Tract 178.17; Dallas County; Texas","178","85","0","15","0","15","0","15","0","15","0","15","0","15","0","15","0","15","0","15","0","15","0","15","0","15","0","15","0","15","0","15","0","15","0","15","0","15","0","15","0","15","178","85","19","33","0","15","0","15","0","15","0","15","19","33","159","87","7","12","0","15","0","15","0","15","0","15","7","12","152","89","142","103","0","15","0","15","142","103","10","71",
"1500000US481130178172","Block Group 2; Census Tract 178.17; Dallas County; Texas","607","293","67","69","67","69","67","69","0","15","67","69","0","15","0","15","0","15","0","15","0","15","0","15","0","15","0","15","0","15","0","15","0","15","0","15","0","15","0","15","0","15","540","287","384","299","236","285","0","15","183","282","53","58","148","110","156","103","73","103","0","15","0","15","0","15","0","15","73","103","83","96","69","96","69","96","0","15","0","15","14","26",
"1500000US481130178181","Block Group 1; Census Tract 178.18; Dallas County; Texas","308","140","50","67","50","67","8","17","0","15","8","17","0","15","42","66","0","15","0","15","0","15","0","15","0","15","0","15","0","15","0","15","0","15","0","15","0","15","0","15","0","15","258","134","254","136","83","78","0","15","0","15","83","78","171","105","4","12","0","15","0","15","0","15","0","15","0","15","0","15","4","12","4","12","0","15","0","15","4","12","0","15",
"1500000US481130178182","Block Group 2; Census Tract 178.18; Dallas County; Texas","297","91","71","66","0","15","0","15","0","15","0","15","0","15","0","15","71","66","0","15","0","15","0","15","0","15","0","15","0","15","71","66","63","66","0","15","38","50","25","48","8","14","226","65","105","98","3","10","0","15","3","10","0","15","102","95","121","73","0","15","0","15","0","15","0","15","0","15","0","15","121","73","6","13","0","15","0","15","6","13","115","71",
"1500000US481130178183","Block Group 3; Census Tract 178.18; Dallas County; Texas","252","115","89","87","0","15","0","15","0","15","0","15","0","15","0","15","89","87","0","15","0","15","0","15","0","15","0","15","0","15","89","87","89","87","0","15","0","15","89","87","0","15","163","123","48","63","48","63","42","61","0","15","6","16","0","15","115","119","0","15","0","15","0","15","0","15","0","15","0","15","115","119","98","116","0","15","0","15","98","116","17","29",
"1500000US481130178191","Block Group 1; Census Tract 178.19; Dallas County; Texas","110","6","0","15","0","15","0","15","0","15","0","15","0","15","0","15","0","15","0","15","0","15","0","15","0","15","0","15","0","15","0","15","0","15","0","15","0","15","0","15","0","15","110","6","110","6","0","15","0","15","0","15","0","15","110","6","0","15","0","15","0","15","0","15","0","15","0","15","0","15","0","15","0","15","0","15","0","15","0","15","0","15",
"1500000US481130178192","Block Group 2; Census Tract 178.19; Dallas County; Texas","483","113","297","68","0","15","0","15","0","15","0","15","0","15","0","15","297","68","0","15","0","15","0","15","0","15","0","15","0","15","297","68","297","68","0","15","0","15","297","68","0","15","186","111","41","48","0","15","0","15","0","15","0","15","41","48","145","108","43","70","0","15","0","15","0","15","0","15","43","70","102","86","43","67","0","15","43","67","0","15","59","53",
"1500000US481130178201","Block Group 1; Census Tract 178.20; Dallas County; Texas","252","154","50","64","50","64","42","63","42","63","0","15","0","15","8","12","0","15","0","15","0","15","0","15","0","15","0","15","0","15","0","15","0","15","0","15","0","15","0","15","0","15","202","136","134","116","112","110","0","15","0","15","112","110","22","24","68","75","8","11","0","15","0","15","0","15","0","15","8","11","60","75","14","24","0","15","14","24","0","15","46","71",
"1500000US481130178202","Block Group 2; Census Tract 178.20; Dallas County; Texas","902","421","0","15","0","15","0","15","0","15","0","15","0","15","0","15","0","15","0","15","0","15","0","15","0","15","0","15","0","15","0","15","0","15","0","15","0","15","0","15","0","15","902","421","560","319","218","132","39","59","95","109","84","81","342","304","342","295","17","24","14","24","14","24","0","15","0","15","3","5","325","295","103","91","0","15","0","15","103","91","222","279",
"1500000US481130179001","Block Group 1; Census Tract 179; Dallas County; Texas","266","129","26","37","0","15","0","15","0","15","0","15","0","15","0","15","26","37","0","15","0","15","0","15","0","15","0","15","0","15","26","37","26","37","0","15","0","15","26","37","0","15","240","129","184","112","91","100","0","15","0","15","91","100","93","63","56","49","40","41","25","37","25","37","0","15","0","15","15","20","16","24","0","15","0","15","0","15","0","15","16","24",
"1500000US481130179002","Block Group 2; Census Tract 179; Dallas County; Texas","343","156","5","11","0","15","0","15","0","15","0","15","0","15","0","15","5","11","0","15","0","15","0","15","0","15","0","15","0","15","5","11","0","15","0","15","0","15","0","15","5","11","338","155","320","156","257","138","82","110","104","92","71","53","63","50","18","28","0","15","0","15","0","15","0","15","0","15","0","15","18","28","0","15","0","15","0","15","0","15","18","28",
"1500000US481130179003","Block Group 3; Census Tract 179; Dallas County; Texas","561","233","49","44","8","15","0","15","0","15","0","15","0","15","8","15","41","42","0","15","0","15","0","15","0","15","0","15","0","15","41","42","41","42","0","15","0","15","41","42","0","15","512","228","260","145","119","71","0","15","20","31","99","69","141","128","252","189","30","41","30","41","15","25","0","15","15","36","0","15","222","185","200","182","0","15","126","168","74","69","22","35",
"1500000US481130180011","Block Group 1; Census Tract 180.01; Dallas County; Texas","304","240","0","15","0","15","0","15","0","15","0","15","0","15","0","15","0","15","0","15","0","15","0","15","0","15","0","15","0","15","0","15","0","15","0","15","0","15","0","15","0","15","304","240","0","15","0","15","0","15","0","15","0","15","0","15","304","240","155","169","155","169","106","163","0","15","49","77","0","15","149","157","112","135","0","15","0","15","112","135","37","62",
"1500000US481130180012","Block Group 2; Census Tract 180.01; Dallas County; Texas","346","146","0","15","0","15","0","15","0","15","0","15","0","15","0","15","0","15","0","15","0","15","0","15","0","15","0","15","0","15","0","15","0","15","0","15","0","15","0","15","0","15","346","146","251","154","0","15","0","15","0","15","0","15","251","154","95","74","18","43","0","15","0","15","0","15","0","15","18","43","77","54","69","58","0","15","0","15","69","58","8","15",
"1500000US481130180013","Block Group 3; Census Tract 180.01; Dallas County; Texas","263","194","0","15","0","15","0","15","0","15","0","15","0","15","0","15","0","15","0","15","0","15","0","15","0","15","0","15","0","15","0","15","0","15","0","15","0","15","0","15","0","15","263","194","95","138","95","138","0","15","0","15","95","138","0","15","168","139","100","96","48","66","0","15","0","15","48","66","52","83","68","101","15","23","0","15","0","15","15","23","53","99",
"1500000US481130180014","Block Group 4; Census Tract 180.01; Dallas County; Texas","665","229","118","130","0","15","0","15","0","15","0","15","0","15","0","15","118","130","0","15","0","15","0","15","0","15","0","15","0","15","118","130","111","129","64","107","0","15","47","77","7","13","547","202","313","185","131","125","0","15","25","41","106","119","182","142","234","142","135","142","135","142","0","15","135","142","0","15","0","15","99","102","46","55","0","15","46","55","0","15","53","82",
"1500000US481130180021","Block Group 1; Census Tract 180.02; Dallas County; Texas","249","93","0","15","0","15","0","15","0","15","0","15","0","15","0","15","0","15","0","15","0","15","0","15","0","15","0","15","0","15","0","15","0","15","0","15","0","15","0","15","0","15","249","93","238","96","114","72","0","15","74","74","40","39","124","70","11","21","0","15","0","15","0","15","0","15","0","15","0","15","11","21","0","15","0","15","0","15","0","15","11","21",
"1500000US481130180022","Block Group 2; Census Tract 180.02; Dallas County; Texas","605","223","46","43","4","8","0","15","0","15","0","15","0","15","4","8","42","43","0","15","0","15","0","15","0","15","0","15","0","15","42","43","42","43","0","15","0","15","42","43","0","15","559","218","332","156","123","38","0","15","0","15","123","38","209","157","227","128","0","15","0","15","0","15","0","15","0","15","0","15","227","128","124","115","0","15","0","15","124","115","103","62",
"1500000US481130181051","Block Group 1; Census Tract 181.05; Dallas County; Texas","313","133","18","21","0","15","0","15","0","15","0","15","0","15","0","15","18","21","0","15","0","15","0","15","0","15","0","15","0","15","18","21","8","15","0","15","8","15","0","15","10","15","295","131","221","121","28","31","0","15","0","15","28","31","193","118","74","57","35","39","35","39","18","29","17","27","0","15","0","15","39","45","39","45","0","15","0","15","39","45","0","15",
"1500000US481130181052","Block Group 2; Census Tract 181.05; Dallas County; Texas","350","151","11","17","11","17","0","15","0","15","0","15","0","15","11","17","0","15","0","15","0","15","0","15","0","15","0","15","0","15","0","15","0","15","0","15","0","15","0","15","0","15","339","151","256","145","124","89","0","15","41","48","83","71","132","118","83","48","12","17","12","17","0","15","0","15","12","17","0","15","71","45","19","23","0","15","19","23","0","15","52","37",
"1500000US481130181053","Block Group 3; Census Tract 181.05; Dallas County; Texas","587","129","101","67","67","63","67","63","0","15","0","15","67","63","0","15","34","43","0","15","0","15","0","15","0","15","0","15","0","15","34","43","34","43","0","15","0","15","34","43","0","15","486","139","392","134","152","80","0","15","60","50","92","72","240","111","94","58","23","27","14","22","0","15","14","22","0","15","9","15","71","51","29","38","0","15","0","15","29","38","42","38",
"1500000US481130181101","Block Group 1; Census Tract 181.10; Dallas County; Texas","456","191","30","46","0","15","0","15","0","15","0","15","0","15","0","15","30","46","0","15","0","15","0","15","0","15","0","15","0","15","30","46","30","46","0","15","0","15","30","46","0","15","426","178","264","124","44","48","0","15","0","15","44","48","220","113","162","164","162","164","0","15","0","15","0","15","0","15","162","164","0","15","0","15","0","15","0","15","0","15","0","15",
"1500000US481130181102","Block Group 2; Census Tract 181.10; Dallas County; Texas","506","158","0","15","0","15","0","15","0","15","0","15","0","15","0","15","0","15","0","15","0","15","0","15","0","15","0","15","0","15","0","15","0","15","0","15","0","15","0","15","0","15","506","158","494","159","173","104","0","15","76","85","97","74","321","125","12","20","0","15","0","15","0","15","0","15","0","15","0","15","12","20","12","20","0","15","0","15","12","20","0","15",
"1500000US481130181103","Block Group 3; Census Tract 181.10; Dallas County; Texas","545","227","21","35","0","15","0","15","0","15","0","15","0","15","0","15","21","35","0","15","0","15","0","15","0","15","0","15","0","15","21","35","21","35","0","15","0","15","21","35","0","15","524","224","491","236","80","68","65","68","15","23","0","15","411","232","33","43","21","36","21","36","0","15","0","15","21","36","0","15","12","21","12","21","0","15","0","15","12","21","0","15",
"1500000US481130181111","Block Group 1; Census Tract 181.11; Dallas County; Texas","409","171","15","29","15","29","15","29","0","15","0","15","15","29","0","15","0","15","0","15","0","15","0","15","0","15","0","15","0","15","0","15","0","15","0","15","0","15","0","15","0","15","394","173","336","175","229","144","10","18","47","71","172","120","107","103","58","65","0","15","0","15","0","15","0","15","0","15","0","15","58","65","42","60","0","15","0","15","42","60","16","28",
"1500000US481130181112","Block Group 2; Census Tract 181.11; Dallas County; Texas","875","315","291","263","56","90","56","90","0","15","56","90","0","15","0","15","235","257","0","15","0","15","0","15","0","15","0","15","0","15","235","257","79","124","0","15","0","15","79","124","156","227","584","241","501","243","249","175","118","138","73","93","58","71","252","149","83","83","37","61","0","15","0","15","0","15","0","15","37","61","46","54","20","33","0","15","20","33","0","15","26","40",
"1500000US481130181113","Block Group 3; Census Tract 181.11; Dallas County; Texas","419","153","82","83","0","15","0","15","0","15","0","15","0","15","0","15","82","83","0","15","0","15","0","15","0","15","0","15","0","15","82","83","82","83","43","71","39","73","0","15","0","15","337","138","172","83","79","53","0","15","7","13","72","56","93","67","165","123","0","15","0","15","0","15","0","15","0","15","0","15","165","123","76","74","23","36","0","15","53","66","89","99",
"1500000US481130181201","Block Group 1; Census Tract 181.20; Dallas County; Texas","292","94","0","15","0","15","0","15","0","15","0","15","0","15","0","15","0","15","0","15","0","15","0","15","0","15","0","15","0","15","0","15","0","15","0","15","0","15","0","15","0","15","292","94","246","89","68","46","9","16","27","29","32","31","178","77","46","41","0","15","0","15","0","15","0","15","0","15","0","15","46","41","34","37","0","15","12","27","22","24","12","18",
"1500000US481130181202","Block Group 2; Census Tract 181.20; Dallas County; Texas","443","138","0","15","0","15","0","15","0","15","0","15","0","15","0","15","0","15","0","15","0","15","0","15","0","15","0","15","0","15","0","15","0","15","0","15","0","15","0","15","0","15","443","138","313","129","100","95","43","67","0","15","57","60","213","93","130","69","53","58","38","48","8","12","0","15","30","46","15","20","77","53","41","36","0","15","19","24","22","28","36","39",
"1500000US481130181203","Block Group 3; Census Tract 181.20; Dallas County; Texas","637","158","32","41","7","11","7","11","0","15","7","11","0","15","0","15","25","40","0","15","0","15","0","15","0","15","0","15","0","15","25","40","25","40","0","15","0","15","25","40","0","15","605","149","506","154","280","140","10","17","18","23","252","138","226","97","99","85","71","82","17","32","0","15","17","32","0","15","54","75","28","28","7","15","0","15","0","15","7","15","21","23",
"1500000US481130181211","Block Group 1; Census Tract 181.21; Dallas County; Texas","485","113","43","68","0","15","0","15","0","15","0","15","0","15","0","15","43","68","0","15","0","15","0","15","0","15","0","15","0","15","43","68","43","68","0","15","0","15","43","68","0","15","442","103","313","99","91","65","10","16","22","37","59","63","222","82","129","65","17","20","0","15","0","15","0","15","0","15","17","20","112","67","76","58","16","27","26","42","34","38","36","34",
"1500000US481130181212","Block Group 2; Census Tract 181.21; Dallas County; Texas","738","117","32","31","9","16","9","16","0","15","0","15","9","16","0","15","23","27","23","27","0","15","0","15","0","15","0","15","23","27","0","15","0","15","0","15","0","15","0","15","0","15","706","115","514","114","203","80","18","20","68","63","117","68","311","118","192","98","54","60","54","60","0","15","54","60","0","15","0","15","138","84","116","81","35","54","3","13","78","68","22","24",
"1500000US481130181261","Block Group 1; Census Tract 181.26; Dallas County; Texas","760","301","0","15","0","15","0","15","0","15","0","15","0","15","0","15","0","15","0","15","0","15","0","15","0","15","0","15","0","15","0","15","0","15","0","15","0","15","0","15","0","15","760","301","648","319","164","117","0","15","0","15","164","117","484","305","112","99","89","91","20","38","0","15","0","15","20","38","69","82","23","28","14","23","0","15","0","15","14","23","9","16",
"1500000US481130181262","Block Group 2; Census Tract 181.26; Dallas County; Texas","445","271","47","78","0","15","0","15","0","15","0","15","0","15","0","15","47","78","0","15","0","15","0","15","0","15","0","15","0","15","47","78","47","78","0","15","47","78","0","15","0","15","398","269","376","277","131","134","10","31","0","15","121","130","245","257","22","30","5","17","0","15","0","15","0","15","0","15","5","17","17","23","0","15","0","15","0","15","0","15","17","23",
"1500000US481130181263","Block Group 3; Census Tract 181.26; Dallas County; Texas","273","123","22","39","22","39","0","15","0","15","0","15","0","15","22","39","0","15","0","15","0","15","0","15","0","15","0","15","0","15","0","15","0","15","0","15","0","15","0","15","0","15","251","116","190","120","59","66","0","15","27","46","32","52","131","106","61","62","0","15","0","15","0","15","0","15","0","15","0","15","61","62","25","32","0","15","0","15","25","32","36","53",
"1500000US481130181264","Block Group 4; Census Tract 181.26; Dallas County; Texas","402","149","82","87","55","78","55","78","0","15","0","15","55","78","0","15","27","45","0","15","0","15","0","15","0","15","0","15","0","15","27","45","27","45","0","15","27","45","0","15","0","15","320","149","235","124","102","117","0","15","3","28","99","113","133","71","85","92","85","92","66","84","0","15","0","15","66","84","19","32","0","15","0","15","0","15","0","15","0","15","0","15",
"1500000US481130181271","Block Group 1; Census Tract 181.27; Dallas County; Texas","454","96","41","39","29","37","29","37","0","15","29","37","0","15","0","15","12","15","0","15","0","15","0","15","0","15","0","15","0","15","12","15","4","7","0","15","4","7","0","15","8","13","413","98","327","111","201","91","84","82","23","27","94","48","126","67","86","46","73","44","27","23","11","15","0","15","16","20","46","34","13","14","0","15","0","15","0","15","0","15","13","14",
"1500000US481130181272","Block Group 2; Census Tract 181.27; Dallas County; Texas","266","81","29","33","29","33","13","19","0","15","0","15","13","19","16","29","0","15","0","15","0","15","0","15","0","15","0","15","0","15","0","15","0","15","0","15","0","15","0","15","0","15","237","81","162","59","86","42","0","15","25","26","61","43","76","42","75","57","55","52","20","17","0","15","9","13","11","19","35","51","20","21","16","18","0","15","0","15","16","18","4","9",
"1500000US481130181281","Block Group 1; Census Tract 181.28; Dallas County; Texas","504","170","52","38","34","39","14","24","0","15","14","24","0","15","20","31","18","20","0","15","0","15","0","15","0","15","0","15","0","15","18","20","18","20","0","15","0","15","18","20","0","15","452","168","357","158","166","96","49","61","16","25","101","96","191","121","95","62","23","38","23","38","0","15","0","15","23","38","0","15","72","58","39","44","0","15","0","15","39","44","33","38",
"1500000US481130181282","Block Group 2; Census Tract 181.28; Dallas County; Texas","449","208","0","15","0","15","0","15","0","15","0","15","0","15","0","15","0","15","0","15","0","15","0","15","0","15","0","15","0","15","0","15","0","15","0","15","0","15","0","15","0","15","449","208","351","178","86","77","0","15","21","22","65","77","265","151","98","132","10","16","0","15","0","15","0","15","0","15","10","16","88","132","0","15","0","15","0","15","0","15","88","132",
"1500000US481130181283","Block Group 3; Census Tract 181.28; Dallas County; Texas","604","252","12","20","0","15","0","15","0","15","0","15","0","15","0","15","12","20","12","20","12","20","12","20","0","15","0","15","0","15","0","15","0","15","0","15","0","15","0","15","0","15","592","250","340","216","66","105","0","15","0","15","66","105","274","192","252","175","199","170","199","170","165","160","0","15","34","55","0","15","53","59","0","15","0","15","0","15","0","15","53","59",
"1500000US481130181291","Block Group 1; Census Tract 181.29; Dallas County; Texas","294","101","37","62","37","62","37","62","37","62","0","15","0","15","0","15","0","15","0","15","0","15","0","15","0","15","0","15","0","15","0","15","0","15","0","15","0","15","0","15","0","15","257","83","240","84","99","62","42","58","12","21","45","36","141","60","17","23","9","18","9","18","0","15","0","15","9","18","0","15","8","15","8","15","0","15","0","15","8","15","0","15",
"1500000US481130181292","Block Group 2; Census Tract 181.29; Dallas County; Texas","170","105","53","89","0","15","0","15","0","15","0","15","0","15","0","15","53","89","0","15","0","15","0","15","0","15","0","15","0","15","53","89","53","89","0","15","0","15","53","89","0","15","117","74","38","42","0","15","0","15","0","15","0","15","38","42","79","63","0","15","0","15","0","15","0","15","0","15","0","15","79","63","79","63","28","44","29","38","22","37","0","15",
"1500000US481130181293","Block Group 3; Census Tract 181.29; Dallas County; Texas","554","301","40","40","40","40","0","15","0","15","0","15","0","15","40","40","0","15","0","15","0","15","0","15","0","15","0","15","0","15","0","15","0","15","0","15","0","15","0","15","0","15","514","307","264","105","70","58","20","23","19","24","31","45","194","99","250","286","213","284","213","284","0","15","0","15","213","284","0","15","37","32","0","15","0","15","0","15","0","15","37","32",
"1500000US481130181294","Block Group 4; Census Tract 181.29; Dallas County; Texas","113","75","0","15","0","15","0","15","0","15","0","15","0","15","0","15","0","15","0","15","0","15","0","15","0","15","0","15","0","15","0","15","0","15","0","15","0","15","0","15","0","15","113","75","88","71","0","15","0","15","0","15","0","15","88","71","25","29","12","19","0","15","0","15","0","15","0","15","12","19","13","21","0","15","0","15","0","15","0","15","13","21",
"1500000US481130181301","Block Group 1; Census Tract 181.30; Dallas County; Texas","269","182","50","81","0","15","0","15","0","15","0","15","0","15","0","15","50","81","0","15","0","15","0","15","0","15","0","15","0","15","50","81","50","81","50","81","0","15","0","15","0","15","219","161","104","82","0","15","0","15","0","15","0","15","104","82","115","136","22","39","0","15","0","15","0","15","0","15","22","39","93","129","93","129","0","15","0","15","93","129","0","15",
"1500000US481130181302","Block Group 2; Census Tract 181.30; Dallas County; Texas","462","285","77","90","0","15","0","15","0","15","0","15","0","15","0","15","77","90","0","15","0","15","0","15","0","15","0","15","0","15","77","90","77","90","0","15","17","44","60","68","0","15","385","270","270","176","116","114","52","71","6","22","58","80","154","126","115","192","115","192","0","15","0","15","0","15","0","15","115","192","0","15","0","15","0","15","0","15","0","15","0","15",
"1500000US481130181303","Block Group 3; Census Tract 181.30; Dallas County; Texas","71","78","0","15","0","15","0","15","0","15","0","15","0","15","0","15","0","15","0","15","0","15","0","15","0","15","0","15","0","15","0","15","0","15","0","15","0","15","0","15","0","15","71","78","42","61","27","58","0","15","27","58","0","15","15","24","29","40","0","15","0","15","0","15","0","15","0","15","0","15","29","40","29","40","0","15","0","15","29","40","0","15",
"1500000US481130181321","Block Group 1; Census Tract 181.32; Dallas County; Texas","413","106","0","15","0","15","0","15","0","15","0","15","0","15","0","15","0","15","0","15","0","15","0","15","0","15","0","15","0","15","0","15","0","15","0","15","0","15","0","15","0","15","413","106","308","93","79","58","0","15","20","20","59","52","229","77","105","71","34","34","23","27","0","15","0","15","23","27","11","17","71","62","25","23","8","12","0","15","17","20","46","57",
"1500000US481130181322","Block Group 2; Census Tract 181.32; Dallas County; Texas","1018","342","19","21","19","21","9","14","9","14","0","15","0","15","10","15","0","15","0","15","0","15","0","15","0","15","0","15","0","15","0","15","0","15","0","15","0","15","0","15","0","15","999","338","546","222","213","176","0","15","8","14","205","175","333","134","453","267","10","16","0","15","0","15","0","15","0","15","10","16","443","267","315","273","10","15","34","55","271","269","128","99",
"1500000US481130181323","Block Group 3; Census Tract 181.32; Dallas County; Texas","257","96","12","19","0","15","0","15","0","15","0","15","0","15","0","15","12","19","12","19","12","19","0","15","0","15","12","19","0","15","0","15","0","15","0","15","0","15","0","15","0","15","245","92","208","91","70","53","11","16","24","31","35","41","138","85","37","37","37","37","18","29","0","15","0","15","18","29","19","22","0","15","0","15","0","15","0","15","0","15","0","15",
"1500000US481130181331","Block Group 1; Census Tract 181.33; Dallas County; Texas","481","157","0","15","0","15","0","15","0","15","0","15","0","15","0","15","0","15","0","15","0","15","0","15","0","15","0","15","0","15","0","15","0","15","0","15","0","15","0","15","0","15","481","157","300","102","87","74","51","67","0","15","36","30","213","82","181","116","11","18","11","18","0","15","0","15","11","18","0","15","170","114","99","79","0","15","0","15","99","79","71","83",
"1500000US481130181332","Block Group 2; Census Tract 181.33; Dallas County; Texas","576","153","13","26","0","15","0","15","0","15","0","15","0","15","0","15","13","26","0","15","0","15","0","15","0","15","0","15","0","15","13","26","0","15","0","15","0","15","0","15","13","26","563","145","438","124","148","87","11","19","0","15","137","85","290","87","125","109","0","15","0","15","0","15","0","15","0","15","0","15","125","109","111","111","0","15","0","15","111","111","14","23",
"1500000US481130181341","Block Group 1; Census Tract 181.34; Dallas County; Texas","661","210","39","53","6","9","6","9","0","15","0","15","6","9","0","15","33","52","0","15","0","15","0","15","0","15","0","15","0","15","33","52","0","15","0","15","0","15","0","15","33","52","622","209","570","201","137","92","84","84","14","21","39","42","433","181","52","64","0","15","0","15","0","15","0","15","0","15","0","15","52","64","0","15","0","15","0","15","0","15","52","64",
"1500000US481130181342","Block Group 2; Census Tract 181.34; Dallas County; Texas","814","179","77","94","40","51","11","21","0","15","0","15","11","21","29","50","37","56","0","15","0","15","0","15","0","15","0","15","0","15","37","56","37","56","29","49","8","29","0","15","0","15","737","173","587","168","192","109","37","39","63","86","92","67","395","153","150","91","83","77","15","24","0","15","0","15","15","24","68","75","67","62","34","41","0","15","0","15","34","41","33","42",
"1500000US481130181351","Block Group 1; Census Tract 181.35; Dallas County; Texas","1331","222","122","146","122","146","122","146","0","15","0","15","122","146","0","15","0","15","0","15","0","15","0","15","0","15","0","15","0","15","0","15","0","15","0","15","0","15","0","15","0","15","1209","253","998","256","382","221","138","168","84","120","160","103","616","238","211","137","37","62","0","15","0","15","0","15","0","15","37","62","174","117","109","99","36","45","0","15","73","96","65","59",
"1500000US481130181352","Block Group 2; Census Tract 181.35; Dallas County; Texas","449","226","0","15","0","15","0","15","0","15","0","15","0","15","0","15","0","15","0","15","0","15","0","15","0","15","0","15","0","15","0","15","0","15","0","15","0","15","0","15","0","15","449","226","347","186","157","148","93","112","64","97","0","15","190","97","102","126","79","115","79","115","0","15","0","15","79","115","0","15","23","37","11","29","0","15","0","15","11","29","12","22",
"1500000US481130181371","Block Group 1; Census Tract 181.37; Dallas County; Texas","269","118","50","66","0","15","0","15","0","15","0","15","0","15","0","15","50","66","0","15","0","15","0","15","0","15","0","15","0","15","50","66","50","66","0","15","50","66","0","15","0","15","219","99","109","65","40","31","17","26","0","15","23","19","69","57","110","88","26","24","26","24","0","15","0","15","26","24","0","15","84","83","0","15","0","15","0","15","0","15","84","83",
"1500000US481130181372","Block Group 2; Census Tract 181.37; Dallas County; Texas","280","156","41","65","0","15","0","15","0","15","0","15","0","15","0","15","41","65","0","15","0","15","0","15","0","15","0","15","0","15","41","65","41","65","0","15","0","15","41","65","0","15","239","136","35","45","35","45","0","15","23","41","12","20","0","15","204","132","90","86","39","55","0","15","0","15","39","55","51","73","114","106","52","69","0","15","0","15","52","69","62","84",
"1500000US481130181373","Block Group 3; Census Tract 181.37; Dallas County; Texas","641","269","30","35","20","30","20","30","0","15","0","15","20","30","0","15","10","17","0","15","0","15","0","15","0","15","0","15","0","15","10","17","0","15","0","15","0","15","0","15","10","17","611","270","456","259","266","245","16","25","197","247","53","48","190","89","155","74","49","35","0","15","0","15","0","15","0","15","49","35","106","72","7","11","0","15","0","15","7","11","99","71",
"1500000US481130181381","Block Group 1; Census Tract 181.38; Dallas County; Texas","506","149","47","66","8","13","8","13","0","15","8","13","0","15","0","15","39","65","0","15","0","15","0","15","0","15","0","15","0","15","39","65","39","65","39","65","0","15","0","15","0","15","459","130","379","148","146","100","7","22","77","84","62","60","233","84","80","77","30","52","0","15","0","15","0","15","0","15","30","52","50","57","17","26","0","15","0","15","17","26","33","51",
"1500000US481130181382","Block Group 2; Census Tract 181.38; Dallas County; Texas","245","164","88","135","88","135","0","15","0","15","0","15","0","15","88","135","0","15","0","15","0","15","0","15","0","15","0","15","0","15","0","15","0","15","0","15","0","15","0","15","0","15","157","114","85","68","11","17","0","15","0","15","11","17","74","69","72","91","0","15","0","15","0","15","0","15","0","15","0","15","72","91","72","91","18","31","0","15","54","91","0","15",
"1500000US481130181383","Block Group 3; Census Tract 181.38; Dallas County; Texas","514","288","20","36","0","15","0","15","0","15","0","15","0","15","0","15","20","36","0","15","0","15","0","15","0","15","0","15","0","15","20","36","20","36","0","15","0","15","20","36","0","15","494","287","175","102","0","15","0","15","0","15","0","15","175","102","319","337","12","21","0","15","0","15","0","15","0","15","12","21","307","338","100","138","15","25","0","15","85","134","207","290",
"1500000US481130181401","Block Group 1; Census Tract 181.40; Dallas County; Texas","606","106","48","36","9","14","9","14","0","15","9","14","0","15","0","15","39","33","8","14","8","14","0","15","0","15","8","14","0","15","31","30","21","24","0","15","0","15","21","24","10","15","558","118","517","120","281","79","63","46","57","37","161","71","236","91","41","41","14","23","0","15","0","15","0","15","0","15","14","23","27","33","7","24","0","15","0","15","7","24","20","23",
"1500000US481130181402","Block Group 2; Census Tract 181.40; Dallas County; Texas","397","191","0","15","0","15","0","15","0","15","0","15","0","15","0","15","0","15","0","15","0","15","0","15","0","15","0","15","0","15","0","15","0","15","0","15","0","15","0","15","0","15","397","191","332","187","150","168","4","9","6","12","140","169","182","87","65","61","18","24","0","15","0","15","0","15","0","15","18","24","47","55","27","45","0","15","0","15","27","45","20","38",
"1500000US481130181403","Block Group 3; Census Tract 181.40; Dallas County; Texas","625","170","0","15","0","15","0","15","0","15","0","15","0","15","0","15","0","15","0","15","0","15","0","15","0","15","0","15","0","15","0","15","0","15","0","15","0","15","0","15","0","15","625","170","465","166","262","147","175","132","38","59","49","40","203","109","160","81","68","60","27","32","0","15","10","18","17","25","41","52","92","69","92","69","0","15","0","15","92","69","0","15",
"1500000US481130181411","Block Group 1; Census Tract 181.41; Dallas County; Texas","304","176","0","15","0","15","0","15","0","15","0","15","0","15","0","15","0","15","0","15","0","15","0","15","0","15","0","15","0","15","0","15","0","15","0","15","0","15","0","15","0","15","304","176","102","107","0","15","0","15","0","15","0","15","102","107","202","188","118","165","0","15","0","15","0","15","0","15","118","165","84","83","64","79","38","64","0","15","26","42","20","34",
"1500000US481130181412","Block Group 2; Census Tract 181.41; Dallas County; Texas","347","180","75","106","75","106","75","106","0","15","0","15","75","106","0","15","0","15","0","15","0","15","0","15","0","15","0","15","0","15","0","15","0","15","0","15","0","15","0","15","0","15","272","185","177","150","109","129","105","129","4","11","0","15","68","70","95","100","86","102","86","102","56","85","0","15","30","49","0","15","9","20","0","15","0","15","0","15","0","15","9","20",
"1500000US481130181413","Block Group 3; Census Tract 181.41; Dallas County; Texas","97","93","45","70","0","15","0","15","0","15","0","15","0","15","0","15","45","70","0","15","0","15","0","15","0","15","0","15","0","15","45","70","45","70","0","15","0","15","45","70","0","15","52","48","31","35","0","15","0","15","0","15","0","15","31","35","21","31","13","21","13","21","0","15","0","15","13","21","0","15","8","23","0","15","0","15","0","15","0","15","8","23",
"1500000US481130181421","Block Group 1; Census Tract 181.42; Dallas County; Texas","546","123","19","23","0","15","0","15","0","15","0","15","0","15","0","15","19","23","0","15","0","15","0","15","0","15","0","15","0","15","19","23","8","15","0","15","8","15","0","15","11","17","527","129","475","129","219","105","81","52","17","20","121","90","256","96","52","47","16","21","11","19","0","15","0","15","11","19","5","9","36","43","19","32","0","15","0","15","19","32","17","26",
"1500000US481130181422","Block Group 2; Census Tract 181.42; Dallas County; Texas","484","119","39","59","39","59","39","59","39","59","0","15","0","15","0","15","0","15","0","15","0","15","0","15","0","15","0","15","0","15","0","15","0","15","0","15","0","15","0","15","0","15","445","120","354","106","237","94","25","25","53","61","159","102","117","67","91","63","46","52","5","9","0","15","0","15","5","9","41","52","45","36","22","25","0","15","12","19","10","16","23","37",
"1500000US481130181431","Block Group 1; Census Tract 181.43; Dallas County; Texas","866","193","0","15","0","15","0","15","0","15","0","15","0","15","0","15","0","15","0","15","0","15","0","15","0","15","0","15","0","15","0","15","0","15","0","15","0","15","0","15","0","15","866","193","825","213","498","203","0","15","69","118","429","232","327","193","41","60","0","15","0","15","0","15","0","15","0","15","0","15","41","60","41","60","0","15","0","15","41","60","0","15",
"1500000US481130181432","Block Group 2; Census Tract 181.43; Dallas County; Texas","894","240","0","15","0","15","0","15","0","15","0","15","0","15","0","15","0","15","0","15","0","15","0","15","0","15","0","15","0","15","0","15","0","15","0","15","0","15","0","15","0","15","894","240","711","223","89","62","0","15","0","15","89","62","622","225","183","132","26","46","0","15","0","15","0","15","0","15","26","46","157","127","26","46","0","15","13","30","13","25","131","126",
"1500000US481130181441","Block Group 1; Census Tract 181.44; Dallas County; Texas","443","126","74","86","17","28","17","28","0","15","0","15","17","28","0","15","57","76","0","15","0","15","0","15","0","15","0","15","0","15","57","76","57","76","0","15","0","15","57","76","0","15","369","100","341","104","163","82","10","17","51","70","102","62","178","84","28","32","21","30","0","15","0","15","0","15","0","15","21","30","7","16","0","15","0","15","0","15","0","15","7","16",
"1500000US481130181442","Block Group 2; Census Tract 181.44; Dallas County; Texas","522","142","9","17","0","15","0","15","0","15","0","15","0","15","0","15","9","17","0","15","0","15","0","15","0","15","0","15","0","15","9","17","0","15","0","15","0","15","0","15","9","17","513","142","485","141","321","118","105","109","0","15","216","103","164","81","28","30","0","15","0","15","0","15","0","15","0","15","0","15","28","30","14","23","0","15","0","15","14","23","14","21",
"1500000US481130181451","Block Group 1; Census Tract 181.45; Dallas County; Texas","350","100","0","15","0","15","0","15","0","15","0","15","0","15","0","15","0","15","0","15","0","15","0","15","0","15","0","15","0","15","0","15","0","15","0","15","0","15","0","15","0","15","350","100","249","84","21","23","0","15","0","15","21","23","228","91","101","57","74","47","19","31","0","15","0","15","19","31","55","37","27","32","0","15","0","15","0","15","0","15","27","32",
"1500000US481130181452","Block Group 2; Census Tract 181.45; Dallas County; Texas","1282","231","60","55","41","45","0","15","0","15","0","15","0","15","41","45","19","31","0","15","0","15","0","15","0","15","0","15","0","15","19","31","19","31","0","15","0","15","19","31","0","15","1222","253","1081","237","354","147","188","92","36","41","130","109","727","228","141","146","24","26","24","26","0","15","0","15","24","26","0","15","117","148","98","147","98","147","0","15","0","15","19","32",
"1500000US481130181461","Block Group 1; Census Tract 181.46; Dallas County; Texas","676","164","0","15","0","15","0","15","0","15","0","15","0","15","0","15","0","15","0","15","0","15","0","15","0","15","0","15","0","15","0","15","0","15","0","15","0","15","0","15","0","15","676","164","575","171","233","138","63","74","11","20","159","141","342","100","101","63","83","60","20","30","20","30","0","15","0","15","63","54","18","24","13","23","0","15","0","15","13","23","5","8",
"1500000US481130181462","Block Group 2; Census Tract 181.46; Dallas County; Texas","301","101","10","16","0","15","0","15","0","15","0","15","0","15","0","15","10","16","0","15","0","15","0","15","0","15","0","15","0","15","10","16","0","15","0","15","0","15","0","15","10","16","291","100","243","98","0","15","0","15","0","15","0","15","243","98","48","42","0","15","0","15","0","15","0","15","0","15","0","15","48","42","19","30","0","15","0","15","19","30","29","31",
"1500000US481130181471","Block Group 1; Census Tract 181.47; Dallas County; Texas","1005","569","90","80","60","70","46","63","0","15","0","15","46","63","14","25","30","37","0","15","0","15","0","15","0","15","0","15","0","15","30","37","12","19","12","19","0","15","0","15","18","31","915","552","866","551","538","579","24","31","12","22","502","579","328","111","49","35","30","31","30","31","0","15","0","15","30","31","0","15","19","20","0","15","0","15","0","15","0","15","19","20",
"1500000US481130181472","Block Group 2; Census Tract 181.47; Dallas County; Texas","328","97","68","55","9","15","0","15","0","15","0","15","0","15","9","15","59","52","0","15","0","15","0","15","0","15","0","15","0","15","59","52","59","52","0","15","59","52","0","15","0","15","260","76","205","68","74","57","0","15","28","32","46","47","131","56","55","43","55","43","0","15","0","15","0","15","0","15","55","43","0","15","0","15","0","15","0","15","0","15","0","15",
"1500000US481130181481","Block Group 1; Census Tract 181.48; Dallas County; Texas","257","110","56","51","31","50","0","15","0","15","0","15","0","15","31","50","25","28","0","15","0","15","0","15","0","15","0","15","0","15","25","28","11","17","0","15","0","15","11","17","14","21","201","105","0","15","0","15","0","15","0","15","0","15","0","15","201","105","86","90","34","54","0","15","0","15","34","54","52","81","115","90","94","86","0","15","21","33","73","77","21","26",
"1500000US481130181482","Block Group 2; Census Tract 181.48; Dallas County; Texas","300","95","33","37","0","15","0","15","0","15","0","15","0","15","0","15","33","37","0","15","0","15","0","15","0","15","0","15","0","15","33","37","33","37","0","15","33","37","0","15","0","15","267","89","226","89","153","85","37","35","0","15","116","86","73","45","41","36","20","26","20","26","20","26","0","15","0","15","0","15","21","24","8","15","0","15","8","15","0","15","13","18",
"1500000US481130181483","Block Group 3; Census Tract 181.48; Dallas County; Texas","617","161","29","45","0","15","0","15","0","15","0","15","0","15","0","15","29","45","29","45","29","45","0","15","0","15","29","45","0","15","0","15","0","15","0","15","0","15","0","15","0","15","588","154","295","104","145","86","31","40","23","25","91","78","150","65","293","131","59","62","14","24","0","15","14","24","0","15","45","62","234","124","99","80","0","15","46","69","53","52","135","98",
"1500000US481130181491","Block Group 1; Census Tract 181.49; Dallas County; Texas","567","226","43","44","0","15","0","15","0","15","0","15","0","15","0","15","43","44","0","15","0","15","0","15","0","15","0","15","0","15","43","44","43","44","0","15","16","27","27","40","0","15","524","223","509","230","116","73","0","15","26","45","90","57","393","214","15","21","0","15","0","15","0","15","0","15","0","15","0","15","15","21","11","20","0","15","0","15","11","20","4","7",
"1500000US481130181492","Block Group 2; Census Tract 181.49; Dallas County; Texas","481","133","25","30","0","15","0","15","0","15","0","15","0","15","0","15","25","30","0","15","0","15","0","15","0","15","0","15","0","15","25","30","25","30","0","15","0","15","25","30","0","15","456","139","439","142","266","114","0","15","73","77","193","77","173","116","17","28","17","28","17","28","0","15","0","15","17","28","0","15","0","15","0","15","0","15","0","15","0","15","0","15",
"1500000US481130181501","Block Group 1; Census Tract 181.50; Dallas County; Texas","666","195","47","63","0","15","0","15","0","15","0","15","0","15","0","15","47","63","0","15","0","15","0","15","0","15","0","15","0","15","47","63","47","63","0","15","47","63","0","15","0","15","619","213","592","209","463","185","16","30","168","151","279","119","129","63","27","35","0","15","0","15","0","15","0","15","0","15","0","15","27","35","15","25","0","15","0","15","15","25","12","25",
"1500000US481130181502","Block Group 2; Census Tract 181.50; Dallas County; Texas","473","232","112","184","112","184","0","15","0","15","0","15","0","15","112","184","0","15","0","15","0","15","0","15","0","15","0","15","0","15","0","15","0","15","0","15","0","15","0","15","0","15","361","148","292","153","113","72","19","35","0","15","94","62","179","152","69","57","56","54","56","54","20","33","0","15","36","43","0","15","13","23","0","15","0","15","0","15","0","15","13","23",
"1500000US481130181511","Block Group 1; Census Tract 181.51; Dallas County; Texas","369","248","56","59","56","59","25","42","0","15","0","15","25","42","31","40","0","15","0","15","0","15","0","15","0","15","0","15","0","15","0","15","0","15","0","15","0","15","0","15","0","15","313","244","287","242","83","57","0","15","29","36","54","53","204","236","26","30","9","14","0","15","0","15","0","15","0","15","9","14","17","27","0","15","0","15","0","15","0","15","17","27",
"1500000US481130181512","Block Group 2; Census Tract 181.51; Dallas County; Texas","684","155","22","38","22","38","22","38","0","15","0","15","22","38","0","15","0","15","0","15","0","15","0","15","0","15","0","15","0","15","0","15","0","15","0","15","0","15","0","15","0","15","662","157","471","131","247","131","21","30","84","92","142","97","224","75","191","112","50","56","21","34","0","15","0","15","21","34","29","42","141","100","123","97","41","46","0","15","82","87","18","22",
"1500000US481130181521","Block Group 1; Census Tract 181.52; Dallas County; Texas","270","166","15","25","0","15","0","15","0","15","0","15","0","15","0","15","15","25","0","15","0","15","0","15","0","15","0","15","0","15","15","25","0","15","0","15","0","15","0","15","15","25","255","163","164","122","83","73","41","47","0","15","42","53","81","95","91","108","7","14","0","15","0","15","0","15","0","15","7","14","84","107","84","107","0","15","0","15","84","107","0","15",
"1500000US481130181522","Block Group 2; Census Tract 181.52; Dallas County; Texas","597","181","47","72","0","15","0","15","0","15","0","15","0","15","0","15","47","72","0","15","0","15","0","15","0","15","0","15","0","15","47","72","47","72","0","15","0","15","47","72","0","15","550","180","318","111","144","73","15","26","0","15","129","72","174","104","232","149","107","105","65","89","65","89","0","15","0","15","42","53","125","99","0","15","0","15","0","15","0","15","125","99",
"1500000US481130181523","Block Group 3; Census Tract 181.52; Dallas County; Texas","363","147","0","15","0","15","0","15","0","15","0","15","0","15","0","15","0","15","0","15","0","15","0","15","0","15","0","15","0","15","0","15","0","15","0","15","0","15","0","15","0","15","363","147","249","97","113","98","14","26","0","15","99","94","136","79","114","87","0","15","0","15","0","15","0","15","0","15","0","15","114","87","114","87","0","15","0","15","114","87","0","15",
"1500000US481130181531","Block Group 1; Census Tract 181.53; Dallas County; Texas","663","244","10","15","0","15","0","15","0","15","0","15","0","15","0","15","10","15","10","15","0","15","0","15","0","15","0","15","10","15","0","15","0","15","0","15","0","15","0","15","0","15","653","243","283","140","167","105","40","42","0","15","127","102","116","88","370","215","75","67","17","32","0","15","0","15","17","32","58","61","295","217","196","176","57","63","0","15","139","172","99","147",
"1500000US481130181532","Block Group 2; Census Tract 181.53; Dallas County; Texas","452","148","13","22","0","15","0","15","0","15","0","15","0","15","0","15","13","22","0","15","0","15","0","15","0","15","0","15","0","15","13","22","0","15","0","15","0","15","0","15","13","22","439","147","371","147","130","93","0","15","34","41","96","87","241","130","68","58","20","24","20","24","20","24","0","15","0","15","0","15","48","52","9","17","0","15","0","15","9","17","39","47",
"1500000US481130181533","Block Group 3; Census Tract 181.53; Dallas County; Texas","627","201","11","19","0","15","0","15","0","15","0","15","0","15","0","15","11","19","0","15","0","15","0","15","0","15","0","15","0","15","11","19","11","19","0","15","0","15","11","19","0","15","616","200","501","209","263","155","56","52","35","57","172","115","238","153","115","75","34","48","34","48","9","19","0","15","25","43","0","15","81","63","20","25","0","15","0","15","20","25","61","58",
"1500000US481130181541","Block Group 1; Census Tract 181.54; Dallas County; Texas","583","196","37","42","27","39","27","39","0","15","0","15","27","39","0","15","10","16","0","15","0","15","0","15","0","15","0","15","0","15","10","16","10","16","10","16","0","15","0","15","0","15","546","187","462","175","253","167","117","136","25","34","111","97","209","106","84","68","0","15","0","15","0","15","0","15","0","15","0","15","84","68","35","37","0","15","0","15","35","37","49","59",
"1500000US481130181542","Block Group 2; Census Tract 181.54; Dallas County; Texas","986","175","21","29","12","20","12","20","0","15","0","15","12","20","0","15","9","20","0","15","0","15","0","15","0","15","0","15","0","15","9","20","0","15","0","15","0","15","0","15","9","20","965","181","895","179","458","179","128","115","22","34","308","130","437","162","70","81","9","15","0","15","0","15","0","15","0","15","9","15","61","80","52","79","0","15","0","15","52","79","9","17",
"1500000US481130181551","Block Group 1; Census Tract 181.55; Dallas County; Texas","618","164","67","70","67","70","67","70","24","39","0","15","43","57","0","15","0","15","0","15","0","15","0","15","0","15","0","15","0","15","0","15","0","15","0","15","0","15","0","15","0","15","551","166","524","167","264","131","32","43","56","72","176","104","260","99","27","34","0","15","0","15","0","15","0","15","0","15","0","15","27","34","27","34","0","15","15","24","12","21","0","15",
"1500000US481130181552","Block Group 2; Census Tract 181.55; Dallas County; Texas","1228","219","14","21","14","21","14","21","14","21","0","15","0","15","0","15","0","15","0","15","0","15","0","15","0","15","0","15","0","15","0","15","0","15","0","15","0","15","0","15","0","15","1214","217","1050","208","667","205","136","160","0","15","531","144","383","139","164","133","102","119","0","15","0","15","0","15","0","15","102","119","62","64","10","15","0","15","0","15","10","15","52","60",
"1500000US481130181561","Block Group 1; Census Tract 181.56; Dallas County; Texas","576","308","0","15","0","15","0","15","0","15","0","15","0","15","0","15","0","15","0","15","0","15","0","15","0","15","0","15","0","15","0","15","0","15","0","15","0","15","0","15","0","15","576","308","565","310","266","265","0","15","0","15","266","265","299","178","11","18","0","15","0","15","0","15","0","15","0","15","0","15","11","18","0","15","0","15","0","15","0","15","11","18",
"1500000US481130181562","Block Group 2; Census Tract 181.56; Dallas County; Texas","1053","324","15","25","15","25","0","15","0","15","0","15","0","15","15","25","0","15","0","15","0","15","0","15","0","15","0","15","0","15","0","15","0","15","0","15","0","15","0","15","0","15","1038","319","746","305","220","154","0","15","118","140","102","61","526","273","292","142","88","76","55","64","0","15","0","15","55","64","33","40","204","118","125","95","33","46","0","15","92","84","79","57",
"1500000US481130181571","Block Group 1; Census Tract 181.57; Dallas County; Texas","822","325","49","41","22","28","5","10","0","15","0","15","5","10","17","25","27","30","27","30","0","15","0","15","0","15","0","15","27","30","0","15","0","15","0","15","0","15","0","15","0","15","773","326","537","136","191","88","36","40","29","23","126","69","346","138","236","298","27","42","27","42","0","15","0","15","27","42","0","15","209","294","209","294","0","15","0","15","209","294","0","15",
"1500000US481130181572","Block Group 2; Census Tract 181.57; Dallas County; Texas","328","117","30","47","0","15","0","15","0","15","0","15","0","15","0","15","30","47","0","15","0","15","0","15","0","15","0","15","0","15","30","47","30","47","0","15","0","15","30","47","0","15","298","114","253","112","108","70","23","36","31","51","54","48","145","101","45","45","0","15","0","15","0","15","0","15","0","15","0","15","45","45","8","15","0","15","0","15","8","15","37","40",
"1500000US481130181581","Block Group 1; Census Tract 181.58; Dallas County; Texas","756","221","176","188","0","15","0","15","0","15","0","15","0","15","0","15","176","188","0","15","0","15","0","15","0","15","0","15","0","15","176","188","0","15","0","15","0","15","0","15","176","188","580","137","282","130","153","114","0","15","98","102","55","50","129","64","298","109","17","31","17","31","0","15","0","15","17","31","0","15","281","102","250","99","0","15","0","15","250","99","31","37",
"1500000US481130181582","Block Group 2; Census Tract 181.58; Dallas County; Texas","440","136","26","33","26","33","0","15","0","15","0","15","0","15","26","33","0","15","0","15","0","15","0","15","0","15","0","15","0","15","0","15","0","15","0","15","0","15","0","15","0","15","414","131","289","96","35","48","0","15","0","15","35","48","254","91","125","108","38","65","38","65","0","15","0","15","38","65","0","15","87","84","54","75","0","15","0","15","54","75","33","42",
"1500000US481130181591","Block Group 1; Census Tract 181.59; Dallas County; Texas","769","138","27","33","27","33","0","15","0","15","0","15","0","15","27","33","0","15","0","15","0","15","0","15","0","15","0","15","0","15","0","15","0","15","0","15","0","15","0","15","0","15","742","140","727","139","294","89","29","31","53","48","212","85","433","111","15","21","15","21","0","15","0","15","0","15","0","15","15","21","0","15","0","15","0","15","0","15","0","15","0","15",
"1500000US481130181592","Block Group 2; Census Tract 181.59; Dallas County; Texas","924","133","9","13","9","13","0","15","0","15","0","15","0","15","9","13","0","15","0","15","0","15","0","15","0","15","0","15","0","15","0","15","0","15","0","15","0","15","0","15","0","15","915","132","848","124","569","120","85","53","95","69","389","107","279","93","67","42","13","23","0","15","0","15","0","15","0","15","13","23","54","42","0","15","0","15","0","15","0","15","54","42",
"1500000US481130182031","Block Group 1; Census Tract 182.03; Dallas County; Texas","602","163","74","66","15","25","15","25","0","15","0","15","15","25","0","15","59","61","22","28","0","15","0","15","0","15","0","15","22","28","37","56","0","15","0","15","0","15","0","15","37","56","528","159","369","174","219","156","14","24","77","99","128","103","150","91","159","89","91","58","43","47","0","15","0","15","43","47","48","64","68","71","68","71","0","15","0","15","68","71","0","15",
"1500000US481130182032","Block Group 2; Census Tract 182.03; Dallas County; Texas","197","128","0","15","0","15","0","15","0","15","0","15","0","15","0","15","0","15","0","15","0","15","0","15","0","15","0","15","0","15","0","15","0","15","0","15","0","15","0","15","0","15","197","128","97","79","68","73","0","15","0","15","68","73","29","24","100","100","62","96","0","15","0","15","0","15","0","15","62","96","38","33","27","30","0","15","11","17","16","25","11","14",
"1500000US481130182033","Block Group 3; Census Tract 182.03; Dallas County; Texas","251","100","36","40","32","39","32","39","0","15","19","33","13","21","0","15","4","7","4","7","0","15","0","15","0","15","0","15","4","7","0","15","0","15","0","15","0","15","0","15","0","15","215","94","206","94","160","92","0","15","13","21","147","90","46","45","9","17","0","15","0","15","0","15","0","15","0","15","0","15","9","17","9","17","0","15","0","15","9","17","0","15",
"1500000US481130182034","Block Group 4; Census Tract 182.03; Dallas County; Texas","467","122","106","74","58","48","22","36","0","15","22","36","0","15","36","34","48","59","48","59","48","59","0","15","38","57","10","17","0","15","0","15","0","15","0","15","0","15","0","15","0","15","361","96","184","73","101","60","0","15","22","37","79","68","83","46","177","80","59","70","6","10","0","15","0","15","6","10","53","68","118","73","0","15","0","15","0","15","0","15","118","73",
"1500000US481130182041","Block Group 1; Census Tract 182.04; Dallas County; Texas","553","283","130","112","103","107","98","107","0","15","98","107","0","15","5","8","27","41","0","15","0","15","0","15","0","15","0","15","0","15","27","41","27","41","0","15","27","41","0","15","0","15","423","271","247","160","181","149","0","15","0","15","181","149","66","58","176","227","144","224","139","223","0","15","139","223","0","15","5","9","32","40","7","10","0","15","0","15","7","10","25","39",
"1500000US481130182042","Block Group 2; Census Tract 182.04; Dallas County; Texas","336","86","25","37","5","11","0","15","0","15","0","15","0","15","5","11","20","31","0","15","0","15","0","15","0","15","0","15","0","15","20","31","20","31","0","15","0","15","20","31","0","15","311","80","196","100","103","83","0","15","39","43","64","68","93","77","115","86","56","62","0","15","0","15","0","15","0","15","56","62","59","60","15","24","15","24","0","15","0","15","44","57",
"1500000US481130182043","Block Group 3; Census Tract 182.04; Dallas County; Texas","210","102","26","39","26","39","0","15","0","15","0","15","0","15","26","39","0","15","0","15","0","15","0","15","0","15","0","15","0","15","0","15","0","15","0","15","0","15","0","15","0","15","184","99","88","77","40","49","0","15","0","15","40","49","48","57","96","79","27","42","0","15","0","15","0","15","0","15","27","42","69","68","47","60","0","15","0","15","47","60","22","32",
"1500000US481130182051","Block Group 1; Census Tract 182.05; Dallas County; Texas","488","115","84","72","0","15","0","15","0","15","0","15","0","15","0","15","84","72","22","34","0","15","0","15","0","15","0","15","22","34","62","65","62","65","0","15","38","46","24","45","0","15","404","122","162","95","69","66","19","32","0","15","50","56","93","70","242","99","100","78","51","58","0","15","0","15","51","58","49","53","142","95","111","79","0","15","20","24","91","76","31","40",
"1500000US481130182052","Block Group 2; Census Tract 182.05; Dallas County; Texas","616","128","89","97","65","88","65","88","0","15","12","27","53","84","0","15","24","42","0","15","0","15","0","15","0","15","0","15","0","15","24","42","24","42","24","42","0","15","0","15","0","15","527","101","395","100","220","92","97","73","18","23","105","65","175","48","132","92","68","74","0","15","0","15","0","15","0","15","68","74","64","46","36","36","29","35","5","12","2","7","28","26",
"1500000US481130182061","Block Group 1; Census Tract 182.06; Dallas County; Texas","377","115","71","68","26","39","26","39","0","15","0","15","26","39","0","15","45","58","0","15","0","15","0","15","0","15","0","15","0","15","45","58","12","20","0","15","0","15","12","20","33","53","306","102","126","71","70","53","0","15","16","21","54","50","56","57","180","90","115","66","23","33","0","15","0","15","23","33","92","61","65","73","59","72","0","15","0","15","59","72","6","9",
"1500000US481130182062","Block Group 2; Census Tract 182.06; Dallas County; Texas","253","131","63","89","56","88","56","88","56","88","0","15","0","15","0","15","7","11","7","11","7","11","7","11","0","15","0","15","0","15","0","15","0","15","0","15","0","15","0","15","0","15","190","99","120","81","64","61","0","15","21","33","43","56","56","47","70","60","17","28","17","28","0","15","17","28","0","15","0","15","53","51","34","44","0","15","0","15","34","44","19","30",
"1500000US481130182063","Block Group 3; Census Tract 182.06; Dallas County; Texas","314","88","62","38","22","35","0","15","0","15","0","15","0","15","22","35","40","44","29","42","0","15","0","15","0","15","0","15","29","42","11","18","0","15","0","15","0","15","0","15","11","18","252","84","142","80","76","55","16","24","41","42","19","25","66","73","110","68","0","15","0","15","0","15","0","15","0","15","0","15","110","68","55","42","7","14","28","42","20","21","55","48",
"1500000US481130183001","Block Group 1; Census Tract 183; Dallas County; Texas","388","203","85","95","38","63","0","15","0","15","0","15","0","15","38","63","47","76","0","15","0","15","0","15","0","15","0","15","0","15","47","76","47","76","0","15","47","76","0","15","0","15","303","182","228","171","103","133","17","31","0","15","86","131","125","97","75","66","0","15","0","15","0","15","0","15","0","15","0","15","75","66","12","20","0","15","0","15","12","20","63","62",
"1500000US481130183002","Block Group 2; Census Tract 183; Dallas County; Texas","498","190","186","129","129","139","115","136","0","15","0","15","115","136","14","22","57","76","0","15","0","15","0","15","0","15","0","15","0","15","57","76","57","76","0","15","57","76","0","15","0","15","312","148","222","141","173","121","59","90","0","15","114","104","49","63","90","92","0","15","0","15","0","15","0","15","0","15","0","15","90","92","49","72","0","15","0","15","49","72","41","64",
"1500000US481130183003","Block Group 3; Census Tract 183; Dallas County; Texas","478","161","29","51","0","15","0","15","0","15","0","15","0","15","0","15","29","51","0","15","0","15","0","15","0","15","0","15","0","15","29","51","29","51","0","15","0","15","29","51","0","15","449","159","297","161","236","141","0","15","75","74","161","138","61","70","152","112","11","19","0","15","0","15","0","15","0","15","11","19","141","107","41","60","0","15","41","60","0","15","100","94",
"1500000US481130183004","Block Group 4; Census Tract 183; Dallas County; Texas","306","141","0","15","0","15","0","15","0","15","0","15","0","15","0","15","0","15","0","15","0","15","0","15","0","15","0","15","0","15","0","15","0","15","0","15","0","15","0","15","0","15","306","141","262","141","160","113","50","62","0","15","110","86","102","84","44","44","0","15","0","15","0","15","0","15","0","15","0","15","44","44","28","37","0","15","0","15","28","37","16","25",
"1500000US481130184011","Block Group 1; Census Tract 184.01; Dallas County; Texas","285","123","0","15","0","15","0","15","0","15","0","15","0","15","0","15","0","15","0","15","0","15","0","15","0","15","0","15","0","15","0","15","0","15","0","15","0","15","0","15","0","15","285","123","171","115","65","57","0","15","31","43","34","32","106","101","114","69","24","28","24","28","0","15","0","15","24","28","0","15","90","67","66","63","0","15","0","15","66","63","24","26",
"1500000US481130184012","Block Group 2; Census Tract 184.01; Dallas County; Texas","452","182","51","57","29","43","29","43","0","15","29","43","0","15","0","15","22","33","0","15","0","15","0","15","0","15","0","15","0","15","22","33","22","33","22","33","0","15","0","15","0","15","401","189","224","109","161","100","30","38","24","39","107","86","63","62","177","167","100","158","0","15","0","15","0","15","0","15","100","158","77","76","36","41","0","15","0","15","36","41","41","67",
"1500000US481130184013","Block Group 3; Census Tract 184.01; Dallas County; Texas","422","146","26","41","26","41","26","41","0","15","26","41","0","15","0","15","0","15","0","15","0","15","0","15","0","15","0","15","0","15","0","15","0","15","0","15","0","15","0","15","0","15","396","121","275","93","126","76","25","34","0","15","101","75","149","62","121","101","9","18","9","18","0","15","0","15","9","18","0","15","112","99","98","98","8","14","0","15","90","98","14","25",
"1500000US481130184021","Block Group 1; Census Tract 184.02; Dallas County; Texas","399","127","49","80","0","15","0","15","0","15","0","15","0","15","0","15","49","80","0","15","0","15","0","15","0","15","0","15","0","15","49","80","49","80","49","80","0","15","0","15","0","15","350","98","294","99","99","69","0","15","9","17","90","66","195","86","56","41","0","15","0","15","0","15","0","15","0","15","0","15","56","41","17","22","0","15","0","15","17","22","39","40",
"1500000US481130184022","Block Group 2; Census Tract 184.02; Dallas County; Texas","706","189","241","170","83","58","65","56","0","15","11","19","54","55","18","29","158","161","0","15","0","15","0","15","0","15","0","15","0","15","158","161","130","152","0","15","0","15","130","152","28","43","465","127","338","117","129","89","47","71","40","57","42","33","209","73","127","63","17","23","10","19","10","19","0","15","0","15","7","12","110","60","0","15","0","15","0","15","0","15","110","60",
"1500000US481130184031","Block Group 1; Census Tract 184.03; Dallas County; Texas","379","129","62","48","27","32","27","32","15","27","12","19","0","15","0","15","35","38","16","25","16","25","0","15","16","25","0","15","0","15","19","31","19","31","0","15","0","15","19","31","0","15","317","132","121","84","106","86","23","24","0","15","83","85","15","15","196","109","76","54","59","57","9","15","29","45","21","32","17","25","120","98","77","62","61","62","0","15","16","19","43","66",
"1500000US481130185011","Block Group 1; Census Tract 185.01; Dallas County; Texas","666","205","59","53","35","51","35","51","0","15","0","15","35","51","0","15","24","25","0","15","0","15","0","15","0","15","0","15","0","15","24","25","24","25","0","15","10","15","14","22","0","15","607","185","423","182","227","175","72","65","123","162","32","33","196","76","184","98","54","63","40","63","0","15","0","15","40","63","14","18","130","79","77","71","0","15","9","15","68","68","53","46",
"1500000US481130185012","Block Group 2; Census Tract 185.01; Dallas County; Texas","363","187","21","23","21","23","11","17","11","17","0","15","0","15","10","15","0","15","0","15","0","15","0","15","0","15","0","15","0","15","0","15","0","15","0","15","0","15","0","15","0","15","342","186","276","177","194","165","0","15","0","15","194","165","82","66","66","65","32","48","32","48","0","15","0","15","32","48","0","15","34","44","34","44","0","15","0","15","34","44","0","15",
"1500000US481130185051","Block Group 1; Census Tract 185.05; Dallas County; Texas","241","127","105","87","105","87","105","87","22","37","23","39","60","67","0","15","0","15","0","15","0","15","0","15","0","15","0","15","0","15","0","15","0","15","0","15","0","15","0","15","0","15","136","102","35","44","35","44","27","43","8","13","0","15","0","15","101","93","62","80","62","80","0","15","0","15","62","80","0","15","39","43","25","38","0","15","0","15","25","38","14","21",
"1500000US481130185052","Block Group 2; Census Tract 185.05; Dallas County; Texas","298","137","11","19","0","15","0","15","0","15","0","15","0","15","0","15","11","19","0","15","0","15","0","15","0","15","0","15","0","15","11","19","11","19","0","15","0","15","11","19","0","15","287","137","104","106","6","12","0","15","0","15","6","12","98","106","183","97","57","48","31","36","15","17","1","17","15","24","26","29","126","91","117","90","33","48","0","15","84","81","9","14",
"1500000US481130185053","Block Group 3; Census Tract 185.05; Dallas County; Texas","261","122","45","70","0","15","0","15","0","15","0","15","0","15","0","15","45","70","45","70","0","15","0","15","0","15","0","15","45","70","0","15","0","15","0","15","0","15","0","15","0","15","216","101","77","68","64","67","24","28","40","63","0","15","13","21","139","77","0","15","0","15","0","15","0","15","0","15","0","15","139","77","98","66","90","64","8","13","0","15","41","40",
"1500000US481130185061","Block Group 1; Census Tract 185.06; Dallas County; Texas","107","85","83","74","26","38","5","25","5","25","0","15","0","15","21","32","57","68","20","35","0","15","0","15","0","15","0","15","20","35","37","59","37","59","0","15","0","15","37","59","0","15","24","40","0","15","0","15","0","15","0","15","0","15","0","15","24","40","0","15","0","15","0","15","0","15","0","15","0","15","24","40","0","15","0","15","0","15","0","15","24","40",
"1500000US481130185062","Block Group 2; Census Tract 185.06; Dallas County; Texas","445","192","18","28","0","15","0","15","0","15","0","15","0","15","0","15","18","28","0","15","0","15","0","15","0","15","0","15","0","15","18","28","18","28","0","15","0","15","18","28","0","15","427","191","289","167","193","170","67","81","0","15","126","150","96","61","138","107","44","70","44","70","0","15","0","15","44","70","0","15","94","87","45","75","0","15","0","15","45","75","49","43",
"1500000US481130185063","Block Group 3; Census Tract 185.06; Dallas County; Texas","117","94","48","79","0","15","0","15","0","15","0","15","0","15","0","15","48","79","0","15","0","15","0","15","0","15","0","15","0","15","48","79","48","79","0","15","48","79","0","15","0","15","69","44","34","30","14","24","0","15","0","15","14","24","20","22","35","38","0","15","0","15","0","15","0","15","0","15","0","15","35","38","0","15","0","15","0","15","0","15","35","38",
"1500000US481130185071","Block Group 1; Census Tract 185.07; Dallas County; Texas","197","117","106","86","0","15","0","15","0","15","0","15","0","15","0","15","106","86","77","92","77","92","0","15","30","50","47","77","0","15","29","48","0","15","0","15","0","15","0","15","29","48","91","81","58","62","0","15","0","15","0","15","0","15","58","62","33","52","0","15","0","15","0","15","0","15","0","15","0","15","33","52","33","52","0","15","0","15","33","52","0","15",
"1500000US481130185072","Block Group 2; Census Tract 185.07; Dallas County; Texas","296","161","81","97","0","15","0","15","0","15","0","15","0","15","0","15","81","97","31","51","0","15","0","15","0","15","0","15","31","51","50","81","50","81","0","15","0","15","50","81","0","15","215","138","52","36","16","24","0","15","0","15","16","24","36","34","163","136","54","87","54","87","0","15","0","15","54","87","0","15","109","106","55","69","0","15","38","62","17","27","54","82",
"1500000US481130185073","Block Group 3; Census Tract 185.07; Dallas County; Texas","635","324","96","105","0","15","0","15","0","15","0","15","0","15","0","15","96","105","44","72","44","72","44","72","0","15","0","15","0","15","52","80","52","80","0","15","0","15","52","80","0","15","539","308","305","287","44","71","44","71","0","15","0","15","261","281","234","123","125","90","101","85","0","15","71","97","30","51","24","28","109","81","74","86","0","15","29","47","45","68","35","58",
"1500000US481130185081","Block Group 1; Census Tract 185.08; Dallas County; Texas","374","147","45","49","45","49","45","49","0","15","0","15","45","49","0","15","0","15","0","15","0","15","0","15","0","15","0","15","0","15","0","15","0","15","0","15","0","15","0","15","0","15","329","124","190","103","71","65","0","15","34","49","37","46","119","106","139","82","10","16","0","15","0","15","0","15","0","15","10","16","129","81","58","70","0","15","0","15","58","70","71","45",
"1500000US481130186001","Block Group 1; Census Tract 186; Dallas County; Texas","327","150","8","13","8","13","8","13","0","15","0","15","8","13","0","15","0","15","0","15","0","15","0","15","0","15","0","15","0","15","0","15","0","15","0","15","0","15","0","15","0","15","319","149","298","151","109","74","40","40","29","46","40","48","189","149","21","20","7","12","0","15","0","15","0","15","0","15","7","12","14","16","5","8","0","15","5","8","0","15","9","13",
"1500000US481130186002","Block Group 2; Census Tract 186; Dallas County; Texas","281","107","0","15","0","15","0","15","0","15","0","15","0","15","0","15","0","15","0","15","0","15","0","15","0","15","0","15","0","15","0","15","0","15","0","15","0","15","0","15","0","15","281","107","234","101","173","88","57","55","30","32","86","63","61","43","47","52","0","15","0","15","0","15","0","15","0","15","0","15","47","52","29","48","0","15","29","48","0","15","18","21",
"1500000US481130186003","Block Group 3; Census Tract 186; Dallas County; Texas","318","86","16","19","6","12","6","12","0","15","6","12","0","15","0","15","10","15","0","15","0","15","0","15","0","15","0","15","0","15","10","15","10","15","0","15","0","15","10","15","0","15","302","84","179","69","42","35","14","21","0","15","28","25","137","63","123","67","3","12","3","12","0","15","0","15","3","12","0","15","120","69","84","60","0","15","10","15","74","60","36","46",
"1500000US481130187001","Block Group 1; Census Tract 187; Dallas County; Texas","693","187","70","60","42","50","42","50","24","39","18","29","0","15","0","15","28","32","16","26","16","26","0","15","0","15","16","26","0","15","12","19","12","19","0","15","0","15","12","19","0","15","623","191","451","185","267","157","16","26","12","19","239","157","184","81","172","85","84","59","51","48","39","43","0","15","12","22","33","38","88","67","46","55","0","15","23","40","23","38","42","44",
"1500000US481130187002","Block Group 2; Census Tract 187; Dallas County; Texas","390","121","94","61","16","26","16","26","0","15","0","15","16","26","0","15","78","57","26","42","26","42","0","15","0","15","26","42","0","15","52","52","52","52","0","15","42","49","10","16","0","15","296","116","197","108","139","99","10","16","59","58","70","83","58","49","99","85","60","74","0","15","0","15","0","15","0","15","60","74","39","47","39","47","0","15","24","39","15","25","0","15",
"1500000US481130187003","Block Group 3; Census Tract 187; Dallas County; Texas","521","113","37","36","22","28","13","23","13","23","0","15","0","15","9","15","15","22","0","15","0","15","0","15","0","15","0","15","0","15","15","22","0","15","0","15","0","15","0","15","15","22","484","115","325","119","172","98","28","31","40","54","104","75","153","92","159","72","27","35","0","15","0","15","0","15","0","15","27","35","132","67","75","53","42","42","10","17","23","36","57","40",
"1500000US481130188011","Block Group 1; Census Tract 188.01; Dallas County; Texas","334","120","6","13","6","13","6","13","0","15","0","15","6","13","0","15","0","15","0","15","0","15","0","15","0","15","0","15","0","15","0","15","0","15","0","15","0","15","0","15","0","15","328","122","294","120","160","95","34","41","31","51","95","74","134","78","34","34","0","15","0","15","0","15","0","15","0","15","0","15","34","34","0","15","0","15","0","15","0","15","34","34",
"1500000US481130188012","Block Group 2; Census Tract 188.01; Dallas County; Texas","365","154","0","15","0","15","0","15","0","15","0","15","0","15","0","15","0","15","0","15","0","15","0","15","0","15","0","15","0","15","0","15","0","15","0","15","0","15","0","15","0","15","365","154","257","145","68","52","0","15","43","47","25","28","189","136","108","64","13","20","13","20","0","15","0","15","13","20","0","15","95","62","33","49","5","26","17","30","11","21","62","46",
"1500000US481130188013","Block Group 3; Census Tract 188.01; Dallas County; Texas","284","105","36","47","36","47","36","47","7","13","0","15","29","45","0","15","0","15","0","15","0","15","0","15","0","15","0","15","0","15","0","15","0","15","0","15","0","15","0","15","0","15","248","104","171","96","28","36","7","13","0","15","21","33","143","86","77","64","48","59","27","41","0","15","0","15","27","41","21","38","29","29","8","14","8","14","0","15","0","15","21","26",
"1500000US481130188021","Block Group 1; Census Tract 188.02; Dallas County; Texas","456","108","4","7","0","15","0","15","0","15","0","15","0","15","0","15","4","7","0","15","0","15","0","15","0","15","0","15","0","15","4","7","4","7","0","15","4","7","0","15","0","15","452","109","227","77","102","50","44","35","0","15","58","28","125","72","225","97","27","23","20","19","0","15","0","15","20","19","7","11","198","98","165","93","8","12","0","15","157","92","33","25",
"1500000US481130189001","Block Group 1; Census Tract 189; Dallas County; Texas","285","115","18","28","18","28","18","28","18","28","0","15","0","15","0","15","0","15","0","15","0","15","0","15","0","15","0","15","0","15","0","15","0","15","0","15","0","15","0","15","0","15","267","114","201","93","103","78","0","15","20","24","83","76","98","49","66","65","0","15","0","15","0","15","0","15","0","15","0","15","66","65","0","15","0","15","0","15","0","15","66","65",
"1500000US481130189002","Block Group 2; Census Tract 189; Dallas County; Texas","530","213","76","88","19","33","19","33","0","15","0","15","19","33","0","15","57","74","10","16","10","16","0","15","0","15","10","16","0","15","47","71","47","71","0","15","47","71","0","15","0","15","454","210","392","198","219","182","0","15","0","15","219","182","173","75","62","64","0","15","0","15","0","15","0","15","0","15","0","15","62","64","0","15","0","15","0","15","0","15","62","64",
"1500000US481130189003","Block Group 3; Census Tract 189; Dallas County; Texas","462","148","81","93","49","77","0","15","0","15","0","15","0","15","49","77","32","48","0","15","0","15","0","15","0","15","0","15","0","15","32","48","32","48","0","15","32","48","0","15","0","15","381","145","299","140","134","87","11","18","8","17","115","87","165","110","82","85","62","81","8","16","8","16","0","15","0","15","54","75","20","23","8","13","0","15","0","15","8","13","12","19",
"1500000US481130189004","Block Group 4; Census Tract 189; Dallas County; Texas","153","87","42","66","42","66","42","66","0","15","0","15","42","66","0","15","0","15","0","15","0","15","0","15","0","15","0","15","0","15","0","15","0","15","0","15","0","15","0","15","0","15","111","63","99","63","44","36","12","18","11","17","21","26","55","49","12","18","12","18","12","18","0","15","12","18","0","15","0","15","0","15","0","15","0","15","0","15","0","15","0","15",
"1500000US481130190131","Block Group 1; Census Tract 190.13; Dallas County; Texas","640","144","173","110","99","88","99","88","0","15","99","88","0","15","0","15","74","75","29","48","29","48","0","15","0","15","29","48","0","15","45","56","45","56","0","15","0","15","45","56","0","15","467","114","279","111","195","119","37","58","90","76","68","83","84","74","188","96","57","66","27","42","0","15","27","42","0","15","30","51","131","64","109","64","18","31","0","15","91","59","22","30",
"1500000US481130190132","Block Group 2; Census Tract 190.13; Dallas County; Texas","448","110","134","83","16","25","16","25","0","15","16","25","0","15","0","15","118","80","0","15","0","15","0","15","0","15","0","15","0","15","118","80","80","77","8","22","62","72","10","18","38","61","314","106","130","72","87","69","17","28","31","42","39","43","43","41","184","109","43","56","32","52","0","15","0","15","32","52","11","20","141","102","87","67","0","15","10","18","77","63","54","85",
"1500000US481130190161","Block Group 1; Census Tract 190.16; Dallas County; Texas","229","108","7","12","0","15","0","15","0","15","0","15","0","15","0","15","7","12","0","15","0","15","0","15","0","15","0","15","0","15","7","12","7","12","0","15","0","15","7","12","0","15","222","105","135","83","51","51","33","46","0","15","18","30","84","67","87","65","12","20","0","15","0","15","0","15","0","15","12","20","75","61","0","15","0","15","0","15","0","15","75","61",
"1500000US481130190162","Block Group 2; Census Tract 190.16; Dallas County; Texas","140","86","62","61","62","61","62","61","41","56","21","35","0","15","0","15","0","15","0","15","0","15","0","15","0","15","0","15","0","15","0","15","0","15","0","15","0","15","0","15","0","15","78","71","19","27","0","15","0","15","0","15","0","15","19","27","59","74","15","26","0","15","0","15","0","15","0","15","15","26","44","70","44","70","0","15","0","15","44","70","0","15",
"1500000US481130190163","Block Group 3; Census Tract 190.16; Dallas County; Texas","127","97","13","22","13","22","13","22","0","15","0","15","13","22","0","15","0","15","0","15","0","15","0","15","0","15","0","15","0","15","0","15","0","15","0","15","0","15","0","15","0","15","114","98","19","31","0","15","0","15","0","15","0","15","19","31","95","93","23","32","23","32","0","15","0","15","23","32","0","15","72","89","72","89","61","87","0","15","11","17","0","15",
"1500000US481130190181","Block Group 1; Census Tract 190.18; Dallas County; Texas","800","209","24","29","24","29","0","15","0","15","0","15","0","15","24","29","0","15","0","15","0","15","0","15","0","15","0","15","0","15","0","15","0","15","0","15","0","15","0","15","0","15","776","217","512","223","152","82","52","53","18","29","82","68","360","204","264","117","87","76","71","67","0","15","29","45","42","50","16","28","177","99","28","46","28","46","0","15","0","15","149","105",
"1500000US481130190182","Block Group 2; Census Tract 190.18; Dallas County; Texas","107","79","11","41","11","41","11","41","0","15","11","41","0","15","0","15","0","15","0","15","0","15","0","15","0","15","0","15","0","15","0","15","0","15","0","15","0","15","0","15","0","15","96","70","96","70","47","60","14","22","0","15","33","54","49","44","0","15","0","15","0","15","0","15","0","15","0","15","0","15","0","15","0","15","0","15","0","15","0","15","0","15",
"1500000US481130190183","Block Group 3; Census Tract 190.18; Dallas County; Texas","173","115","53","60","53","60","36","58","36","58","0","15","0","15","17","28","0","15","0","15","0","15","0","15","0","15","0","15","0","15","0","15","0","15","0","15","0","15","0","15","0","15","120","88","0","15","0","15","0","15","0","15","0","15","0","15","120","88","0","15","0","15","0","15","0","15","0","15","0","15","120","88","68","89","49","79","19","36","0","15","52","62",
"1500000US481130190184","Block Group 4; Census Tract 190.18; Dallas County; Texas","2","20","0","15","0","15","0","15","0","15","0","15","0","15","0","15","0","15","0","15","0","15","0","15","0","15","0","15","0","15","0","15","0","15","0","15","0","15","0","15","0","15","2","20","2","20","2","20","0","15","0","15","2","20","0","15","0","15","0","15","0","15","0","15","0","15","0","15","0","15","0","15","0","15","0","15","0","15","0","15","0","15",
"1500000US481130190191","Block Group 1; Census Tract 190.19; Dallas County; Texas","433","201","59","96","0","15","0","15","0","15","0","15","0","15","0","15","59","96","0","15","0","15","0","15","0","15","0","15","0","15","59","96","59","96","0","15","59","96","0","15","0","15","374","199","183","138","165","138","0","15","90","109","75","96","18","48","191","152","26","43","0","15","0","15","0","15","0","15","26","43","165","146","165","146","165","146","0","15","0","15","0","15",
"1500000US481130190192","Block Group 2; Census Tract 190.19; Dallas County; Texas","375","170","43","72","0","15","0","15","0","15","0","15","0","15","0","15","43","72","0","15","0","15","0","15","0","15","0","15","0","15","43","72","0","15","0","15","0","15","0","15","43","72","332","157","264","141","137","115","25","41","23","36","89","96","127","76","68","72","19","29","19","29","0","15","0","15","19","29","0","15","49","66","16","32","0","15","16","32","0","15","33","56",
"1500000US481130190193","Block Group 3; Census Tract 190.19; Dallas County; Texas","322","135","55","88","55","88","55","88","0","15","0","15","55","88","0","15","0","15","0","15","0","15","0","15","0","15","0","15","0","15","0","15","0","15","0","15","0","15","0","15","0","15","267","95","220","102","82","73","0","15","31","32","51","65","138","105","47","60","27","46","0","15","0","15","0","15","0","15","27","46","20","32","0","15","0","15","0","15","0","15","20","32",
"1500000US481130190194","Block Group 4; Census Tract 190.19; Dallas County; Texas","465","194","295","153","83","120","83","120","0","15","15","46","68","103","0","15","212","129","0","15","0","15","0","15","0","15","0","15","0","15","212","129","188","136","0","15","72","58","116","131","24","41","170","124","88","95","88","95","41","68","47","61","0","15","0","15","82","84","35","64","0","15","0","15","0","15","0","15","35","64","47","54","0","15","0","15","0","15","0","15","47","54",
"1500000US481130190201","Block Group 1; Census Tract 190.20; Dallas County; Texas","410","178","43","66","43","66","43","66","0","15","0","15","43","66","0","15","0","15","0","15","0","15","0","15","0","15","0","15","0","15","0","15","0","15","0","15","0","15","0","15","0","15","367","162","284","161","34","48","0","15","0","15","34","48","250","151","83","79","0","15","0","15","0","15","0","15","0","15","0","15","83","79","37","57","0","15","0","15","37","57","46","57",
"1500000US481130190202","Block Group 2; Census Tract 190.20; Dallas County; Texas","446","110","8","15","0","15","0","15","0","15","0","15","0","15","0","15","8","15","0","15","0","15","0","15","0","15","0","15","0","15","8","15","0","15","0","15","0","15","0","15","8","15","438","115","360","118","148","108","0","15","0","15","148","108","212","103","78","61","0","15","0","15","0","15","0","15","0","15","0","15","78","61","0","15","0","15","0","15","0","15","78","61",
"1500000US481130190203","Block Group 3; Census Tract 190.20; Dallas County; Texas","1048","562","84","104","84","104","84","104","0","15","0","15","84","104","0","15","0","15","0","15","0","15","0","15","0","15","0","15","0","15","0","15","0","15","0","15","0","15","0","15","0","15","964","551","732","576","486","468","48","72","298","444","140","129","246","291","232","125","0","15","0","15","0","15","0","15","0","15","0","15","232","125","77","95","0","15","0","15","77","95","155","93",
"1500000US481130190231","Block Group 1; Census Tract 190.23; Dallas County; Texas","448","182","0","15","0","15","0","15","0","15","0","15","0","15","0","15","0","15","0","15","0","15","0","15","0","15","0","15","0","15","0","15","0","15","0","15","0","15","0","15","0","15","448","182","440","181","217","170","150","166","17","28","50","47","223","107","8","13","0","15","0","15","0","15","0","15","0","15","0","15","8","13","0","15","0","15","0","15","0","15","8","13",
"1500000US481130190232","Block Group 2; Census Tract 190.23; Dallas County; Texas","414","176","0","15","0","15","0","15","0","15","0","15","0","15","0","15","0","15","0","15","0","15","0","15","0","15","0","15","0","15","0","15","0","15","0","15","0","15","0","15","0","15","414","176","328","189","111","69","19","30","0","15","92","60","217","172","86","71","41","60","0","15","0","15","0","15","0","15","41","60","45","46","24","40","0","15","0","15","24","40","21","27",
"1500000US481130190233","Block Group 3; Census Tract 190.23; Dallas County; Texas","182","85","0","15","0","15","0","15","0","15","0","15","0","15","0","15","0","15","0","15","0","15","0","15","0","15","0","15","0","15","0","15","0","15","0","15","0","15","0","15","0","15","182","85","107","82","27","30","15","24","12","19","0","15","80","77","75","63","0","15","0","15","0","15","0","15","0","15","0","15","75","63","27","36","0","15","0","15","27","36","48","59",
"1500000US481130190234","Block Group 4; Census Tract 190.23; Dallas County; Texas","450","246","0","15","0","15","0","15","0","15","0","15","0","15","0","15","0","15","0","15","0","15","0","15","0","15","0","15","0","15","0","15","0","15","0","15","0","15","0","15","0","15","450","246","400","246","272","255","11","18","10","16","251","251","128","66","50","55","50","55","7","11","0","15","0","15","7","11","43","55","0","15","0","15","0","15","0","15","0","15","0","15",
"1500000US481130190241","Block Group 1; Census Tract 190.24; Dallas County; Texas","486","105","15","24","15","24","0","15","0","15","0","15","0","15","15","24","0","15","0","15","0","15","0","15","0","15","0","15","0","15","0","15","0","15","0","15","0","15","0","15","0","15","471","107","393","94","136","68","22","24","11","16","103","65","257","88","78","57","15","20","15","20","0","15","0","15","15","20","0","15","63","48","9","15","0","15","0","15","9","15","54","47",
"1500000US481130190242","Block Group 2; Census Tract 190.24; Dallas County; Texas","624","179","77","66","28","38","28","38","0","15","28","38","0","15","0","15","49","44","0","15","0","15","0","15","0","15","0","15","0","15","49","44","49","44","0","15","0","15","49","44","0","15","547","184","404","172","204","155","48","51","13","24","143","165","200","75","143","88","51","50","0","15","0","15","0","15","0","15","51","50","92","65","72","54","0","15","0","15","72","54","20","27",
"1500000US481130190251","Block Group 1; Census Tract 190.25; Dallas County; Texas","236","75","12","18","12","18","0","15","0","15","0","15","0","15","12","18","0","15","0","15","0","15","0","15","0","15","0","15","0","15","0","15","0","15","0","15","0","15","0","15","0","15","224","73","185","68","64","44","23","30","0","15","41","37","121","60","39","37","0","15","0","15","0","15","0","15","0","15","0","15","39","37","0","15","0","15","0","15","0","15","39","37",
"1500000US481130190252","Block Group 2; Census Tract 190.25; Dallas County; Texas","449","112","46","38","39","37","17","22","0","15","0","15","17","22","22","28","7","11","0","15","0","15","0","15","0","15","0","15","0","15","7","11","0","15","0","15","0","15","0","15","7","11","403","115","304","107","118","67","9","15","15","23","94","64","186","73","99","81","17","23","17","23","0","15","0","15","17","23","0","15","82","78","12","21","0","15","0","15","12","21","70","76",
"1500000US481130190253","Block Group 3; Census Tract 190.25; Dallas County; Texas","483","112","0","15","0","15","0","15","0","15","0","15","0","15","0","15","0","15","0","15","0","15","0","15","0","15","0","15","0","15","0","15","0","15","0","15","0","15","0","15","0","15","483","112","410","108","235","105","90","61","94","82","51","38","175","74","73","52","29","33","17","29","0","15","0","15","17","29","12","17","44","40","0","15","0","15","0","15","0","15","44","40",
"1500000US481130190261","Block Group 1; Census Tract 190.26; Dallas County; Texas","329","132","0","15","0","15","0","15","0","15","0","15","0","15","0","15","0","15","0","15","0","15","0","15","0","15","0","15","0","15","0","15","0","15","0","15","0","15","0","15","0","15","329","132","329","132","164","90","0","15","68","115","96","83","165","114","0","15","0","15","0","15","0","15","0","15","0","15","0","15","0","15","0","15","0","15","0","15","0","15","0","15",
"1500000US481130190262","Block Group 2; Census Tract 190.26; Dallas County; Texas","206","131","0","15","0","15","0","15","0","15","0","15","0","15","0","15","0","15","0","15","0","15","0","15","0","15","0","15","0","15","0","15","0","15","0","15","0","15","0","15","0","15","206","131","178","128","117","114","0","15","0","15","117","114","61","58","28","46","0","15","0","15","0","15","0","15","0","15","0","15","28","46","0","15","0","15","0","15","0","15","28","46",
"1500000US481130190263","Block Group 3; Census Tract 190.26; Dallas County; Texas","469","155","32","49","32","49","0","15","0","15","0","15","0","15","32","49","0","15","0","15","0","15","0","15","0","15","0","15","0","15","0","15","0","15","0","15","0","15","0","15","0","15","437","151","308","146","23","49","8","18","0","15","15","40","285","138","129","92","88","78","17","31","17","31","0","15","0","15","71","72","41","45","0","15","0","15","0","15","0","15","41","45",
"1500000US481130190264","Block Group 4; Census Tract 190.26; Dallas County; Texas","660","209","15","25","15","25","0","15","0","15","0","15","0","15","15","25","0","15","0","15","0","15","0","15","0","15","0","15","0","15","0","15","0","15","0","15","0","15","0","15","0","15","645","208","548","185","63","70","32","49","0","15","31","52","485","187","97","86","76","85","46","72","0","15","0","15","46","72","30","44","21","23","0","15","0","15","0","15","0","15","21","23",
"1500000US481130190271","Block Group 1; Census Tract 190.27; Dallas County; Texas","695","349","31","37","16","33","16","33","0","15","0","15","16","33","0","15","15","24","0","15","0","15","0","15","0","15","0","15","0","15","15","24","0","15","0","15","0","15","0","15","15","24","664","346","597","344","80","53","0","15","20","28","60","66","517","347","67","65","0","15","0","15","0","15","0","15","0","15","0","15","67","65","0","15","0","15","0","15","0","15","67","65",
"1500000US481130190272","Block Group 2; Census Tract 190.27; Dallas County; Texas","723","253","0","15","0","15","0","15","0","15","0","15","0","15","0","15","0","15","0","15","0","15","0","15","0","15","0","15","0","15","0","15","0","15","0","15","0","15","0","15","0","15","723","253","485","184","210","161","12","19","95","76","103","139","275","116","238","164","119","94","40","64","0","15","0","15","40","64","79","68","119","132","0","15","0","15","0","15","0","15","119","132",
"1500000US481130190273","Block Group 3; Census Tract 190.27; Dallas County; Texas","189","143","0","15","0","15","0","15","0","15","0","15","0","15","0","15","0","15","0","15","0","15","0","15","0","15","0","15","0","15","0","15","0","15","0","15","0","15","0","15","0","15","189","143","139","126","139","126","82","99","0","15","57","88","0","15","50","73","0","15","0","15","0","15","0","15","0","15","0","15","50","73","50","73","50","73","0","15","0","15","0","15",
"1500000US481130190274","Block Group 4; Census Tract 190.27; Dallas County; Texas","418","160","88","103","54","86","0","15","0","15","0","15","0","15","54","86","34","51","34","51","34","51","0","15","0","15","34","51","0","15","0","15","0","15","0","15","0","15","0","15","0","15","330","140","203","111","91","105","70","100","0","15","21","29","112","98","127","82","0","15","0","15","0","15","0","15","0","15","0","15","127","82","68","60","24","39","0","15","44","47","59","69",
"1500000US481130190281","Block Group 1; Census Tract 190.28; Dallas County; Texas","385","115","24","35","24","35","0","15","0","15","0","15","0","15","24","35","0","15","0","15","0","15","0","15","0","15","0","15","0","15","0","15","0","15","0","15","0","15","0","15","0","15","361","117","253","91","132","71","0","15","2","9","130","70","121","84","108","72","59","71","43","67","43","67","0","15","0","15","16","26","49","43","2","9","0","15","0","15","2","9","47","44",
"1500000US481130190282","Block Group 2; Census Tract 190.28; Dallas County; Texas","542","125","17","28","17","28","17","28","0","15","17","28","0","15","0","15","0","15","0","15","0","15","0","15","0","15","0","15","0","15","0","15","0","15","0","15","0","15","0","15","0","15","525","123","335","108","147","94","13","21","13","22","121","87","188","77","190","100","90","81","0","15","0","15","0","15","0","15","90","81","100","64","49","48","23","34","26","38","0","15","51","48",
"1500000US481130190291","Block Group 1; Census Tract 190.29; Dallas County; Texas","480","164","13","23","0","15","0","15","0","15","0","15","0","15","0","15","13","23","0","15","0","15","0","15","0","15","0","15","0","15","13","23","13","23","0","15","0","15","13","23","0","15","467","168","386","169","50","71","0","15","0","15","50","71","336","145","81","83","23","37","0","15","0","15","0","15","0","15","23","37","58","72","0","15","0","15","0","15","0","15","58","72",
"1500000US481130190292","Block Group 2; Census Tract 190.29; Dallas County; Texas","602","250","1","12","1","12","0","15","0","15","0","15","0","15","1","12","0","15","0","15","0","15","0","15","0","15","0","15","0","15","0","15","0","15","0","15","0","15","0","15","0","15","601","249","524","220","400","209","73","80","0","15","327","207","124","89","77","106","0","15","0","15","0","15","0","15","0","15","0","15","77","106","0","15","0","15","0","15","0","15","77","106",
"1500000US481130190293","Block Group 3; Census Tract 190.29; Dallas County; Texas","565","220","0","15","0","15","0","15","0","15","0","15","0","15","0","15","0","15","0","15","0","15","0","15","0","15","0","15","0","15","0","15","0","15","0","15","0","15","0","15","0","15","565","220","395","187","303","156","0","15","0","15","303","156","92","87","170","100","49","56","34","51","0","15","0","15","34","51","15","32","121","89","52","51","0","15","0","15","52","51","69","76",
"1500000US481130190311","Block Group 1; Census Tract 190.31; Dallas County; Texas","364","136","12","19","12","19","0","15","0","15","0","15","0","15","12","19","0","15","0","15","0","15","0","15","0","15","0","15","0","15","0","15","0","15","0","15","0","15","0","15","0","15","352","139","237","97","61","45","13","25","0","15","48","40","176","89","115","130","53","71","53","71","0","15","0","15","53","71","0","15","62","98","0","15","0","15","0","15","0","15","62","98",
"1500000US481130190312","Block Group 2; Census Tract 190.31; Dallas County; Texas","340","114","0","15","0","15","0","15","0","15","0","15","0","15","0","15","0","15","0","15","0","15","0","15","0","15","0","15","0","15","0","15","0","15","0","15","0","15","0","15","0","15","340","114","340","114","102","61","12","24","18","26","72","57","238","101","0","15","0","15","0","15","0","15","0","15","0","15","0","15","0","15","0","15","0","15","0","15","0","15","0","15",
"1500000US481130190313","Block Group 3; Census Tract 190.31; Dallas County; Texas","367","147","0","15","0","15","0","15","0","15","0","15","0","15","0","15","0","15","0","15","0","15","0","15","0","15","0","15","0","15","0","15","0","15","0","15","0","15","0","15","0","15","367","147","327","147","131","91","28","32","12","26","91","100","196","119","40","46","40","46","0","15","0","15","0","15","0","15","40","46","0","15","0","15","0","15","0","15","0","15","0","15",
"1500000US481130190314","Block Group 4; Census Tract 190.31; Dallas County; Texas","365","126","0","15","0","15","0","15","0","15","0","15","0","15","0","15","0","15","0","15","0","15","0","15","0","15","0","15","0","15","0","15","0","15","0","15","0","15","0","15","0","15","365","126","254","116","130","85","49","46","34","54","47","51","124","83","111","82","0","15","0","15","0","15","0","15","0","15","0","15","111","82","67","77","0","15","0","15","67","77","44","46",
"1500000US481130190321","Block Group 1; Census Tract 190.32; Dallas County; Texas","371","135","38","41","38","41","38","41","0","15","0","15","38","41","0","15","0","15","0","15","0","15","0","15","0","15","0","15","0","15","0","15","0","15","0","15","0","15","0","15","0","15","333","125","130","70","39","38","0","15","0","15","39","38","91","59","203","128","29","47","29","47","0","15","0","15","29","47","0","15","174","118","21","26","0","15","0","15","21","26","153","108",
"1500000US481130190322","Block Group 2; Census Tract 190.32; Dallas County; Texas","416","128","43","47","24","36","24","36","0","15","0","15","24","36","0","15","19","28","7","14","7","14","0","15","0","15","7","14","0","15","12","27","12","27","0","15","0","15","12","27","0","15","373","129","220","103","184","101","22","32","30","35","132","98","36","33","153","85","76","61","32","40","17","28","0","15","15","26","44","43","77","66","8","15","0","15","0","15","8","15","69","62",
"1500000US481130190331","Block Group 1; Census Tract 190.33; Dallas County; Texas","500","179","25","41","25","41","25","41","0","15","0","15","25","41","0","15","0","15","0","15","0","15","0","15","0","15","0","15","0","15","0","15","0","15","0","15","0","15","0","15","0","15","475","177","199","92","63","49","13","20","0","15","50","48","136","84","276","186","140","140","44","40","0","15","0","15","44","40","96","134","136","135","109","128","12","20","19","24","78","115","27","29",
"1500000US481130190332","Block Group 2; Census Tract 190.33; Dallas County; Texas","455","100","78","65","51","50","22","36","0","15","0","15","22","36","29","44","27","40","0","15","0","15","0","15","0","15","0","15","0","15","27","40","27","40","0","15","0","15","27","40","0","15","377","99","250","90","171","75","8","14","21","26","142","70","79","59","127","66","42","33","13","19","0","15","0","15","13","19","29","27","85","64","29","45","0","15","0","15","29","45","56","47",
"1500000US481130190341","Block Group 1; Census Tract 190.34; Dallas County; Texas","481","152","77","79","20","25","12","20","12","20","0","15","0","15","8","16","57","75","12","18","0","15","0","15","0","15","0","15","12","18","45","72","45","72","0","15","0","15","45","72","0","15","404","142","256","107","99","74","65","60","19","31","15","26","157","90","148","91","42","40","13","20","0","15","0","15","13","20","29","32","106","88","60","75","0","15","0","15","60","75","46","42",
"1500000US481130190342","Block Group 2; Census Tract 190.34; Dallas County; Texas","4","10","0","15","0","15","0","15","0","15","0","15","0","15","0","15","0","15","0","15","0","15","0","15","0","15","0","15","0","15","0","15","0","15","0","15","0","15","0","15","0","15","4","10","4","10","4","10","4","10","0","15","0","15","0","15","0","15","0","15","0","15","0","15","0","15","0","15","0","15","0","15","0","15","0","15","0","15","0","15","0","15",
"1500000US481130190343","Block Group 3; Census Tract 190.34; Dallas County; Texas","654","159","99","81","55","47","35","41","19","29","16","29","0","15","20","32","44","60","0","15","0","15","0","15","0","15","0","15","0","15","44","60","0","15","0","15","0","15","0","15","44","60","555","157","323","136","189","107","41","39","100","74","48","66","134","86","232","124","78","60","21","22","0","15","0","15","21","22","57","55","154","111","90","78","0","15","0","15","90","78","64","84",
"1500000US481130190351","Block Group 1; Census Tract 190.35; Dallas County; Texas","637","229","163","112","75","66","65","62","0","15","11","19","54","62","10","19","88","86","0","15","0","15","0","15","0","15","0","15","0","15","88","86","62","74","0","15","0","15","62","74","26","42","474","191","366","184","283","156","53","56","92","104","138","112","83","84","108","93","92","90","49","57","0","15","24","38","25","42","43","71","16","27","16","27","16","27","0","15","0","15","0","15",
"1500000US481130190352","Block Group 2; Census Tract 190.35; Dallas County; Texas","282","136","140","126","0","15","0","15","0","15","0","15","0","15","0","15","140","126","19","31","19","31","19","31","0","15","0","15","0","15","121","124","45","60","0","15","30","50","15","35","76","109","142","60","88","50","71","44","0","15","62","48","9","19","17","26","54","48","0","15","0","15","0","15","0","15","0","15","0","15","54","48","32","31","10","22","13","19","9","13","22","37",
"1500000US481130190353","Block Group 3; Census Tract 190.35; Dallas County; Texas","229","120","30","50","0","15","0","15","0","15","0","15","0","15","0","15","30","50","0","15","0","15","0","15","0","15","0","15","0","15","30","50","0","15","0","15","0","15","0","15","30","50","199","111","199","111","97","88","23","33","26","42","48","66","102","75","0","15","0","15","0","15","0","15","0","15","0","15","0","15","0","15","0","15","0","15","0","15","0","15","0","15",
"1500000US481130190361","Block Group 1; Census Tract 190.36; Dallas County; Texas","260","76","20","21","20","21","0","15","0","15","0","15","0","15","20","21","0","15","0","15","0","15","0","15","0","15","0","15","0","15","0","15","0","15","0","15","0","15","0","15","0","15","240","78","171","69","91","53","24","40","30","37","37","43","80","48","69","60","33","49","0","15","0","15","0","15","0","15","33","49","36","33","19","28","0","15","0","15","19","28","17","19",
"1500000US481130190362","Block Group 2; Census Tract 190.36; Dallas County; Texas","585","94","8","12","0","15","0","15","0","15","0","15","0","15","0","15","8","12","8","12","0","15","0","15","0","15","0","15","8","12","0","15","0","15","0","15","0","15","0","15","0","15","577","94","520","97","77","50","65","45","0","15","12","19","443","89","57","43","33","38","18","28","0","15","0","15","18","28","15","24","24","25","10","16","0","15","0","15","10","16","14","17",
"1500000US481130190371","Block Group 1; Census Tract 190.37; Dallas County; Texas","197","70","15","26","15","26","0","15","0","15","0","15","0","15","15","26","0","15","0","15","0","15","0","15","0","15","0","15","0","15","0","15","0","15","0","15","0","15","0","15","0","15","182","68","131","64","0","15","0","15","0","15","0","15","131","64","51","52","34","38","0","15","0","15","0","15","0","15","34","38","17","24","0","15","0","15","0","15","0","15","17","24",
"1500000US481130190372","Block Group 2; Census Tract 190.37; Dallas County; Texas","371","156","43","36","16","19","7","11","0","15","0","15","7","11","9","17","27","33","0","15","0","15","0","15","0","15","0","15","0","15","27","33","27","33","0","15","0","15","27","33","0","15","328","156","218","78","143","67","51","51","27","42","65","53","75","49","110","136","80","131","0","15","0","15","0","15","0","15","80","131","30","39","0","15","0","15","0","15","0","15","30","39",
"1500000US481130190373","Block Group 3; Census Tract 190.37; Dallas County; Texas","280","83","0","15","0","15","0","15","0","15","0","15","0","15","0","15","0","15","0","15","0","15","0","15","0","15","0","15","0","15","0","15","0","15","0","15","0","15","0","15","0","15","280","83","183","72","50","43","21","29","0","15","29","32","133","70","97","62","0","15","0","15","0","15","0","15","0","15","0","15","97","62","68","42","0","15","57","49","11","20","29","38",
"1500000US481130190391","Block Group 1; Census Tract 190.39; Dallas County; Texas","645","264","0","15","0","15","0","15","0","15","0","15","0","15","0","15","0","15","0","15","0","15","0","15","0","15","0","15","0","15","0","15","0","15","0","15","0","15","0","15","0","15","645","264","320","102","70","61","27","40","0","15","43","53","250","107","325","238","0","15","0","15","0","15","0","15","0","15","0","15","325","238","108","142","24","46","84","132","0","15","217","218",
"1500000US481130190392","Block Group 2; Census Tract 190.39; Dallas County; Texas","246","115","19","33","19","33","0","15","0","15","0","15","0","15","19","33","0","15","0","15","0","15","0","15","0","15","0","15","0","15","0","15","0","15","0","15","0","15","0","15","0","15","227","116","213","115","116","103","49","65","12","21","55","76","97","54","14","26","0","15","0","15","0","15","0","15","0","15","0","15","14","26","0","15","0","15","0","15","0","15","14","26",
"1500000US481130190393","Block Group 3; Census Tract 190.39; Dallas County; Texas","661","184","14","31","0","15","0","15","0","15","0","15","0","15","0","15","14","31","0","15","0","15","0","15","0","15","0","15","0","15","14","31","0","15","0","15","0","15","0","15","14","31","647","183","439","148","188","121","64","69","92","104","32","60","251","131","208","136","142","154","47","68","0","15","0","15","47","68","95","142","66","61","38","46","0","15","0","15","38","46","28","46",
"1500000US481130190401","Block Group 1; Census Tract 190.40; Dallas County; Texas","585","291","0","15","0","15","0","15","0","15","0","15","0","15","0","15","0","15","0","15","0","15","0","15","0","15","0","15","0","15","0","15","0","15","0","15","0","15","0","15","0","15","585","291","385","210","148","174","0","15","0","15","148","174","237","138","200","183","81","119","81","119","81","119","0","15","0","15","0","15","119","155","0","15","0","15","0","15","0","15","119","155",
"1500000US481130190402","Block Group 2; Census Tract 190.40; Dallas County; Texas","445","152","0","15","0","15","0","15","0","15","0","15","0","15","0","15","0","15","0","15","0","15","0","15","0","15","0","15","0","15","0","15","0","15","0","15","0","15","0","15","0","15","445","152","393","147","267","110","11","17","151","144","105","120","126","89","52","57","18","38","0","15","0","15","0","15","0","15","18","38","34","46","0","15","0","15","0","15","0","15","34","46",
"1500000US481130190403","Block Group 3; Census Tract 190.40; Dallas County; Texas","272","153","0","15","0","15","0","15","0","15","0","15","0","15","0","15","0","15","0","15","0","15","0","15","0","15","0","15","0","15","0","15","0","15","0","15","0","15","0","15","0","15","272","153","214","142","126","121","104","116","0","15","22","36","88","83","58","64","29","45","0","15","0","15","0","15","0","15","29","45","29","46","0","15","0","15","0","15","0","15","29","46",
"1500000US481130190404","Block Group 4; Census Tract 190.40; Dallas County; Texas","416","377","0","15","0","15","0","15","0","15","0","15","0","15","0","15","0","15","0","15","0","15","0","15","0","15","0","15","0","15","0","15","0","15","0","15","0","15","0","15","0","15","416","377","341","394","273","378","252","376","0","15","21","34","68","71","75","108","0","15","0","15","0","15","0","15","0","15","0","15","75","108","0","15","0","15","0","15","0","15","75","108",
"1500000US481130190405","Block Group 5; Census Tract 190.40; Dallas County; Texas","0","15","0","15","0","15","0","15","0","15","0","15","0","15","0","15","0","15","0","15","0","15","0","15","0","15","0","15","0","15","0","15","0","15","0","15","0","15","0","15","0","15","0","15","0","15","0","15","0","15","0","15","0","15","0","15","0","15","0","15","0","15","0","15","0","15","0","15","0","15","0","15","0","15","0","15","0","15","0","15","0","15",
"1500000US481130190406","Block Group 6; Census Tract 190.40; Dallas County; Texas","156","104","38","33","19","32","19","32","0","15","0","15","19","32","0","15","19","32","0","15","0","15","0","15","0","15","0","15","0","15","19","32","19","32","0","15","0","15","19","32","0","15","118","94","16","27","0","15","0","15","0","15","0","15","16","27","102","94","36","67","36","67","36","67","0","15","0","15","0","15","66","68","0","15","0","15","0","15","0","15","66","68",
"1500000US481130190411","Block Group 1; Census Tract 190.41; Dallas County; Texas","332","103","0","15","0","15","0","15","0","15","0","15","0","15","0","15","0","15","0","15","0","15","0","15","0","15","0","15","0","15","0","15","0","15","0","15","0","15","0","15","0","15","332","103","248","100","152","100","106","95","0","15","46","41","96","59","84","56","0","15","0","15","0","15","0","15","0","15","0","15","84","56","52","58","0","15","0","15","52","58","32","27",
"1500000US481130190412","Block Group 2; Census Tract 190.41; Dallas County; Texas","393","70","9","16","0","15","0","15","0","15","0","15","0","15","0","15","9","16","9","16","0","15","0","15","0","15","0","15","9","16","0","15","0","15","0","15","0","15","0","15","0","15","384","68","325","68","118","54","29","25","23","26","66","46","207","52","59","38","12","21","0","15","0","15","0","15","0","15","12","21","47","33","4","7","0","15","0","15","4","7","43","32",
"1500000US481130190421","Block Group 1; Census Tract 190.42; Dallas County; Texas","252","109","0","15","0","15","0","15","0","15","0","15","0","15","0","15","0","15","0","15","0","15","0","15","0","15","0","15","0","15","0","15","0","15","0","15","0","15","0","15","0","15","252","109","252","109","39","64","10","23","0","15","29","56","213","114","0","15","0","15","0","15","0","15","0","15","0","15","0","15","0","15","0","15","0","15","0","15","0","15","0","15",
"1500000US481130190422","Block Group 2; Census Tract 190.42; Dallas County; Texas","527","192","157","177","157","177","157","177","0","15","157","177","0","15","0","15","0","15","0","15","0","15","0","15","0","15","0","15","0","15","0","15","0","15","0","15","0","15","0","15","0","15","370","158","352","154","158","145","0","15","0","15","158","145","194","104","18","30","0","15","0","15","0","15","0","15","0","15","0","15","18","30","0","15","0","15","0","15","0","15","18","30",
"1500000US481130190423","Block Group 3; Census Tract 190.42; Dallas County; Texas","187","186","0","15","0","15","0","15","0","15","0","15","0","15","0","15","0","15","0","15","0","15","0","15","0","15","0","15","0","15","0","15","0","15","0","15","0","15","0","15","0","15","187","186","160","179","0","15","0","15","0","15","0","15","160","179","27","43","0","15","0","15","0","15","0","15","0","15","0","15","27","43","27","43","0","15","0","15","27","43","0","15",
"1500000US481130190424","Block Group 4; Census Tract 190.42; Dallas County; Texas","189","106","0","15","0","15","0","15","0","15","0","15","0","15","0","15","0","15","0","15","0","15","0","15","0","15","0","15","0","15","0","15","0","15","0","15","0","15","0","15","0","15","189","106","114","89","15","27","15","27","0","15","0","15","99","87","75","72","0","15","0","15","0","15","0","15","0","15","0","15","75","72","0","15","0","15","0","15","0","15","75","72",
"1500000US481130190425","Block Group 5; Census Tract 190.42; Dallas County; Texas","597","323","119","196","0","15","0","15","0","15","0","15","0","15","0","15","119","196","0","15","0","15","0","15","0","15","0","15","0","15","119","196","0","15","0","15","0","15","0","15","119","196","478","282","452","281","168","183","0","15","116","167","52","86","284","181","26","45","0","15","0","15","0","15","0","15","0","15","0","15","26","45","0","15","0","15","0","15","0","15","26","45",
"1500000US481130190426","Block Group 6; Census Tract 190.42; Dallas County; Texas","354","220","42","71","42","71","42","71","42","71","0","15","0","15","0","15","0","15","0","15","0","15","0","15","0","15","0","15","0","15","0","15","0","15","0","15","0","15","0","15","0","15","312","212","47","51","0","15","0","15","0","15","0","15","47","51","265","208","24","39","24","39","24","39","0","15","0","15","0","15","241","206","107","176","0","15","0","15","107","176","134","116",
"1500000US481130190441","Block Group 1; Census Tract 190.44; Dallas County; Texas","378","97","136","111","47","47","7","19","0","15","0","15","7","19","40","50","89","89","89","89","89","89","0","15","0","15","89","89","0","15","0","15","0","15","0","15","0","15","0","15","0","15","242","111","211","103","139","85","30","52","13","25","96","68","72","50","31","32","0","15","0","15","0","15","0","15","0","15","0","15","31","32","0","15","0","15","0","15","0","15","31","32",
"1500000US481130190442","Block Group 2; Census Tract 190.44; Dallas County; Texas","511","140","88","111","0","15","0","15","0","15","0","15","0","15","0","15","88","111","0","15","0","15","0","15","0","15","0","15","0","15","88","111","75","103","75","103","0","15","0","15","13","31","423","146","290","127","127","93","0","15","0","15","127","93","163","84","133","86","80","68","55","62","0","15","0","15","55","62","25","29","53","41","36","35","0","15","0","15","36","35","17","22",
"1500000US481130190451","Block Group 1; Census Tract 190.45; Dallas County; Texas","216","93","69","66","55","66","55","66","0","15","0","15","55","66","0","15","14","27","14","27","14","27","0","15","14","27","0","15","0","15","0","15","0","15","0","15","0","15","0","15","0","15","147","64","95","59","47","39","16","28","0","15","31","31","48","37","52","46","0","15","0","15","0","15","0","15","0","15","0","15","52","46","35","38","0","15","29","38","6","10","17","22",
"1500000US481130190452","Block Group 2; Census Tract 190.45; Dallas County; Texas","348","71","12","21","0","15","0","15","0","15","0","15","0","15","0","15","12","21","0","15","0","15","0","15","0","15","0","15","0","15","12","21","12","21","0","15","0","15","12","21","0","15","336","72","233","95","94","64","12","20","10","23","72","67","139","66","103","56","9","12","3","8","0","15","0","15","3","8","6","8","94","57","57","50","0","15","38","39","19","27","37","36",
"1500000US481130190461","Block Group 1; Census Tract 190.46; Dallas County; Texas","316","115","61","70","50","70","50","70","0","15","0","15","50","70","0","15","11","21","0","15","0","15","0","15","0","15","0","15","0","15","11","21","0","15","0","15","0","15","0","15","11","21","255","84","179","104","82","58","0","15","9","19","73","54","97","77","76","88","46","58","5","11","0","15","0","15","5","11","41","62","30","52","0","15","0","15","0","15","0","15","30","52",
"1500000US481130190462","Block Group 2; Census Tract 190.46; Dallas County; Texas","521","147","81","72","58","64","39","56","0","15","0","15","39","56","19","31","23","33","23","33","0","15","0","15","0","15","0","15","23","33","0","15","0","15","0","15","0","15","0","15","0","15","440","150","326","145","158","107","31","48","34","55","93","70","168","109","114","79","8","13","0","15","0","15","0","15","0","15","8","13","106","79","0","15","0","15","0","15","0","15","106","79",
"1500000US481130190471","Block Group 1; Census Tract 190.47; Dallas County; Texas","655","214","0","15","0","15","0","15","0","15","0","15","0","15","0","15","0","15","0","15","0","15","0","15","0","15","0","15","0","15","0","15","0","15","0","15","0","15","0","15","0","15","655","214","448","99","327","131","0","15","110","121","217","118","121","97","207","213","183","212","0","15","0","15","0","15","0","15","183","212","24","31","0","15","0","15","0","15","0","15","24","31",
"1500000US481130190472","Block Group 2; Census Tract 190.47; Dallas County; Texas","597","247","81","115","0","15","0","15","0","15","0","15","0","15","0","15","81","115","0","15","0","15","0","15","0","15","0","15","0","15","81","115","81","115","0","15","0","15","81","115","0","15","516","256","110","134","20","33","20","33","0","15","0","15","90","129","406","218","92","87","0","15","0","15","0","15","0","15","92","87","314","236","170","173","0","15","0","15","170","173","144","185",
"1500000US481130190481","Block Group 1; Census Tract 190.48; Dallas County; Texas","245","98","12","22","0","15","0","15","0","15","0","15","0","15","0","15","12","22","0","15","0","15","0","15","0","15","0","15","0","15","12","22","12","22","12","22","0","15","0","15","0","15","233","95","170","92","83","58","24","38","35","48","24","30","87","59","63","50","29","30","29","30","0","15","0","15","29","30","0","15","34","38","27","36","0","15","0","15","27","36","7","13",
"1500000US481130190482","Block Group 2; Census Tract 190.48; Dallas County; Texas","666","332","24","48","0","15","0","15","0","15","0","15","0","15","0","15","24","48","0","15","0","15","0","15","0","15","0","15","0","15","24","48","24","48","0","15","0","15","24","48","0","15","642","331","492","330","271","312","14","22","17","27","240","312","221","73","150","92","25","31","0","15","0","15","0","15","0","15","25","31","125","90","53","77","46","74","7","16","0","15","72","54",
"1500000US481130190491","Block Group 1; Census Tract 190.49; Dallas County; Texas","385","180","0","15","0","15","0","15","0","15","0","15","0","15","0","15","0","15","0","15","0","15","0","15","0","15","0","15","0","15","0","15","0","15","0","15","0","15","0","15","0","15","385","180","209","89","47","40","0","15","20","26","27","27","162","84","176","168","6","12","0","15","0","15","0","15","0","15","6","12","170","169","136","161","0","15","125","158","11","19","34","35",
"1500000US481130190492","Block Group 2; Census Tract 190.49; Dallas County; Texas","557","168","257","125","65","74","42","63","0","15","0","15","42","63","23","38","192","114","10","17","0","15","0","15","0","15","0","15","10","17","182","115","169","110","48","63","0","15","121","97","13","16","300","156","141","80","61","48","0","15","23","27","38","38","80","68","159","132","0","15","0","15","0","15","0","15","0","15","0","15","159","132","131","128","36","47","0","15","95","124","28","36",
"1500000US481130190501","Block Group 1; Census Tract 190.50; Dallas County; Texas","596","99","34","36","8","14","0","15","0","15","0","15","0","15","8","14","26","33","0","15","0","15","0","15","0","15","0","15","0","15","26","33","26","33","0","15","0","15","26","33","0","15","562","101","501","91","133","67","31","40","12","20","90","57","368","96","61","58","61","58","24","38","24","38","0","15","0","15","37","41","0","15","0","15","0","15","0","15","0","15","0","15",
"1500000US481130190502","Block Group 2; Census Tract 190.50; Dallas County; Texas","369","221","0","15","0","15","0","15","0","15","0","15","0","15","0","15","0","15","0","15","0","15","0","15","0","15","0","15","0","15","0","15","0","15","0","15","0","15","0","15","0","15","369","221","357","221","181","203","4","10","0","15","177","203","176","69","12","20","12","20","0","15","0","15","0","15","0","15","12","20","0","15","0","15","0","15","0","15","0","15","0","15",
"1500000US481130190511","Block Group 1; Census Tract 190.51; Dallas County; Texas","475","101","18","21","6","12","6","12","0","15","0","15","6","12","0","15","12","18","0","15","0","15","0","15","0","15","0","15","0","15","12","18","0","15","0","15","0","15","0","15","12","18","457","98","447","99","184","62","22","33","56","41","106","50","263","87","10","16","0","15","0","15","0","15","0","15","0","15","0","15","10","16","10","16","0","15","0","15","10","16","0","15",
"1500000US481130190512","Block Group 2; Census Tract 190.51; Dallas County; Texas","532","137","0","15","0","15","0","15","0","15","0","15","0","15","0","15","0","15","0","15","0","15","0","15","0","15","0","15","0","15","0","15","0","15","0","15","0","15","0","15","0","15","532","137","433","139","104","52","0","15","29","32","75","46","329","138","99","62","11","19","0","15","0","15","0","15","0","15","11","19","88","59","30","34","10","16","0","15","20","31","58","54",
"1500000US481130190513","Block Group 3; Census Tract 190.51; Dallas County; Texas","371","74","0","15","0","15","0","15","0","15","0","15","0","15","0","15","0","15","0","15","0","15","0","15","0","15","0","15","0","15","0","15","0","15","0","15","0","15","0","15","0","15","371","74","340","73","54","44","0","15","0","15","54","44","286","80","31","28","0","15","0","15","0","15","0","15","0","15","0","15","31","28","13","24","0","15","13","24","0","15","18","20",
"1500000US481130190521","Block Group 1; Census Tract 190.52; Dallas County; Texas","406","95","40","43","6","10","0","15","0","15","0","15","0","15","6","10","34","42","0","15","0","15","0","15","0","15","0","15","0","15","34","42","34","42","34","42","0","15","0","15","0","15","366","100","191","84","45","47","5","8","34","41","6","15","146","71","175","111","94","90","79","88","0","15","0","15","79","88","15","14","81","77","31","51","0","15","0","15","31","51","50","56",
"1500000US481130190531","Block Group 1; Census Tract 190.53; Dallas County; Texas","152","37","0","15","0","15","0","15","0","15","0","15","0","15","0","15","0","15","0","15","0","15","0","15","0","15","0","15","0","15","0","15","0","15","0","15","0","15","0","15","0","15","152","37","61","53","31","47","25","46","0","15","6","9","30","24","91","73","91","73","91","73","91","73","0","15","0","15","0","15","0","15","0","15","0","15","0","15","0","15","0","15",
"1500000US481130190532","Block Group 2; Census Tract 190.53; Dallas County; Texas","97","68","0","15","0","15","0","15","0","15","0","15","0","15","0","15","0","15","0","15","0","15","0","15","0","15","0","15","0","15","0","15","0","15","0","15","0","15","0","15","0","15","97","68","66","52","20","30","0","15","20","30","0","15","46","42","31","43","6","10","0","15","0","15","0","15","0","15","6","10","25","41","25","41","0","15","0","15","25","41","0","15",
"1500000US481130191011","Block Group 1; Census Tract 191.01; Dallas County; Texas","172","58","9","14","9","14","0","15","0","15","0","15","0","15","9","14","0","15","0","15","0","15","0","15","0","15","0","15","0","15","0","15","0","15","0","15","0","15","0","15","0","15","163","57","123","46","76","29","18","25","27","28","31","25","47","34","40","36","19","26","0","15","0","15","0","15","0","15","19","26","21","20","5","10","0","15","0","15","5","10","16","18",
"1500000US481130191021","Block Group 1; Census Tract 191.02; Dallas County; Texas","290","99","0","15","0","15","0","15","0","15","0","15","0","15","0","15","0","15","0","15","0","15","0","15","0","15","0","15","0","15","0","15","0","15","0","15","0","15","0","15","0","15","290","99","233","84","130","70","18","23","13","15","99","66","103","57","57","45","0","15","0","15","0","15","0","15","0","15","0","15","57","45","8","12","0","15","0","15","8","12","49","45",
"1500000US481130191022","Block Group 2; Census Tract 191.02; Dallas County; Texas","363","134","67","77","9","14","0","15","0","15","0","15","0","15","9","14","58","75","0","15","0","15","0","15","0","15","0","15","0","15","58","75","58","75","0","15","0","15","58","75","0","15","296","95","238","86","103","58","34","30","7","11","62","46","135","69","58","44","6","11","0","15","0","15","0","15","0","15","6","11","52","43","13","21","13","21","0","15","0","15","39","36",
"1500000US481130191023","Block Group 3; Census Tract 191.02; Dallas County; Texas","424","143","102","103","48","49","48","49","0","15","31","43","17","26","0","15","54","88","0","15","0","15","0","15","0","15","0","15","0","15","54","88","54","88","54","88","0","15","0","15","0","15","322","96","247","88","142","76","24","26","24","26","94","71","105","57","75","48","16","24","0","15","0","15","0","15","0","15","16","24","59","42","22","27","0","15","0","15","22","27","37","31",
"1500000US481130192021","Block Group 1; Census Tract 192.02; Dallas County; Texas","303","127","35","46","0","15","0","15","0","15","0","15","0","15","0","15","35","46","8","14","8","14","0","15","0","15","8","14","0","15","27","43","0","15","0","15","0","15","0","15","27","43","268","116","142","73","13","16","0","15","13","16","0","15","129","71","126","103","76","85","27","32","0","15","0","15","27","32","49","75","50","70","50","70","0","15","0","15","50","70","0","15",
"1500000US481130192022","Block Group 2; Census Tract 192.02; Dallas County; Texas","500","153","75","41","31","26","31","26","0","15","0","15","31","26","0","15","44","35","0","15","0","15","0","15","0","15","0","15","0","15","44","35","39","33","0","15","6","12","33","33","5","10","425","151","378","149","206","83","84","61","22","25","100","65","172","158","47","36","37","32","25","28","0","15","0","15","25","28","12","17","10","17","0","15","0","15","0","15","0","15","10","17",
"1500000US481130192023","Block Group 3; Census Tract 192.02; Dallas County; Texas","384","90","44","47","44","47","17","28","0","15","17","28","0","15","27","39","0","15","0","15","0","15","0","15","0","15","0","15","0","15","0","15","0","15","0","15","0","15","0","15","0","15","340","87","290","75","98","54","4","8","14","21","80","50","192","71","50","40","13","21","13","21","0","15","0","15","13","21","0","15","37","34","24","26","0","15","0","15","24","26","13","20",
"1500000US481130192031","Block Group 1; Census Tract 192.03; Dallas County; Texas","212","83","15","22","15","22","15","22","0","15","0","15","15","22","0","15","0","15","0","15","0","15","0","15","0","15","0","15","0","15","0","15","0","15","0","15","0","15","0","15","0","15","197","81","125","72","68","64","6","9","7","12","55","62","57","36","72","56","0","15","0","15","0","15","0","15","0","15","0","15","72","56","13","22","13","22","0","15","0","15","59","52",
"1500000US481130192032","Block Group 2; Census Tract 192.03; Dallas County; Texas","195","73","0","15","0","15","0","15","0","15","0","15","0","15","0","15","0","15","0","15","0","15","0","15","0","15","0","15","0","15","0","15","0","15","0","15","0","15","0","15","0","15","195","73","167","70","100","54","71","56","6","10","23","23","67","49","28","27","0","15","0","15","0","15","0","15","0","15","0","15","28","27","3","6","0","15","0","15","3","6","25","26",
"1500000US481130192033","Block Group 3; Census Tract 192.03; Dallas County; Texas","504","91","0","15","0","15","0","15","0","15","0","15","0","15","0","15","0","15","0","15","0","15","0","15","0","15","0","15","0","15","0","15","0","15","0","15","0","15","0","15","0","15","504","91","465","91","191","47","49","29","29","23","113","44","274","87","39","37","9","14","0","15","0","15","0","15","0","15","9","14","30","34","30","34","14","22","0","15","16","26","0","15",
"1500000US481130192051","Block Group 1; Census Tract 192.05; Dallas County; Texas","349","100","0","15","0","15","0","15","0","15","0","15","0","15","0","15","0","15","0","15","0","15","0","15","0","15","0","15","0","15","0","15","0","15","0","15","0","15","0","15","0","15","349","100","349","100","206","99","16","25","87","68","103","60","143","44","0","15","0","15","0","15","0","15","0","15","0","15","0","15","0","15","0","15","0","15","0","15","0","15","0","15",
"1500000US481130192052","Block Group 2; Census Tract 192.05; Dallas County; Texas","501","162","12","19","0","15","0","15","0","15","0","15","0","15","0","15","12","19","12","19","12","19","0","15","0","15","12","19","0","15","0","15","0","15","0","15","0","15","0","15","0","15","489","159","353","92","191","78","61","38","91","56","39","35","162","69","136","135","0","15","0","15","0","15","0","15","0","15","0","15","136","135","27","29","0","15","0","15","27","29","109","135",
"1500000US481130192053","Block Group 3; Census Tract 192.05; Dallas County; Texas","610","146","8","18","8","18","0","15","0","15","0","15","0","15","8","18","0","15","0","15","0","15","0","15","0","15","0","15","0","15","0","15","0","15","0","15","0","15","0","15","0","15","602","142","504","125","313","109","11","19","80","69","222","108","191","78","98","65","56","52","51","52","0","15","0","15","51","52","5","8","42","39","13","20","0","15","0","15","13","20","29","34",
"1500000US481130192081","Block Group 1; Census Tract 192.08; Dallas County; Texas","226","152","0","15","0","15","0","15","0","15","0","15","0","15","0","15","0","15","0","15","0","15","0","15","0","15","0","15","0","15","0","15","0","15","0","15","0","15","0","15","0","15","226","152","217","149","54","52","35","43","0","15","19","28","163","132","9","47","4","38","0","15","0","15","0","15","0","15","4","38","5","16","5","16","0","15","0","15","5","16","0","15",
"1500000US481130192082","Block Group 2; Census Tract 192.08; Dallas County; Texas","454","234","42","68","0","15","0","15","0","15","0","15","0","15","0","15","42","68","0","15","0","15","0","15","0","15","0","15","0","15","42","68","42","68","42","68","0","15","0","15","0","15","412","225","158","105","109","78","0","15","89","71","20","32","49","57","254","196","107","158","0","15","0","15","0","15","0","15","107","158","147","125","98","117","0","15","0","15","98","117","49","59",
"1500000US481130192083","Block Group 3; Census Tract 192.08; Dallas County; Texas","330","167","85","104","41","69","41","69","0","15","0","15","41","69","0","15","44","65","44","65","44","65","0","15","0","15","44","65","0","15","0","15","0","15","0","15","0","15","0","15","0","15","245","146","0","15","0","15","0","15","0","15","0","15","0","15","245","146","139","116","126","114","0","15","0","15","126","114","13","21","106","110","66","76","31","49","0","15","35","55","40","66",
"1500000US481130192084","Block Group 4; Census Tract 192.08; Dallas County; Texas","131","155","0","15","0","15","0","15","0","15","0","15","0","15","0","15","0","15","0","15","0","15","0","15","0","15","0","15","0","15","0","15","0","15","0","15","0","15","0","15","0","15","131","155","131","155","121","154","0","15","0","15","121","154","10","17","0","15","0","15","0","15","0","15","0","15","0","15","0","15","0","15","0","15","0","15","0","15","0","15","0","15",
"1500000US481130192101","Block Group 1; Census Tract 192.10; Dallas County; Texas","840","181","29","31","29","31","29","31","0","15","13","20","16","24","0","15","0","15","0","15","0","15","0","15","0","15","0","15","0","15","0","15","0","15","0","15","0","15","0","15","0","15","811","185","714","183","410","160","129","134","77","54","204","100","304","80","97","66","33","35","0","15","0","15","0","15","0","15","33","35","64","55","57","54","0","15","0","15","57","54","7","10",
"1500000US481130192102","Block Group 2; Census Tract 192.10; Dallas County; Texas","388","112","4","9","0","15","0","15","0","15","0","15","0","15","0","15","4","9","0","15","0","15","0","15","0","15","0","15","0","15","4","9","4","9","0","15","0","15","4","9","0","15","384","112","355","110","195","97","33","38","46","40","116","77","160","61","29","33","29","33","17","27","0","15","0","15","17","27","12","19","0","15","0","15","0","15","0","15","0","15","0","15",
"1500000US481130192111","Block Group 1; Census Tract 192.11; Dallas County; Texas","248","102","0","15","0","15","0","15","0","15","0","15","0","15","0","15","0","15","0","15","0","15","0","15","0","15","0","15","0","15","0","15","0","15","0","15","0","15","0","15","0","15","248","102","150","97","16","24","16","24","0","15","0","15","134","95","98","60","14","25","0","15","0","15","0","15","0","15","14","25","84","71","68","80","55","79","0","15","13","22","16","26",
"1500000US481130192112","Block Group 2; Census Tract 192.11; Dallas County; Texas","284","124","60","93","0","15","0","15","0","15","0","15","0","15","0","15","60","93","0","15","0","15","0","15","0","15","0","15","0","15","60","93","0","15","0","15","0","15","0","15","60","93","224","82","168","77","39","46","0","15","0","15","39","46","129","71","56","47","0","15","0","15","0","15","0","15","0","15","0","15","56","47","23","27","0","15","0","15","23","27","33","37",
"1500000US481130192113","Block Group 3; Census Tract 192.11; Dallas County; Texas","382","215","0","15","0","15","0","15","0","15","0","15","0","15","0","15","0","15","0","15","0","15","0","15","0","15","0","15","0","15","0","15","0","15","0","15","0","15","0","15","0","15","382","215","183","92","112","94","0","15","93","89","19","32","71","48","199","197","93","144","93","144","0","15","0","15","93","144","0","15","106","128","92","126","0","15","0","15","92","126","14","22",
"1500000US481130192114","Block Group 4; Census Tract 192.11; Dallas County; Texas","233","135","0","15","0","15","0","15","0","15","0","15","0","15","0","15","0","15","0","15","0","15","0","15","0","15","0","15","0","15","0","15","0","15","0","15","0","15","0","15","0","15","233","135","162","93","73","60","15","24","0","15","58","55","89","81","71","96","0","15","0","15","0","15","0","15","0","15","0","15","71","96","71","96","0","15","0","15","71","96","0","15",
"1500000US481130192115","Block Group 5; Census Tract 192.11; Dallas County; Texas","107","84","0","15","0","15","0","15","0","15","0","15","0","15","0","15","0","15","0","15","0","15","0","15","0","15","0","15","0","15","0","15","0","15","0","15","0","15","0","15","0","15","107","84","59","67","0","15","0","15","0","15","0","15","59","67","48","49","0","15","0","15","0","15","0","15","0","15","0","15","48","49","0","15","0","15","0","15","0","15","48","49",
"1500000US481130192121","Block Group 1; Census Tract 192.12; Dallas County; Texas","188","129","54","69","54","69","54","69","39","64","15","27","0","15","0","15","0","15","0","15","0","15","0","15","0","15","0","15","0","15","0","15","0","15","0","15","0","15","0","15","0","15","134","118","0","15","0","15","0","15","0","15","0","15","0","15","134","118","58","91","0","15","0","15","0","15","0","15","58","91","76","90","76","90","0","15","0","15","76","90","0","15",
"1500000US481130192122","Block Group 2; Census Tract 192.12; Dallas County; Texas","327","143","92","88","29","45","29","45","0","15","29","45","0","15","0","15","63","77","0","15","0","15","0","15","0","15","0","15","0","15","63","77","63","77","0","15","63","77","0","15","0","15","235","124","53","65","26","43","0","15","0","15","26","43","27","50","182","122","182","122","67","49","0","15","0","15","67","49","115","138","0","15","0","15","0","15","0","15","0","15","0","15",
"1500000US481130192131","Block Group 1; Census Tract 192.13; Dallas County; Texas","110","80","0","15","0","15","0","15","0","15","0","15","0","15","0","15","0","15","0","15","0","15","0","15","0","15","0","15","0","15","0","15","0","15","0","15","0","15","0","15","0","15","110","80","50","55","11","17","0","15","0","15","11","17","39","53","60","61","27","33","0","15","0","15","0","15","0","15","27","33","33","53","0","15","0","15","0","15","0","15","33","53",
"1500000US481130192132","Block Group 2; Census Tract 192.13; Dallas County; Texas","248","76","22","38","22","38","22","38","22","38","0","15","0","15","0","15","0","15","0","15","0","15","0","15","0","15","0","15","0","15","0","15","0","15","0","15","0","15","0","15","0","15","226","86","127","74","112","79","17","28","58","49","37","51","15","30","99","56","0","15","0","15","0","15","0","15","0","15","0","15","99","56","60","48","0","15","0","15","60","48","39","31",
"1500000US481130192141","Block Group 1; Census Tract 192.14; Dallas County; Texas","263","193","192","193","0","15","0","15","0","15","0","15","0","15","0","15","192","193","0","15","0","15","0","15","0","15","0","15","0","15","192","193","192","193","0","15","0","15","192","193","0","15","71","89","21","41","1","21","0","15","0","15","1","21","20","33","50","77","50","77","50","77","0","15","50","77","0","15","0","15","0","15","0","15","0","15","0","15","0","15","0","15",
"1500000US481130192142","Block Group 2; Census Tract 192.14; Dallas County; Texas","437","177","66","61","36","46","20","33","0","15","20","33","0","15","16","26","30","46","0","15","0","15","0","15","0","15","0","15","0","15","30","46","30","46","0","15","30","46","0","15","0","15","371","174","288","163","147","131","13","20","24","38","110","127","141","95","83","67","18","30","18","30","0","15","0","15","18","30","0","15","65","61","16","27","16","27","0","15","0","15","49","54",
"1500000US481130192143","Block Group 3; Census Tract 192.14; Dallas County; Texas","262","132","0","15","0","15","0","15","0","15","0","15","0","15","0","15","0","15","0","15","0","15","0","15","0","15","0","15","0","15","0","15","0","15","0","15","0","15","0","15","0","15","262","132","62","48","62","48","0","15","36","43","26","50","0","15","200","129","81","129","81","129","0","15","0","15","81","129","0","15","119","79","119","79","15","23","0","15","104","78","0","15",
"1500000US481130192151","Block Group 1; Census Tract 192.15; Dallas County; Texas","87","41","10","18","10","18","10","18","0","15","0","15","10","18","0","15","0","15","0","15","0","15","0","15","0","15","0","15","0","15","0","15","0","15","0","15","0","15","0","15","0","15","77","40","68","39","14","22","0","15","10","19","4","10","54","36","9","16","0","15","0","15","0","15","0","15","0","15","0","15","9","16","0","15","0","15","0","15","0","15","9","16",
"1500000US481130192152","Block Group 2; Census Tract 192.15; Dallas County; Texas","364","81","0","15","0","15","0","15","0","15","0","15","0","15","0","15","0","15","0","15","0","15","0","15","0","15","0","15","0","15","0","15","0","15","0","15","0","15","0","15","0","15","364","81","240","84","213","82","16","26","23","38","174","60","27","24","124","82","68","68","68","68","0","15","0","15","68","68","0","15","56","53","14","23","0","15","0","15","14","23","42","44",
"1500000US481130192153","Block Group 3; Census Tract 192.15; Dallas County; Texas","164","59","0","15","0","15","0","15","0","15","0","15","0","15","0","15","0","15","0","15","0","15","0","15","0","15","0","15","0","15","0","15","0","15","0","15","0","15","0","15","0","15","164","59","164","59","66","51","7","14","11","25","48","47","98","44","0","15","0","15","0","15","0","15","0","15","0","15","0","15","0","15","0","15","0","15","0","15","0","15","0","15",
"1500000US481130192161","Block Group 1; Census Tract 192.16; Dallas County; Texas","220","80","7","12","7","12","0","15","0","15","0","15","0","15","7","12","0","15","0","15","0","15","0","15","0","15","0","15","0","15","0","15","0","15","0","15","0","15","0","15","0","15","213","81","120","63","52","44","0","15","0","15","52","44","68","42","93","63","82","61","21","32","0","15","21","32","0","15","61","57","11","18","11","18","0","15","0","15","11","18","0","15",
"1500000US481130192162","Block Group 2; Census Tract 192.16; Dallas County; Texas","267","103","10","16","0","15","0","15","0","15","0","15","0","15","0","15","10","16","0","15","0","15","0","15","0","15","0","15","0","15","10","16","10","16","0","15","0","15","10","16","0","15","257","101","236","98","129","61","10","19","93","71","26","28","107","83","21","28","0","15","0","15","0","15","0","15","0","15","0","15","21","28","14","26","0","15","0","15","14","26","7","11",
"1500000US481130192163","Block Group 3; Census Tract 192.16; Dallas County; Texas","296","97","12","20","0","15","0","15","0","15","0","15","0","15","0","15","12","20","0","15","0","15","0","15","0","15","0","15","0","15","12","20","12","20","0","15","0","15","12","20","0","15","284","102","248","101","106","67","32","39","0","15","74","51","142","65","36","36","22","27","0","15","0","15","0","15","0","15","22","27","14","23","14","23","0","15","0","15","14","23","0","15",
"1500000US481130193011","Block Group 1; Census Tract 193.01; Dallas County; Texas","404","77","0","15","0","15","0","15","0","15","0","15","0","15","0","15","0","15","0","15","0","15","0","15","0","15","0","15","0","15","0","15","0","15","0","15","0","15","0","15","0","15","404","77","355","79","201","51","33","23","14","15","154","46","154","62","49","33","21","28","21","28","0","15","0","15","21","28","0","15","28","20","15","15","0","15","0","15","15","15","13","13",
"1500000US481130193012","Block Group 2; Census Tract 193.01; Dallas County; Texas","540","123","5","8","5","8","5","8","0","15","0","15","5","8","0","15","0","15","0","15","0","15","0","15","0","15","0","15","0","15","0","15","0","15","0","15","0","15","0","15","0","15","535","122","504","126","209","55","13","14","4","7","192","53","295","113","31","32","31","32","31","32","0","15","0","15","31","32","0","15","0","15","0","15","0","15","0","15","0","15","0","15",
"1500000US481130193021","Block Group 1; Census Tract 193.02; Dallas County; Texas","193","63","17","19","8","13","0","15","0","15","0","15","0","15","8","13","9","14","0","15","0","15","0","15","0","15","0","15","0","15","9","14","9","14","0","15","0","15","9","14","0","15","176","61","129","58","58","34","0","15","0","15","58","34","71","47","47","33","7","11","7","11","0","15","0","15","7","11","0","15","40","35","40","35","0","15","0","15","40","35","0","15",
"1500000US481130193022","Block Group 2; Census Tract 193.02; Dallas County; Texas","470","96","5","8","0","15","0","15","0","15","0","15","0","15","0","15","5","8","0","15","0","15","0","15","0","15","0","15","0","15","5","8","5","8","0","15","0","15","5","8","0","15","465","97","450","94","248","86","6","9","27","36","215","73","202","56","15","17","15","17","6","9","0","15","6","9","0","15","9","14","0","15","0","15","0","15","0","15","0","15","0","15",
"1500000US481130194001","Block Group 1; Census Tract 194; Dallas County; Texas","547","115","54","71","54","71","54","71","0","15","0","15","54","71","0","15","0","15","0","15","0","15","0","15","0","15","0","15","0","15","0","15","0","15","0","15","0","15","0","15","0","15","493","116","398","105","234","74","26","30","67","43","141","63","164","75","95","62","29","39","0","15","0","15","0","15","0","15","29","39","66","47","50","38","0","15","0","15","50","38","16","26",
"1500000US481130194002","Block Group 2; Census Tract 194; Dallas County; Texas","570","153","0","15","0","15","0","15","0","15","0","15","0","15","0","15","0","15","0","15","0","15","0","15","0","15","0","15","0","15","0","15","0","15","0","15","0","15","0","15","0","15","570","153","481","133","253","89","27","32","77","64","149","74","228","83","89","76","14","24","0","15","0","15","0","15","0","15","14","24","75","77","60","71","0","15","0","15","60","71","15","26",
"1500000US481130195011","Block Group 1; Census Tract 195.01; Dallas County; Texas","614","239","0","15","0","15","0","15","0","15","0","15","0","15","0","15","0","15","0","15","0","15","0","15","0","15","0","15","0","15","0","15","0","15","0","15","0","15","0","15","0","15","614","239","567","233","305","198","15","25","50","47","240","181","262","136","47","67","47","67","47","67","0","15","0","15","47","67","0","15","0","15","0","15","0","15","0","15","0","15","0","15",
"1500000US481130195012","Block Group 2; Census Tract 195.01; Dallas County; Texas","286","119","0","15","0","15","0","15","0","15","0","15","0","15","0","15","0","15","0","15","0","15","0","15","0","15","0","15","0","15","0","15","0","15","0","15","0","15","0","15","0","15","286","119","286","119","90","64","0","15","0","15","90","64","196","95","0","15","0","15","0","15","0","15","0","15","0","15","0","15","0","15","0","15","0","15","0","15","0","15","0","15",
"1500000US481130195013","Block Group 3; Census Tract 195.01; Dallas County; Texas","407","155","0","15","0","15","0","15","0","15","0","15","0","15","0","15","0","15","0","15","0","15","0","15","0","15","0","15","0","15","0","15","0","15","0","15","0","15","0","15","0","15","407","155","386","149","254","132","79","58","9","15","166","126","132","88","21","35","0","15","0","15","0","15","0","15","0","15","0","15","21","35","21","35","21","35","0","15","0","15","0","15",
"1500000US481130195014","Block Group 4; Census Tract 195.01; Dallas County; Texas","751","270","17","27","17","27","17","27","0","15","17","27","0","15","0","15","0","15","0","15","0","15","0","15","0","15","0","15","0","15","0","15","0","15","0","15","0","15","0","15","0","15","734","278","663","257","439","220","88","68","228","213","123","73","224","177","71","76","0","15","0","15","0","15","0","15","0","15","0","15","71","76","19","30","0","15","0","15","19","30","52","70",
"1500000US481130195021","Block Group 1; Census Tract 195.02; Dallas County; Texas","378","107","0","15","0","15","0","15","0","15","0","15","0","15","0","15","0","15","0","15","0","15","0","15","0","15","0","15","0","15","0","15","0","15","0","15","0","15","0","15","0","15","378","107","229","74","176","68","27","30","19","21","130","63","53","35","149","87","112","90","90","83","0","15","0","15","90","83","22","31","37","31","25","29","0","15","0","15","25","29","12","19",
"1500000US481130195022","Block Group 2; Census Tract 195.02; Dallas County; Texas","802","160","30","28","20","23","10","16","0","15","0","15","10","16","10","16","10","16","0","15","0","15","0","15","0","15","0","15","0","15","10","16","10","16","0","15","0","15","10","16","0","15","772","160","700","147","385","133","57","42","46","45","282","131","315","92","72","60","37","52","37","52","0","15","0","15","37","52","0","15","35","31","21","24","0","15","0","15","21","24","14","22",
"1500000US481130196001","Block Group 1; Census Tract 196; Dallas County; Texas","410","83","59","60","59","60","30","46","30","46","0","15","0","15","29","36","0","15","0","15","0","15","0","15","0","15","0","15","0","15","0","15","0","15","0","15","0","15","0","15","0","15","351","75","342","74","143","46","5","8","19","19","119","50","199","60","9","14","0","15","0","15","0","15","0","15","0","15","0","15","9","14","9","14","0","15","0","15","9","14","0","15",
"1500000US481130196002","Block Group 2; Census Tract 196; Dallas County; Texas","212","56","10","15","10","15","0","15","0","15","0","15","0","15","10","15","0","15","0","15","0","15","0","15","0","15","0","15","0","15","0","15","0","15","0","15","0","15","0","15","0","15","202","55","166","53","79","39","13","14","7","11","59","35","87","41","36","27","26","23","19","22","0","15","0","15","19","22","7","10","10","15","10","15","0","15","0","15","10","15","0","15",
"1500000US481130197001","Block Group 1; Census Tract 197; Dallas County; Texas","496","87","0","15","0","15","0","15","0","15","0","15","0","15","0","15","0","15","0","15","0","15","0","15","0","15","0","15","0","15","0","15","0","15","0","15","0","15","0","15","0","15","496","87","485","86","182","48","19","16","42","24","121","42","303","82","11","13","8","12","8","12","0","15","0","15","8","12","0","15","3","5","3","5","0","15","0","15","3","5","0","15",
"1500000US481130198001","Block Group 1; Census Tract 198; Dallas County; Texas","620","167","21","27","0","15","0","15","0","15","0","15","0","15","0","15","21","27","0","15","0","15","0","15","0","15","0","15","0","15","21","27","21","27","0","15","0","15","21","27","0","15","599","164","567","160","330","143","82","58","33","39","215","144","237","93","32","43","0","15","0","15","0","15","0","15","0","15","0","15","32","43","22","33","0","15","0","15","22","33","10","16",
"1500000US481130198002","Block Group 2; Census Tract 198; Dallas County; Texas","393","132","17","27","17","27","17","27","0","15","0","15","17","27","0","15","0","15","0","15","0","15","0","15","0","15","0","15","0","15","0","15","0","15","0","15","0","15","0","15","0","15","376","128","337","126","89","89","0","15","19","31","70","84","248","97","39","38","17","27","17","27","0","15","0","15","17","27","0","15","22","27","16","25","0","15","0","15","16","25","6","11",
"1500000US481130198003","Block Group 3; Census Tract 198; Dallas County; Texas","374","102","7","14","0","15","0","15","0","15","0","15","0","15","0","15","7","14","0","15","0","15","0","15","0","15","0","15","0","15","7","14","7","14","0","15","0","15","7","14","0","15","367","101","367","101","193","83","50","49","9","18","134","71","174","68","0","15","0","15","0","15","0","15","0","15","0","15","0","15","0","15","0","15","0","15","0","15","0","15","0","15",
"1500000US481130199001","Block Group 1; Census Tract 199; Dallas County; Texas","461","99","26","37","0","15","0","15","0","15","0","15","0","15","0","15","26","37","0","15","0","15","0","15","0","15","0","15","0","15","26","37","26","37","0","15","0","15","26","37","0","15","435","94","288","89","110","50","53","44","13","20","44","33","178","88","147","71","16","24","0","15","0","15","0","15","0","15","16","24","131","69","72","50","22","33","16","26","34","37","59","52",
"1500000US481130199002","Block Group 2; Census Tract 199; Dallas County; Texas","377","95","34","40","20","30","0","15","0","15","0","15","0","15","20","30","14","23","14","23","0","15","0","15","0","15","0","15","14","23","0","15","0","15","0","15","0","15","0","15","0","15","343","97","151","78","124","67","21","33","14","22","89","56","27","37","192","113","96","68","34","52","0","15","0","15","34","52","62","50","96","80","4","20","0","15","0","15","4","20","92","82",
"1500000US481130200001","Block Group 1; Census Tract 200; Dallas County; Texas","1145","194","32","45","32","45","32","45","0","15","0","15","32","45","0","15","0","15","0","15","0","15","0","15","0","15","0","15","0","15","0","15","0","15","0","15","0","15","0","15","0","15","1113","203","974","195","589","191","32","34","49","36","508","188","385","82","139","89","51","57","51","57","0","15","0","15","51","57","0","15","88","59","88","59","0","15","0","15","88","59","0","15",
"1500000US481130200002","Block Group 2; Census Tract 200; Dallas County; Texas","473","83","9","14","9","14","0","15","0","15","0","15","0","15","9","14","0","15","0","15","0","15","0","15","0","15","0","15","0","15","0","15","0","15","0","15","0","15","0","15","0","15","464","81","411","83","157","64","23","27","10","16","124","55","254","79","53","34","36","32","36","32","7","12","0","15","29","29","0","15","17","17","17","17","0","15","0","15","17","17","0","15",
"1500000US481130201001","Block Group 1; Census Tract 201; Dallas County; Texas","290","90","43","47","20","31","20","31","20","31","0","15","0","15","0","15","23","31","0","15","0","15","0","15","0","15","0","15","0","15","23","31","23","31","0","15","23","31","0","15","0","15","247","82","159","65","50","40","6","9","23","30","21","25","109","56","88","57","57","51","37","45","9","13","0","15","28","44","20","28","31","31","31","31","0","15","0","15","31","31","0","15",
"1500000US481130201002","Block Group 2; Census Tract 201; Dallas County; Texas","246","60","39","45","34","43","34","43","0","15","0","15","34","43","0","15","5","10","0","15","0","15","0","15","0","15","0","15","0","15","5","10","5","10","5","10","0","15","0","15","0","15","207","54","162","53","80","40","0","15","24","24","56","39","82","49","45","27","17","15","3","5","0","15","0","15","3","5","14","15","28","23","8","11","0","15","0","15","8","11","20","19",
"1500000US481130202001","Block Group 1; Census Tract 202; Dallas County; Texas","506","210","76","85","76","85","76","85","0","15","76","85","0","15","0","15","0","15","0","15","0","15","0","15","0","15","0","15","0","15","0","15","0","15","0","15","0","15","0","15","0","15","430","201","306","210","136","107","0","15","0","15","136","107","170","207","124","83","0","15","0","15","0","15","0","15","0","15","0","15","124","83","13","26","0","15","0","15","13","26","111","79",
"1500000US481130202002","Block Group 2; Census Tract 202; Dallas County; Texas","405","267","10","16","0","15","0","15","0","15","0","15","0","15","0","15","10","16","0","15","0","15","0","15","0","15","0","15","0","15","10","16","0","15","0","15","0","15","0","15","10","16","395","266","112","94","105","92","0","15","79","87","26","43","7","14","283","248","28","43","0","15","0","15","0","15","0","15","28","43","255","246","91","99","0","15","9","23","82","100","164","216",
"1500000US481130203001","Block Group 1; Census Tract 203; Dallas County; Texas","0","15","0","15","0","15","0","15","0","15","0","15","0","15","0","15","0","15","0","15","0","15","0","15","0","15","0","15","0","15","0","15","0","15","0","15","0","15","0","15","0","15","0","15","0","15","0","15","0","15","0","15","0","15","0","15","0","15","0","15","0","15","0","15","0","15","0","15","0","15","0","15","0","15","0","15","0","15","0","15","0","15",
"1500000US481130203002","Block Group 2; Census Tract 203; Dallas County; Texas","404","181","0","15","0","15","0","15","0","15","0","15","0","15","0","15","0","15","0","15","0","15","0","15","0","15","0","15","0","15","0","15","0","15","0","15","0","15","0","15","0","15","404","181","185","150","0","15","0","15","0","15","0","15","185","150","219","128","65","78","34","61","0","15","0","15","34","61","31","49","154","125","48","54","29","47","0","15","19","32","106","116",
"1500000US481130203003","Block Group 3; Census Tract 203; Dallas County; Texas","87","89","0","15","0","15","0","15","0","15","0","15","0","15","0","15","0","15","0","15","0","15","0","15","0","15","0","15","0","15","0","15","0","15","0","15","0","15","0","15","0","15","87","89","22","28","0","15","0","15","0","15","0","15","22","28","65","88","65","88","65","88","0","15","65","88","0","15","0","15","0","15","0","15","0","15","0","15","0","15","0","15",
"1500000US481130204011","Block Group 1; Census Tract 204.01; Dallas County; Texas","103","112","0","15","0","15","0","15","0","15","0","15","0","15","0","15","0","15","0","15","0","15","0","15","0","15","0","15","0","15","0","15","0","15","0","15","0","15","0","15","0","15","103","112","78","106","0","15","0","15","0","15","0","15","78","106","25","40","0","15","0","15","0","15","0","15","0","15","0","15","25","40","0","15","0","15","0","15","0","15","25","40",
"1500000US481130204012","Block Group 2; Census Tract 204.01; Dallas County; Texas","136","81","0","15","0","15","0","15","0","15","0","15","0","15","0","15","0","15","0","15","0","15","0","15","0","15","0","15","0","15","0","15","0","15","0","15","0","15","0","15","0","15","136","81","136","81","6","14","6","14","0","15","0","15","130","79","0","15","0","15","0","15","0","15","0","15","0","15","0","15","0","15","0","15","0","15","0","15","0","15","0","15",
"1500000US481130204021","Block Group 1; Census Tract 204.02; Dallas County; Texas","477","207","0","15","0","15","0","15","0","15","0","15","0","15","0","15","0","15","0","15","0","15","0","15","0","15","0","15","0","15","0","15","0","15","0","15","0","15","0","15","0","15","477","207","316","179","46","61","46","61","0","15","0","15","270","179","161","138","0","15","0","15","0","15","0","15","0","15","0","15","161","138","71","118","0","15","0","15","71","118","90","70",
"1500000US481130204022","Block Group 2; Census Tract 204.02; Dallas County; Texas","334","193","75","121","0","15","0","15","0","15","0","15","0","15","0","15","75","121","0","15","0","15","0","15","0","15","0","15","0","15","75","121","75","121","0","15","0","15","75","121","0","15","259","159","217","152","63","48","0","15","0","15","63","48","154","145","42","73","0","15","0","15","0","15","0","15","0","15","0","15","42","73","0","15","0","15","0","15","0","15","42","73",
"1500000US481130205001","Block Group 1; Census Tract 205; Dallas County; Texas","241","157","0","15","0","15","0","15","0","15","0","15","0","15","0","15","0","15","0","15","0","15","0","15","0","15","0","15","0","15","0","15","0","15","0","15","0","15","0","15","0","15","241","157","15","17","0","15","0","15","0","15","0","15","15","17","226","160","111","142","0","15","0","15","0","15","0","15","111","142","115","73","64","85","0","15","0","15","64","85","51","77",
"1500000US481130205002","Block Group 2; Census Tract 205; Dallas County; Texas","339","198","32","37","0","15","0","15","0","15","0","15","0","15","0","15","32","37","0","15","0","15","0","15","0","15","0","15","0","15","32","37","0","15","0","15","0","15","0","15","32","37","307","191","33","33","18","32","0","15","17","24","1","23","15","24","274","179","84","110","0","15","0","15","0","15","0","15","84","110","190","150","140","140","37","50","84","131","19","28","50","63",
"1500000US481130205003","Block Group 3; Census Tract 205; Dallas County; Texas","487","167","102","146","0","15","0","15","0","15","0","15","0","15","0","15","102","146","84","150","77","149","0","15","77","149","0","15","7","11","18","23","18","23","0","15","12","22","6","10","0","15","385","165","362","168","289","120","15","22","18","28","256","113","73","102","23","38","0","15","0","15","0","15","0","15","0","15","0","15","23","38","21","34","21","34","0","15","0","15","2","18",
"1500000US481130206001","Block Group 1; Census Tract 206; Dallas County; Texas","206","53","0","15","0","15","0","15","0","15","0","15","0","15","0","15","0","15","0","15","0","15","0","15","0","15","0","15","0","15","0","15","0","15","0","15","0","15","0","15","0","15","206","53","202","53","50","38","9","13","0","15","41","37","152","42","4","6","0","15","0","15","0","15","0","15","0","15","0","15","4","6","0","15","0","15","0","15","0","15","4","6",
"1500000US481130206002","Block Group 2; Census Tract 206; Dallas County; Texas","433","80","6","10","6","10","6","10","0","15","0","15","6","10","0","15","0","15","0","15","0","15","0","15","0","15","0","15","0","15","0","15","0","15","0","15","0","15","0","15","0","15","427","80","399","77","158","39","14","16","17","21","127","39","241","68","28","30","18","26","0","15","0","15","0","15","0","15","18","26","10","15","0","15","0","15","0","15","0","15","10","15",
"1500000US481130207001","Block Group 1; Census Tract 207; Dallas County; Texas","404","167","0","15","0","15","0","15","0","15","0","15","0","15","0","15","0","15","0","15","0","15","0","15","0","15","0","15","0","15","0","15","0","15","0","15","0","15","0","15","0","15","404","167","287","140","27","48","0","15","0","15","27","48","260","140","117","92","33","51","0","15","0","15","0","15","0","15","33","51","84","80","39","62","0","15","0","15","39","62","45","52",
"1500000US481130207002","Block Group 2; Census Tract 207; Dallas County; Texas","624","186","89","76","89","76","89","76","0","15","89","76","0","15","0","15","0","15","0","15","0","15","0","15","0","15","0","15","0","15","0","15","0","15","0","15","0","15","0","15","0","15","535","199","484","183","239","177","112","133","0","15","127","117","245","94","51","79","0","15","0","15","0","15","0","15","0","15","0","15","51","79","51","79","0","15","0","15","51","79","0","15",
"1500000US481130207003","Block Group 3; Census Tract 207; Dallas County; Texas","100","67","0","15","0","15","0","15","0","15","0","15","0","15","0","15","0","15","0","15","0","15","0","15","0","15","0","15","0","15","0","15","0","15","0","15","0","15","0","15","0","15","100","67","100","67","23","34","23","34","0","15","0","15","77","51","0","15","0","15","0","15","0","15","0","15","0","15","0","15","0","15","0","15","0","15","0","15","0","15","0","15",
"1500000US481130207004","Block Group 4; Census Tract 207; Dallas County; Texas","310","170","0","15","0","15","0","15","0","15","0","15","0","15","0","15","0","15","0","15","0","15","0","15","0","15","0","15","0","15","0","15","0","15","0","15","0","15","0","15","0","15","310","170","282","167","29","65","0","15","0","15","29","65","253","154","28","30","0","15","0","15","0","15","0","15","0","15","0","15","28","30","0","15","0","15","0","15","0","15","28","30",
"1500000US481130208001","Block Group 1; Census Tract 208; Dallas County; Texas","464","275","147","170","0","15","0","15","0","15","0","15","0","15","0","15","147","170","0","15","0","15","0","15","0","15","0","15","0","15","147","170","86","127","70","121","0","15","16","25","61","104","317","226","136","95","120","90","0","15","67","91","53","59","16","26","181","206","62","88","19","43","0","15","0","15","19","43","43","74","119","188","119","188","0","15","0","15","119","188","0","15",
"1500000US481130208002","Block Group 2; Census Tract 208; Dallas County; Texas","452","246","0","15","0","15","0","15","0","15","0","15","0","15","0","15","0","15","0","15","0","15","0","15","0","15","0","15","0","15","0","15","0","15","0","15","0","15","0","15","0","15","452","246","228","192","100","163","0","15","100","163","0","15","128","99","224","172","149","163","24","43","0","15","24","43","0","15","125","157","75","75","0","15","0","15","0","15","0","15","75","75",
"1500000US481130208003","Block Group 3; Census Tract 208; Dallas County; Texas","613","281","185","151","62","91","62","91","0","15","0","15","62","91","0","15","123","119","0","15","0","15","0","15","0","15","0","15","0","15","123","119","123","119","0","15","0","15","123","119","0","15","428","247","129","161","93","144","0","15","93","144","0","15","36","67","299","188","75","92","29","48","0","15","29","48","0","15","46","79","224","148","164","131","0","15","30","46","134","129","60","69",
"1500000US481130208004","Block Group 4; Census Tract 208; Dallas County; Texas","335","201","0","15","0","15","0","15","0","15","0","15","0","15","0","15","0","15","0","15","0","15","0","15","0","15","0","15","0","15","0","15","0","15","0","15","0","15","0","15","0","15","335","201","116","82","0","15","0","15","0","15","0","15","116","82","219","237","11","35","11","35","11","35","0","15","0","15","0","15","208","227","186","229","0","15","0","15","186","229","22","44",
"1500000US481130209001","Block Group 1; Census Tract 209; Dallas County; Texas","337","155","11","18","0","15","0","15","0","15","0","15","0","15","0","15","11","18","11","18","0","15","0","15","0","15","0","15","11","18","0","15","0","15","0","15","0","15","0","15","0","15","326","158","75","74","0","15","0","15","0","15","0","15","75","74","251","143","49","44","32","47","0","15","17","44","15","29","17","29","202","165","65","56","17","28","0","15","48","51","137","160",
"1500000US481130209002","Block Group 2; Census Tract 209; Dallas County; Texas","87","75","0","15","0","15","0","15","0","15","0","15","0","15","0","15","0","15","0","15","0","15","0","15","0","15","0","15","0","15","0","15","0","15","0","15","0","15","0","15","0","15","87","75","66","66","48","64","0","15","0","15","48","64","18","27","21","37","21","37","0","15","0","15","0","15","0","15","21","37","0","15","0","15","0","15","0","15","0","15","0","15",
"1500000US481130210001","Block Group 1; Census Tract 210; Dallas County; Texas","178","147","98","117","67","107","67","107","0","15","67","107","0","15","0","15","31","49","0","15","0","15","0","15","0","15","0","15","0","15","31","49","31","49","0","15","0","15","31","49","0","15","80","93","24","38","24","38","24","38","0","15","0","15","0","15","56","86","0","15","0","15","0","15","0","15","0","15","0","15","56","86","0","15","0","15","0","15","0","15","56","86",
"1500000US481130210002","Block Group 2; Census Tract 210; Dallas County; Texas","405","237","185","188","0","15","0","15","0","15","0","15","0","15","0","15","185","188","0","15","0","15","0","15","0","15","0","15","0","15","185","188","0","15","0","15","0","15","0","15","185","188","220","142","76","134","76","134","0","15","0","15","76","134","0","15","144","123","86","99","0","15","0","15","0","15","0","15","86","99","58","69","24","44","0","15","0","15","24","44","34","52",
"1500000US481130210003","Block Group 3; Census Tract 210; Dallas County; Texas","268","159","34","55","0","15","0","15","0","15","0","15","0","15","0","15","34","55","0","15","0","15","0","15","0","15","0","15","0","15","34","55","0","15","0","15","0","15","0","15","34","55","234","158","122","118","0","15","0","15","0","15","0","15","122","118","112","94","12","19","0","15","0","15","0","15","0","15","12","19","100","92","46","74","0","15","0","15","46","74","54","52",
"1500000US481130210004","Block Group 4; Census Tract 210; Dallas County; Texas","379","234","260","218","238","207","0","15","0","15","0","15","0","15","238","207","22","37","0","15","0","15","0","15","0","15","0","15","0","15","22","37","0","15","0","15","0","15","0","15","22","37","119","106","75","98","51","89","0","15","0","15","51","89","24","39","44","51","0","15","0","15","0","15","0","15","0","15","0","15","44","51","25","40","0","15","0","15","25","40","19","30",
"1500000US481130211001","Block Group 1; Census Tract 211; Dallas County; Texas","502","281","109","122","0","15","0","15","0","15","0","15","0","15","0","15","109","122","0","15","0","15","0","15","0","15","0","15","0","15","109","122","109","122","0","15","109","122","0","15","0","15","393","223","267","203","224","207","62","96","35","51","127","179","43","52","126","115","46","59","0","15","0","15","0","15","0","15","46","59","80","105","73","106","0","15","0","15","73","106","7","18",
"1500000US481130211002","Block Group 2; Census Tract 211; Dallas County; Texas","339","100","83","76","64","66","64","66","0","15","0","15","64","66","0","15","19","31","0","15","0","15","0","15","0","15","0","15","0","15","19","31","0","15","0","15","0","15","0","15","19","31","256","97","80","64","26","39","0","15","26","39","0","15","54","55","176","86","78","74","55","69","55","69","0","15","0","15","23","35","98","57","49","51","0","15","0","15","49","51","49","35",
"1500000US481130212001","Block Group 1; Census Tract 212; Dallas County; Texas","368","155","61","58","38","45","0","15","0","15","0","15","0","15","38","45","23","37","0","15","0","15","0","15","0","15","0","15","0","15","23","37","0","15","0","15","0","15","0","15","23","37","307","152","176","128","48","54","8","28","0","15","40","51","128","113","131","94","36","56","36","56","0","15","0","15","36","56","0","15","95","75","79","69","0","15","0","15","79","69","16","26",
"1500000US481130212002","Block Group 2; Census Tract 212; Dallas County; Texas","375","164","48","56","48","56","0","15","0","15","0","15","0","15","48","56","0","15","0","15","0","15","0","15","0","15","0","15","0","15","0","15","0","15","0","15","0","15","0","15","0","15","327","161","139","167","139","167","0","15","0","15","139","167","0","15","188","182","162","176","0","15","0","15","0","15","0","15","162","176","26","41","26","41","0","15","0","15","26","41","0","15",
"1500000US481130212003","Block Group 3; Census Tract 212; Dallas County; Texas","644","197","18","28","18","28","18","28","0","15","18","28","0","15","0","15","0","15","0","15","0","15","0","15","0","15","0","15","0","15","0","15","0","15","0","15","0","15","0","15","0","15","626","191","409","168","242","104","28","36","110","85","104","76","167","130","217","117","73","81","7","11","0","15","0","15","7","11","66","80","144","85","54","58","34","49","0","15","20","31","90","55",
"1500000US481139800001","Block Group 1; Census Tract 9800; Dallas County; Texas","0","15","0","15","0","15","0","15","0","15","0","15","0","15","0","15","0","15","0","15","0","15","0","15","0","15","0","15","0","15","0","15","0","15","0","15","0","15","0","15","0","15","0","15","0","15","0","15","0","15","0","15","0","15","0","15","0","15","0","15","0","15","0","15","0","15","0","15","0","15","0","15","0","15","0","15","0","15","0","15","0","15",
"1500000US481139801001","Block Group 1; Census Tract 9801; Dallas County; Texas","0","15","0","15","0","15","0","15","0","15","0","15","0","15","0","15","0","15","0","15","0","15","0","15","0","15","0","15","0","15","0","15","0","15","0","15","0","15","0","15","0","15","0","15","0","15","0","15","0","15","0","15","0","15","0","15","0","15","0","15","0","15","0","15","0","15","0","15","0","15","0","15","0","15","0","15","0","15","0","15","0","15",
"1500000US481139802001","Block Group 1; Census Tract 9802; Dallas County; Texas","74","67","0","15","0","15","0","15","0","15","0","15","0","15","0","15","0","15","0","15","0","15","0","15","0","15","0","15","0","15","0","15","0","15","0","15","0","15","0","15","0","15","74","67","74","67","15","24","15","24","0","15","0","15","59","61","0","15","0","15","0","15","0","15","0","15","0","15","0","15","0","15","0","15","0","15","0","15","0","15","0","15",
